{"level":"info","message":"::1 - - [15/May/2022:18:59:17 +0000] \"GET / HTTP/1.1\" 200 6115 \"-\" \"Mozilla/5.0 (X11; Linux x86_64) AppleWebKit/537.36 (KHTML, like Gecko) Chrome/101.0.4951.64 Safari/537.36\"\n"}
{"level":"info","message":"::1 - - [15/May/2022:18:59:17 +0000] \"GET /css/styles.css HTTP/1.1\" 304 - \"http://localhost:3000/\" \"Mozilla/5.0 (X11; Linux x86_64) AppleWebKit/537.36 (KHTML, like Gecko) Chrome/101.0.4951.64 Safari/537.36\"\n"}
{"level":"info","message":"::1 - - [15/May/2022:18:59:17 +0000] \"GET /css/bootstrap-rtl.css HTTP/1.1\" 304 - \"http://localhost:3000/\" \"Mozilla/5.0 (X11; Linux x86_64) AppleWebKit/537.36 (KHTML, like Gecko) Chrome/101.0.4951.64 Safari/537.36\"\n"}
{"level":"info","message":"::1 - - [15/May/2022:18:59:17 +0000] \"GET /css/font-awesome.css HTTP/1.1\" 304 - \"http://localhost:3000/\" \"Mozilla/5.0 (X11; Linux x86_64) AppleWebKit/537.36 (KHTML, like Gecko) Chrome/101.0.4951.64 Safari/537.36\"\n"}
{"level":"info","message":"::1 - - [15/May/2022:18:59:17 +0000] \"GET /js/jquery.slim.min.js HTTP/1.1\" 304 - \"http://localhost:3000/\" \"Mozilla/5.0 (X11; Linux x86_64) AppleWebKit/537.36 (KHTML, like Gecko) Chrome/101.0.4951.64 Safari/537.36\"\n"}
{"level":"info","message":"::1 - - [15/May/2022:18:59:17 +0000] \"GET /js/bootstrap.min.js HTTP/1.1\" 304 - \"http://localhost:3000/\" \"Mozilla/5.0 (X11; Linux x86_64) AppleWebKit/537.36 (KHTML, like Gecko) Chrome/101.0.4951.64 Safari/537.36\"\n"}
{"level":"info","message":"::1 - - [15/May/2022:18:59:17 +0000] \"GET /uploads/thumbnails/Pk1u6hini_index.jpeg HTTP/1.1\" 304 - \"http://localhost:3000/\" \"Mozilla/5.0 (X11; Linux x86_64) AppleWebKit/537.36 (KHTML, like Gecko) Chrome/101.0.4951.64 Safari/537.36\"\n"}
{"level":"info","message":"::1 - - [15/May/2022:18:59:17 +0000] \"GET /uploads/thumbnails/HWyrcXSaK_how-easy-is-it-to-learn-german.png HTTP/1.1\" 304 - \"http://localhost:3000/\" \"Mozilla/5.0 (X11; Linux x86_64) AppleWebKit/537.36 (KHTML, like Gecko) Chrome/101.0.4951.64 Safari/537.36\"\n"}
{"level":"info","message":"::1 - - [15/May/2022:18:59:17 +0000] \"GET /uploads/thumbnails/ncep0ZsQs_german.jpeg HTTP/1.1\" 304 - \"http://localhost:3000/\" \"Mozilla/5.0 (X11; Linux x86_64) AppleWebKit/537.36 (KHTML, like Gecko) Chrome/101.0.4951.64 Safari/537.36\"\n"}
{"level":"info","message":"::1 - - [15/May/2022:18:59:17 +0000] \"GET /uploads/thumbnails/ HTTP/1.1\" 200 1527 \"http://localhost:3000/\" \"Mozilla/5.0 (X11; Linux x86_64) AppleWebKit/537.36 (KHTML, like Gecko) Chrome/101.0.4951.64 Safari/537.36\"\n"}
{"level":"info","message":"::1 - - [15/May/2022:18:59:17 +0000] \"GET /uploads/YGBzTYXGO_german.jpeg HTTP/1.1\" 304 - \"http://localhost:3000/\" \"Mozilla/5.0 (X11; Linux x86_64) AppleWebKit/537.36 (KHTML, like Gecko) Chrome/101.0.4951.64 Safari/537.36\"\n"}
{"level":"info","message":"::1 - - [15/May/2022:18:59:17 +0000] \"GET /favicon.ico HTTP/1.1\" 304 - \"http://localhost:3000/\" \"Mozilla/5.0 (X11; Linux x86_64) AppleWebKit/537.36 (KHTML, like Gecko) Chrome/101.0.4951.64 Safari/537.36\"\n"}
{"level":"info","message":"::1 - - [15/May/2022:18:59:20 +0000] \"GET /post/6270037067b8e233c14cbdf5 HTTP/1.1\" 500 2133 \"http://localhost:3000/\" \"Mozilla/5.0 (X11; Linux x86_64) AppleWebKit/537.36 (KHTML, like Gecko) Chrome/101.0.4951.64 Safari/537.36\"\n"}
{"level":"info","message":"::1 - - [15/May/2022:19:00:17 +0000] \"GET / HTTP/1.1\" 304 - \"-\" \"Mozilla/5.0 (X11; Linux x86_64) AppleWebKit/537.36 (KHTML, like Gecko) Chrome/101.0.4951.64 Safari/537.36\"\n"}
{"level":"info","message":"::1 - - [15/May/2022:19:00:17 +0000] \"GET /css/styles.css HTTP/1.1\" 304 - \"http://localhost:3000/\" \"Mozilla/5.0 (X11; Linux x86_64) AppleWebKit/537.36 (KHTML, like Gecko) Chrome/101.0.4951.64 Safari/537.36\"\n"}
{"level":"info","message":"::1 - - [15/May/2022:19:00:17 +0000] \"GET /css/bootstrap-rtl.css HTTP/1.1\" 304 - \"http://localhost:3000/\" \"Mozilla/5.0 (X11; Linux x86_64) AppleWebKit/537.36 (KHTML, like Gecko) Chrome/101.0.4951.64 Safari/537.36\"\n"}
{"level":"info","message":"::1 - - [15/May/2022:19:00:17 +0000] \"GET /css/font-awesome.css HTTP/1.1\" 304 - \"http://localhost:3000/\" \"Mozilla/5.0 (X11; Linux x86_64) AppleWebKit/537.36 (KHTML, like Gecko) Chrome/101.0.4951.64 Safari/537.36\"\n"}
{"level":"info","message":"::1 - - [15/May/2022:19:00:17 +0000] \"GET /js/bootstrap.min.js HTTP/1.1\" 304 - \"http://localhost:3000/\" \"Mozilla/5.0 (X11; Linux x86_64) AppleWebKit/537.36 (KHTML, like Gecko) Chrome/101.0.4951.64 Safari/537.36\"\n"}
{"level":"info","message":"::1 - - [15/May/2022:19:00:17 +0000] \"GET /uploads/thumbnails/Pk1u6hini_index.jpeg HTTP/1.1\" 304 - \"http://localhost:3000/\" \"Mozilla/5.0 (X11; Linux x86_64) AppleWebKit/537.36 (KHTML, like Gecko) Chrome/101.0.4951.64 Safari/537.36\"\n"}
{"level":"info","message":"::1 - - [15/May/2022:19:00:17 +0000] \"GET /js/jquery.slim.min.js HTTP/1.1\" 304 - \"http://localhost:3000/\" \"Mozilla/5.0 (X11; Linux x86_64) AppleWebKit/537.36 (KHTML, like Gecko) Chrome/101.0.4951.64 Safari/537.36\"\n"}
{"level":"info","message":"::1 - - [15/May/2022:19:00:17 +0000] \"GET /uploads/thumbnails/HWyrcXSaK_how-easy-is-it-to-learn-german.png HTTP/1.1\" 304 - \"http://localhost:3000/\" \"Mozilla/5.0 (X11; Linux x86_64) AppleWebKit/537.36 (KHTML, like Gecko) Chrome/101.0.4951.64 Safari/537.36\"\n"}
{"level":"info","message":"::1 - - [15/May/2022:19:00:17 +0000] \"GET /uploads/thumbnails/ncep0ZsQs_german.jpeg HTTP/1.1\" 304 - \"http://localhost:3000/\" \"Mozilla/5.0 (X11; Linux x86_64) AppleWebKit/537.36 (KHTML, like Gecko) Chrome/101.0.4951.64 Safari/537.36\"\n"}
{"level":"info","message":"::1 - - [15/May/2022:19:00:17 +0000] \"GET /uploads/thumbnails/ HTTP/1.1\" 304 - \"http://localhost:3000/\" \"Mozilla/5.0 (X11; Linux x86_64) AppleWebKit/537.36 (KHTML, like Gecko) Chrome/101.0.4951.64 Safari/537.36\"\n"}
{"level":"info","message":"::1 - - [15/May/2022:19:00:17 +0000] \"GET /uploads/YGBzTYXGO_german.jpeg HTTP/1.1\" 304 - \"http://localhost:3000/\" \"Mozilla/5.0 (X11; Linux x86_64) AppleWebKit/537.36 (KHTML, like Gecko) Chrome/101.0.4951.64 Safari/537.36\"\n"}
{"level":"info","message":"::1 - - [15/May/2022:19:00:17 +0000] \"GET /favicon.ico HTTP/1.1\" 304 - \"http://localhost:3000/\" \"Mozilla/5.0 (X11; Linux x86_64) AppleWebKit/537.36 (KHTML, like Gecko) Chrome/101.0.4951.64 Safari/537.36\"\n"}
{"level":"info","message":"::1 - - [15/May/2022:19:00:19 +0000] \"GET /post/6270037067b8e233c14cbdf5 HTTP/1.1\" 500 2133 \"http://localhost:3000/\" \"Mozilla/5.0 (X11; Linux x86_64) AppleWebKit/537.36 (KHTML, like Gecko) Chrome/101.0.4951.64 Safari/537.36\"\n"}
{"level":"info","message":"::1 - - [15/May/2022:19:00:37 +0000] \"GET /post/6270037067b8e233c14cbdf5 HTTP/1.1\" 500 2133 \"http://localhost:3000/\" \"Mozilla/5.0 (X11; Linux x86_64) AppleWebKit/537.36 (KHTML, like Gecko) Chrome/101.0.4951.64 Safari/537.36\"\n"}
{"level":"info","message":"::1 - - [15/May/2022:19:00:44 +0000] \"GET /post/6270037067b8e233c14cbdf5 HTTP/1.1\" 500 2133 \"http://localhost:3000/\" \"Mozilla/5.0 (X11; Linux x86_64) AppleWebKit/537.36 (KHTML, like Gecko) Chrome/101.0.4951.64 Safari/537.36\"\n"}
{"level":"info","message":"::1 - - [15/May/2022:19:24:06 +0000] \"GET /users/login HTTP/1.1\" 200 2016 \"-\" \"Mozilla/5.0 (X11; Linux x86_64) AppleWebKit/537.36 (KHTML, like Gecko) Chrome/101.0.4951.64 Safari/537.36\"\n"}
{"level":"info","message":"::1 - - [15/May/2022:19:24:06 +0000] \"GET /css/styles.css HTTP/1.1\" 304 - \"http://localhost:3000/users/login\" \"Mozilla/5.0 (X11; Linux x86_64) AppleWebKit/537.36 (KHTML, like Gecko) Chrome/101.0.4951.64 Safari/537.36\"\n"}
{"level":"info","message":"::1 - - [15/May/2022:19:24:06 +0000] \"GET /css/font-awesome.css HTTP/1.1\" 304 - \"http://localhost:3000/users/login\" \"Mozilla/5.0 (X11; Linux x86_64) AppleWebKit/537.36 (KHTML, like Gecko) Chrome/101.0.4951.64 Safari/537.36\"\n"}
{"level":"info","message":"::1 - - [15/May/2022:19:24:06 +0000] \"GET /css/bootstrap-rtl.css HTTP/1.1\" 304 - \"http://localhost:3000/users/login\" \"Mozilla/5.0 (X11; Linux x86_64) AppleWebKit/537.36 (KHTML, like Gecko) Chrome/101.0.4951.64 Safari/537.36\"\n"}
{"level":"info","message":"::1 - - [15/May/2022:19:24:06 +0000] \"GET /css/signin.css HTTP/1.1\" 304 - \"http://localhost:3000/users/login\" \"Mozilla/5.0 (X11; Linux x86_64) AppleWebKit/537.36 (KHTML, like Gecko) Chrome/101.0.4951.64 Safari/537.36\"\n"}
{"level":"info","message":"::1 - - [15/May/2022:19:24:06 +0000] \"GET /js/jquery.slim.min.js HTTP/1.1\" 304 - \"http://localhost:3000/users/login\" \"Mozilla/5.0 (X11; Linux x86_64) AppleWebKit/537.36 (KHTML, like Gecko) Chrome/101.0.4951.64 Safari/537.36\"\n"}
{"level":"info","message":"::1 - - [15/May/2022:19:24:06 +0000] \"GET /js/bootstrap.min.js HTTP/1.1\" 304 - \"http://localhost:3000/users/login\" \"Mozilla/5.0 (X11; Linux x86_64) AppleWebKit/537.36 (KHTML, like Gecko) Chrome/101.0.4951.64 Safari/537.36\"\n"}
{"level":"info","message":"::1 - - [15/May/2022:19:24:06 +0000] \"GET /js/jquery.slim.min.js HTTP/1.1\" 304 - \"http://localhost:3000/users/login\" \"Mozilla/5.0 (X11; Linux x86_64) AppleWebKit/537.36 (KHTML, like Gecko) Chrome/101.0.4951.64 Safari/537.36\"\n"}
{"level":"info","message":"::1 - - [15/May/2022:19:24:06 +0000] \"GET /js/bootstrap.min.js HTTP/1.1\" 304 - \"http://localhost:3000/users/login\" \"Mozilla/5.0 (X11; Linux x86_64) AppleWebKit/537.36 (KHTML, like Gecko) Chrome/101.0.4951.64 Safari/537.36\"\n"}
{"level":"info","message":"::1 - - [15/May/2022:19:24:06 +0000] \"GET /fonts/BYekan-webfont.woff HTTP/1.1\" 304 - \"http://localhost:3000/css/styles.css\" \"Mozilla/5.0 (X11; Linux x86_64) AppleWebKit/537.36 (KHTML, like Gecko) Chrome/101.0.4951.64 Safari/537.36\"\n"}
{"level":"info","message":"::1 - - [15/May/2022:19:24:10 +0000] \"GET /users/forget-password HTTP/1.1\" 500 2328 \"http://localhost:3000/users/login\" \"Mozilla/5.0 (X11; Linux x86_64) AppleWebKit/537.36 (KHTML, like Gecko) Chrome/101.0.4951.64 Safari/537.36\"\n"}
{"level":"info","message":"::1 - - [15/May/2022:19:40:50 +0000] \"GET /users/forget-password HTTP/1.1\" 500 2812 \"http://localhost:3000/users/login\" \"Mozilla/5.0 (X11; Linux x86_64) AppleWebKit/537.36 (KHTML, like Gecko) Chrome/101.0.4951.64 Safari/537.36\"\n"}
{"level":"info","message":"::1 - - [15/May/2022:19:40:51 +0000] \"GET /users/forget-password HTTP/1.1\" 500 2812 \"http://localhost:3000/users/login\" \"Mozilla/5.0 (X11; Linux x86_64) AppleWebKit/537.36 (KHTML, like Gecko) Chrome/101.0.4951.64 Safari/537.36\"\n"}
{"level":"info","message":"::1 - - [15/May/2022:19:41:01 +0000] \"GET /users/forget-password HTTP/1.1\" 500 2812 \"http://localhost:3000/users/login\" \"Mozilla/5.0 (X11; Linux x86_64) AppleWebKit/537.36 (KHTML, like Gecko) Chrome/101.0.4951.64 Safari/537.36\"\n"}
{"level":"info","message":"::1 - - [15/May/2022:19:52:33 +0000] \"GET /users/forget-password HTTP/1.1\" 500 2812 \"http://localhost:3000/users/login\" \"Mozilla/5.0 (X11; Linux x86_64) AppleWebKit/537.36 (KHTML, like Gecko) Chrome/101.0.4951.64 Safari/537.36\"\n"}
{"level":"info","message":"::1 - - [15/May/2022:19:55:23 +0000] \"GET /users/login HTTP/1.1\" 304 - \"-\" \"Mozilla/5.0 (X11; Linux x86_64) AppleWebKit/537.36 (KHTML, like Gecko) Chrome/101.0.4951.64 Safari/537.36\"\n"}
{"level":"info","message":"::1 - - [15/May/2022:19:55:23 +0000] \"GET /css/styles.css HTTP/1.1\" 304 - \"http://localhost:3000/users/login\" \"Mozilla/5.0 (X11; Linux x86_64) AppleWebKit/537.36 (KHTML, like Gecko) Chrome/101.0.4951.64 Safari/537.36\"\n"}
{"level":"info","message":"::1 - - [15/May/2022:19:55:23 +0000] \"GET /css/font-awesome.css HTTP/1.1\" 304 - \"http://localhost:3000/users/login\" \"Mozilla/5.0 (X11; Linux x86_64) AppleWebKit/537.36 (KHTML, like Gecko) Chrome/101.0.4951.64 Safari/537.36\"\n"}
{"level":"info","message":"::1 - - [15/May/2022:19:55:23 +0000] \"GET /css/bootstrap-rtl.css HTTP/1.1\" 304 - \"http://localhost:3000/users/login\" \"Mozilla/5.0 (X11; Linux x86_64) AppleWebKit/537.36 (KHTML, like Gecko) Chrome/101.0.4951.64 Safari/537.36\"\n"}
{"level":"info","message":"::1 - - [15/May/2022:19:55:23 +0000] \"GET /css/signin.css HTTP/1.1\" 304 - \"http://localhost:3000/users/login\" \"Mozilla/5.0 (X11; Linux x86_64) AppleWebKit/537.36 (KHTML, like Gecko) Chrome/101.0.4951.64 Safari/537.36\"\n"}
{"level":"info","message":"::1 - - [15/May/2022:19:55:23 +0000] \"GET /js/bootstrap.min.js HTTP/1.1\" 304 - \"http://localhost:3000/users/login\" \"Mozilla/5.0 (X11; Linux x86_64) AppleWebKit/537.36 (KHTML, like Gecko) Chrome/101.0.4951.64 Safari/537.36\"\n"}
{"level":"info","message":"::1 - - [15/May/2022:19:55:23 +0000] \"GET /js/jquery.slim.min.js HTTP/1.1\" 304 - \"http://localhost:3000/users/login\" \"Mozilla/5.0 (X11; Linux x86_64) AppleWebKit/537.36 (KHTML, like Gecko) Chrome/101.0.4951.64 Safari/537.36\"\n"}
{"level":"info","message":"::1 - - [15/May/2022:19:55:24 +0000] \"GET /favicon.ico HTTP/1.1\" 304 - \"http://localhost:3000/users/login\" \"Mozilla/5.0 (X11; Linux x86_64) AppleWebKit/537.36 (KHTML, like Gecko) Chrome/101.0.4951.64 Safari/537.36\"\n"}
{"level":"info","message":"::1 - - [15/May/2022:19:55:25 +0000] \"GET /users/forget-password HTTP/1.1\" 500 2812 \"http://localhost:3000/users/login\" \"Mozilla/5.0 (X11; Linux x86_64) AppleWebKit/537.36 (KHTML, like Gecko) Chrome/101.0.4951.64 Safari/537.36\"\n"}
{"level":"info","message":"::1 - - [15/May/2022:19:56:07 +0000] \"GET /users/forget-password HTTP/1.1\" 200 1449 \"http://localhost:3000/users/login\" \"Mozilla/5.0 (X11; Linux x86_64) AppleWebKit/537.36 (KHTML, like Gecko) Chrome/101.0.4951.64 Safari/537.36\"\n"}
{"level":"info","message":"::1 - - [15/May/2022:19:56:07 +0000] \"GET /css/styles.css HTTP/1.1\" 304 - \"http://localhost:3000/users/forget-password\" \"Mozilla/5.0 (X11; Linux x86_64) AppleWebKit/537.36 (KHTML, like Gecko) Chrome/101.0.4951.64 Safari/537.36\"\n"}
{"level":"info","message":"::1 - - [15/May/2022:19:56:07 +0000] \"GET /css/bootstrap-rtl.css HTTP/1.1\" 304 - \"http://localhost:3000/users/forget-password\" \"Mozilla/5.0 (X11; Linux x86_64) AppleWebKit/537.36 (KHTML, like Gecko) Chrome/101.0.4951.64 Safari/537.36\"\n"}
{"level":"info","message":"::1 - - [15/May/2022:19:56:07 +0000] \"GET /css/font-awesome.css HTTP/1.1\" 304 - \"http://localhost:3000/users/forget-password\" \"Mozilla/5.0 (X11; Linux x86_64) AppleWebKit/537.36 (KHTML, like Gecko) Chrome/101.0.4951.64 Safari/537.36\"\n"}
{"level":"info","message":"::1 - - [15/May/2022:19:56:07 +0000] \"GET /css/signin.css HTTP/1.1\" 304 - \"http://localhost:3000/users/forget-password\" \"Mozilla/5.0 (X11; Linux x86_64) AppleWebKit/537.36 (KHTML, like Gecko) Chrome/101.0.4951.64 Safari/537.36\"\n"}
{"level":"info","message":"::1 - - [15/May/2022:19:56:07 +0000] \"GET /js/jquery.slim.min.js HTTP/1.1\" 304 - \"http://localhost:3000/users/forget-password\" \"Mozilla/5.0 (X11; Linux x86_64) AppleWebKit/537.36 (KHTML, like Gecko) Chrome/101.0.4951.64 Safari/537.36\"\n"}
{"level":"info","message":"::1 - - [15/May/2022:19:56:07 +0000] \"GET /js/bootstrap.min.js HTTP/1.1\" 304 - \"http://localhost:3000/users/forget-password\" \"Mozilla/5.0 (X11; Linux x86_64) AppleWebKit/537.36 (KHTML, like Gecko) Chrome/101.0.4951.64 Safari/537.36\"\n"}
{"level":"info","message":"::1 - - [15/May/2022:19:56:08 +0000] \"GET /fonts/BYekan-webfont.woff HTTP/1.1\" 304 - \"http://localhost:3000/css/styles.css\" \"Mozilla/5.0 (X11; Linux x86_64) AppleWebKit/537.36 (KHTML, like Gecko) Chrome/101.0.4951.64 Safari/537.36\"\n"}
{"level":"info","message":"::1 - - [15/May/2022:19:56:27 +0000] \"POST /users/forget-password HTTP/1.1\" 200 1776 \"http://localhost:3000/users/forget-password\" \"Mozilla/5.0 (X11; Linux x86_64) AppleWebKit/537.36 (KHTML, like Gecko) Chrome/101.0.4951.64 Safari/537.36\"\n"}
{"level":"info","message":"::1 - - [15/May/2022:19:56:27 +0000] \"GET /css/styles.css HTTP/1.1\" 304 - \"http://localhost:3000/users/forget-password\" \"Mozilla/5.0 (X11; Linux x86_64) AppleWebKit/537.36 (KHTML, like Gecko) Chrome/101.0.4951.64 Safari/537.36\"\n"}
{"level":"info","message":"::1 - - [15/May/2022:19:56:27 +0000] \"GET /css/bootstrap-rtl.css HTTP/1.1\" 304 - \"http://localhost:3000/users/forget-password\" \"Mozilla/5.0 (X11; Linux x86_64) AppleWebKit/537.36 (KHTML, like Gecko) Chrome/101.0.4951.64 Safari/537.36\"\n"}
{"level":"info","message":"::1 - - [15/May/2022:19:56:27 +0000] \"GET /css/font-awesome.css HTTP/1.1\" 304 - \"http://localhost:3000/users/forget-password\" \"Mozilla/5.0 (X11; Linux x86_64) AppleWebKit/537.36 (KHTML, like Gecko) Chrome/101.0.4951.64 Safari/537.36\"\n"}
{"level":"info","message":"::1 - - [15/May/2022:19:56:27 +0000] \"GET /css/signin.css HTTP/1.1\" 304 - \"http://localhost:3000/users/forget-password\" \"Mozilla/5.0 (X11; Linux x86_64) AppleWebKit/537.36 (KHTML, like Gecko) Chrome/101.0.4951.64 Safari/537.36\"\n"}
{"level":"info","message":"::1 - - [15/May/2022:19:56:27 +0000] \"GET /js/jquery.slim.min.js HTTP/1.1\" 304 - \"http://localhost:3000/users/forget-password\" \"Mozilla/5.0 (X11; Linux x86_64) AppleWebKit/537.36 (KHTML, like Gecko) Chrome/101.0.4951.64 Safari/537.36\"\n"}
{"level":"info","message":"::1 - - [15/May/2022:19:56:27 +0000] \"GET /js/bootstrap.min.js HTTP/1.1\" 304 - \"http://localhost:3000/users/forget-password\" \"Mozilla/5.0 (X11; Linux x86_64) AppleWebKit/537.36 (KHTML, like Gecko) Chrome/101.0.4951.64 Safari/537.36\"\n"}
{"level":"info","message":"::1 - - [15/May/2022:19:56:27 +0000] \"GET /fonts/BYekan-webfont.woff HTTP/1.1\" 304 - \"http://localhost:3000/css/styles.css\" \"Mozilla/5.0 (X11; Linux x86_64) AppleWebKit/537.36 (KHTML, like Gecko) Chrome/101.0.4951.64 Safari/537.36\"\n"}
{"level":"info","message":"::1 - - [15/May/2022:19:57:07 +0000] \"POST /users/forget-password HTTP/1.1\" 200 1449 \"http://localhost:3000/users/forget-password\" \"Mozilla/5.0 (X11; Linux x86_64) AppleWebKit/537.36 (KHTML, like Gecko) Chrome/101.0.4951.64 Safari/537.36\"\n"}
{"level":"info","message":"::1 - - [15/May/2022:19:57:07 +0000] \"GET /css/styles.css HTTP/1.1\" 304 - \"http://localhost:3000/users/forget-password\" \"Mozilla/5.0 (X11; Linux x86_64) AppleWebKit/537.36 (KHTML, like Gecko) Chrome/101.0.4951.64 Safari/537.36\"\n"}
{"level":"info","message":"::1 - - [15/May/2022:19:57:07 +0000] \"GET /css/font-awesome.css HTTP/1.1\" 304 - \"http://localhost:3000/users/forget-password\" \"Mozilla/5.0 (X11; Linux x86_64) AppleWebKit/537.36 (KHTML, like Gecko) Chrome/101.0.4951.64 Safari/537.36\"\n"}
{"level":"info","message":"::1 - - [15/May/2022:19:57:07 +0000] \"GET /css/bootstrap-rtl.css HTTP/1.1\" 304 - \"http://localhost:3000/users/forget-password\" \"Mozilla/5.0 (X11; Linux x86_64) AppleWebKit/537.36 (KHTML, like Gecko) Chrome/101.0.4951.64 Safari/537.36\"\n"}
{"level":"info","message":"::1 - - [15/May/2022:19:57:07 +0000] \"GET /css/signin.css HTTP/1.1\" 304 - \"http://localhost:3000/users/forget-password\" \"Mozilla/5.0 (X11; Linux x86_64) AppleWebKit/537.36 (KHTML, like Gecko) Chrome/101.0.4951.64 Safari/537.36\"\n"}
{"level":"info","message":"::1 - - [15/May/2022:19:57:07 +0000] \"GET /js/jquery.slim.min.js HTTP/1.1\" 304 - \"http://localhost:3000/users/forget-password\" \"Mozilla/5.0 (X11; Linux x86_64) AppleWebKit/537.36 (KHTML, like Gecko) Chrome/101.0.4951.64 Safari/537.36\"\n"}
{"level":"info","message":"::1 - - [15/May/2022:19:57:07 +0000] \"GET /js/bootstrap.min.js HTTP/1.1\" 304 - \"http://localhost:3000/users/forget-password\" \"Mozilla/5.0 (X11; Linux x86_64) AppleWebKit/537.36 (KHTML, like Gecko) Chrome/101.0.4951.64 Safari/537.36\"\n"}
{"level":"info","message":"::1 - - [15/May/2022:19:57:07 +0000] \"GET /fonts/BYekan-webfont.woff HTTP/1.1\" 304 - \"http://localhost:3000/css/styles.css\" \"Mozilla/5.0 (X11; Linux x86_64) AppleWebKit/537.36 (KHTML, like Gecko) Chrome/101.0.4951.64 Safari/537.36\"\n"}
{"level":"info","message":"::1 - - [15/May/2022:19:57:19 +0000] \"GET /usrets/reset-password/eyJhbGciOiJIUzI1NiIsInR5cCI6IkpXVCJ9.eyJ1c2VySWQiOiI2MjgxMmM5MmEzNGQ2ZDI1YjZlODQ3NzgiLCJpYXQiOjE2NTI2NDQ2MjYsImV4cCI6MTY1MjY0ODIyNn0.uhOI5Q8jE9hk7ExHG47YpQzrYDSJ-Bt_rpjYdDwEgtc HTTP/1.1\" 200 1527 \"-\" \"Mozilla/5.0 (X11; Linux x86_64) AppleWebKit/537.36 (KHTML, like Gecko) Chrome/101.0.4951.64 Safari/537.36\"\n"}
{"level":"info","message":"::1 - - [15/May/2022:19:57:19 +0000] \"GET /css/styles.css HTTP/1.1\" 304 - \"http://localhost:3000/usrets/reset-password/eyJhbGciOiJIUzI1NiIsInR5cCI6IkpXVCJ9.eyJ1c2VySWQiOiI2MjgxMmM5MmEzNGQ2ZDI1YjZlODQ3NzgiLCJpYXQiOjE2NTI2NDQ2MjYsImV4cCI6MTY1MjY0ODIyNn0.uhOI5Q8jE9hk7ExHG47YpQzrYDSJ-Bt_rpjYdDwEgtc\" \"Mozilla/5.0 (X11; Linux x86_64) AppleWebKit/537.36 (KHTML, like Gecko) Chrome/101.0.4951.64 Safari/537.36\"\n"}
{"level":"info","message":"::1 - - [15/May/2022:19:57:19 +0000] \"GET /css/bootstrap-rtl.css HTTP/1.1\" 304 - \"http://localhost:3000/usrets/reset-password/eyJhbGciOiJIUzI1NiIsInR5cCI6IkpXVCJ9.eyJ1c2VySWQiOiI2MjgxMmM5MmEzNGQ2ZDI1YjZlODQ3NzgiLCJpYXQiOjE2NTI2NDQ2MjYsImV4cCI6MTY1MjY0ODIyNn0.uhOI5Q8jE9hk7ExHG47YpQzrYDSJ-Bt_rpjYdDwEgtc\" \"Mozilla/5.0 (X11; Linux x86_64) AppleWebKit/537.36 (KHTML, like Gecko) Chrome/101.0.4951.64 Safari/537.36\"\n"}
{"level":"info","message":"::1 - - [15/May/2022:19:57:19 +0000] \"GET /css/404.css HTTP/1.1\" 304 - \"http://localhost:3000/usrets/reset-password/eyJhbGciOiJIUzI1NiIsInR5cCI6IkpXVCJ9.eyJ1c2VySWQiOiI2MjgxMmM5MmEzNGQ2ZDI1YjZlODQ3NzgiLCJpYXQiOjE2NTI2NDQ2MjYsImV4cCI6MTY1MjY0ODIyNn0.uhOI5Q8jE9hk7ExHG47YpQzrYDSJ-Bt_rpjYdDwEgtc\" \"Mozilla/5.0 (X11; Linux x86_64) AppleWebKit/537.36 (KHTML, like Gecko) Chrome/101.0.4951.64 Safari/537.36\"\n"}
{"level":"info","message":"::1 - - [15/May/2022:19:57:19 +0000] \"GET /js/jquery.slim.min.js HTTP/1.1\" 304 - \"http://localhost:3000/usrets/reset-password/eyJhbGciOiJIUzI1NiIsInR5cCI6IkpXVCJ9.eyJ1c2VySWQiOiI2MjgxMmM5MmEzNGQ2ZDI1YjZlODQ3NzgiLCJpYXQiOjE2NTI2NDQ2MjYsImV4cCI6MTY1MjY0ODIyNn0.uhOI5Q8jE9hk7ExHG47YpQzrYDSJ-Bt_rpjYdDwEgtc\" \"Mozilla/5.0 (X11; Linux x86_64) AppleWebKit/537.36 (KHTML, like Gecko) Chrome/101.0.4951.64 Safari/537.36\"\n"}
{"level":"info","message":"::1 - - [15/May/2022:19:57:19 +0000] \"GET /js/bootstrap.min.js HTTP/1.1\" 304 - \"http://localhost:3000/usrets/reset-password/eyJhbGciOiJIUzI1NiIsInR5cCI6IkpXVCJ9.eyJ1c2VySWQiOiI2MjgxMmM5MmEzNGQ2ZDI1YjZlODQ3NzgiLCJpYXQiOjE2NTI2NDQ2MjYsImV4cCI6MTY1MjY0ODIyNn0.uhOI5Q8jE9hk7ExHG47YpQzrYDSJ-Bt_rpjYdDwEgtc\" \"Mozilla/5.0 (X11; Linux x86_64) AppleWebKit/537.36 (KHTML, like Gecko) Chrome/101.0.4951.64 Safari/537.36\"\n"}
{"level":"info","message":"::1 - - [15/May/2022:19:57:19 +0000] \"GET /css/font-awesome.css HTTP/1.1\" 304 - \"http://localhost:3000/usrets/reset-password/eyJhbGciOiJIUzI1NiIsInR5cCI6IkpXVCJ9.eyJ1c2VySWQiOiI2MjgxMmM5MmEzNGQ2ZDI1YjZlODQ3NzgiLCJpYXQiOjE2NTI2NDQ2MjYsImV4cCI6MTY1MjY0ODIyNn0.uhOI5Q8jE9hk7ExHG47YpQzrYDSJ-Bt_rpjYdDwEgtc\" \"Mozilla/5.0 (X11; Linux x86_64) AppleWebKit/537.36 (KHTML, like Gecko) Chrome/101.0.4951.64 Safari/537.36\"\n"}
{"level":"info","message":"::1 - - [15/May/2022:19:57:19 +0000] \"GET /img/404-bg.png HTTP/1.1\" 304 - \"http://localhost:3000/css/404.css\" \"Mozilla/5.0 (X11; Linux x86_64) AppleWebKit/537.36 (KHTML, like Gecko) Chrome/101.0.4951.64 Safari/537.36\"\n"}
{"level":"info","message":"::1 - - [15/May/2022:19:57:19 +0000] \"GET /fonts/BYekan-webfont.woff HTTP/1.1\" 304 - \"http://localhost:3000/css/styles.css\" \"Mozilla/5.0 (X11; Linux x86_64) AppleWebKit/537.36 (KHTML, like Gecko) Chrome/101.0.4951.64 Safari/537.36\"\n"}
{"level":"info","message":"::1 - - [15/May/2022:19:57:19 +0000] \"GET /fonts/fontawesome-webfont.woff2?v=4.7.0 HTTP/1.1\" 304 - \"http://localhost:3000/css/font-awesome.css\" \"Mozilla/5.0 (X11; Linux x86_64) AppleWebKit/537.36 (KHTML, like Gecko) Chrome/101.0.4951.64 Safari/537.36\"\n"}
{"level":"info","message":"::1 - - [15/May/2022:19:57:45 +0000] \"GET / HTTP/1.1\" 304 - \"http://localhost:3000/usrets/reset-password/eyJhbGciOiJIUzI1NiIsInR5cCI6IkpXVCJ9.eyJ1c2VySWQiOiI2MjgxMmM5MmEzNGQ2ZDI1YjZlODQ3NzgiLCJpYXQiOjE2NTI2NDQ2MjYsImV4cCI6MTY1MjY0ODIyNn0.uhOI5Q8jE9hk7ExHG47YpQzrYDSJ-Bt_rpjYdDwEgtc\" \"Mozilla/5.0 (X11; Linux x86_64) AppleWebKit/537.36 (KHTML, like Gecko) Chrome/101.0.4951.64 Safari/537.36\"\n"}
{"level":"info","message":"::1 - - [15/May/2022:19:57:45 +0000] \"GET /css/styles.css HTTP/1.1\" 304 - \"http://localhost:3000/\" \"Mozilla/5.0 (X11; Linux x86_64) AppleWebKit/537.36 (KHTML, like Gecko) Chrome/101.0.4951.64 Safari/537.36\"\n"}
{"level":"info","message":"::1 - - [15/May/2022:19:57:45 +0000] \"GET /css/bootstrap-rtl.css HTTP/1.1\" 304 - \"http://localhost:3000/\" \"Mozilla/5.0 (X11; Linux x86_64) AppleWebKit/537.36 (KHTML, like Gecko) Chrome/101.0.4951.64 Safari/537.36\"\n"}
{"level":"info","message":"::1 - - [15/May/2022:19:57:45 +0000] \"GET /css/font-awesome.css HTTP/1.1\" 304 - \"http://localhost:3000/\" \"Mozilla/5.0 (X11; Linux x86_64) AppleWebKit/537.36 (KHTML, like Gecko) Chrome/101.0.4951.64 Safari/537.36\"\n"}
{"level":"info","message":"::1 - - [15/May/2022:19:57:45 +0000] \"GET /js/jquery.slim.min.js HTTP/1.1\" 304 - \"http://localhost:3000/\" \"Mozilla/5.0 (X11; Linux x86_64) AppleWebKit/537.36 (KHTML, like Gecko) Chrome/101.0.4951.64 Safari/537.36\"\n"}
{"level":"info","message":"::1 - - [15/May/2022:19:57:45 +0000] \"GET /js/bootstrap.min.js HTTP/1.1\" 304 - \"http://localhost:3000/\" \"Mozilla/5.0 (X11; Linux x86_64) AppleWebKit/537.36 (KHTML, like Gecko) Chrome/101.0.4951.64 Safari/537.36\"\n"}
{"level":"info","message":"::1 - - [15/May/2022:19:57:45 +0000] \"GET /uploads/thumbnails/Pk1u6hini_index.jpeg HTTP/1.1\" 304 - \"http://localhost:3000/\" \"Mozilla/5.0 (X11; Linux x86_64) AppleWebKit/537.36 (KHTML, like Gecko) Chrome/101.0.4951.64 Safari/537.36\"\n"}
{"level":"info","message":"::1 - - [15/May/2022:19:57:45 +0000] \"GET /uploads/thumbnails/HWyrcXSaK_how-easy-is-it-to-learn-german.png HTTP/1.1\" 304 - \"http://localhost:3000/\" \"Mozilla/5.0 (X11; Linux x86_64) AppleWebKit/537.36 (KHTML, like Gecko) Chrome/101.0.4951.64 Safari/537.36\"\n"}
{"level":"info","message":"::1 - - [15/May/2022:19:57:45 +0000] \"GET /uploads/thumbnails/ncep0ZsQs_german.jpeg HTTP/1.1\" 304 - \"http://localhost:3000/\" \"Mozilla/5.0 (X11; Linux x86_64) AppleWebKit/537.36 (KHTML, like Gecko) Chrome/101.0.4951.64 Safari/537.36\"\n"}
{"level":"info","message":"::1 - - [15/May/2022:19:57:45 +0000] \"GET /uploads/YGBzTYXGO_german.jpeg HTTP/1.1\" 304 - \"http://localhost:3000/\" \"Mozilla/5.0 (X11; Linux x86_64) AppleWebKit/537.36 (KHTML, like Gecko) Chrome/101.0.4951.64 Safari/537.36\"\n"}
{"level":"info","message":"::1 - - [15/May/2022:19:57:45 +0000] \"GET /uploads/thumbnails/ HTTP/1.1\" 304 - \"http://localhost:3000/\" \"Mozilla/5.0 (X11; Linux x86_64) AppleWebKit/537.36 (KHTML, like Gecko) Chrome/101.0.4951.64 Safari/537.36\"\n"}
{"level":"info","message":"::1 - - [15/May/2022:19:57:45 +0000] \"GET /fonts/BYekan-webfont.woff HTTP/1.1\" 304 - \"http://localhost:3000/css/styles.css\" \"Mozilla/5.0 (X11; Linux x86_64) AppleWebKit/537.36 (KHTML, like Gecko) Chrome/101.0.4951.64 Safari/537.36\"\n"}
{"level":"info","message":"::1 - - [15/May/2022:19:57:51 +0000] \"GET /post/627012bccc468e50234c4e8d HTTP/1.1\" 500 2133 \"http://localhost:3000/\" \"Mozilla/5.0 (X11; Linux x86_64) AppleWebKit/537.36 (KHTML, like Gecko) Chrome/101.0.4951.64 Safari/537.36\"\n"}
{"level":"info","message":"::1 - - [15/May/2022:20:00:47 +0000] \"GET /post/627012bccc468e50234c4e8d HTTP/1.1\" 500 2133 \"http://localhost:3000/\" \"Mozilla/5.0 (X11; Linux x86_64) AppleWebKit/537.36 (KHTML, like Gecko) Chrome/101.0.4951.64 Safari/537.36\"\n"}
{"level":"info","message":"::1 - - [15/May/2022:20:02:35 +0000] \"GET /post/627012bccc468e50234c4e8d HTTP/1.1\" 500 2133 \"http://localhost:3000/\" \"Mozilla/5.0 (X11; Linux x86_64) AppleWebKit/537.36 (KHTML, like Gecko) Chrome/101.0.4951.64 Safari/537.36\"\n"}
{"level":"info","message":"::1 - - [15/May/2022:20:02:36 +0000] \"GET /post/627012bccc468e50234c4e8d HTTP/1.1\" 500 2133 \"http://localhost:3000/\" \"Mozilla/5.0 (X11; Linux x86_64) AppleWebKit/537.36 (KHTML, like Gecko) Chrome/101.0.4951.64 Safari/537.36\"\n"}
{"level":"info","message":"::1 - - [15/May/2022:20:02:52 +0000] \"GET /post/627012bccc468e50234c4e8d HTTP/1.1\" 500 2133 \"http://localhost:3000/\" \"Mozilla/5.0 (X11; Linux x86_64) AppleWebKit/537.36 (KHTML, like Gecko) Chrome/101.0.4951.64 Safari/537.36\"\n"}
{"level":"info","message":"::1 - - [15/May/2022:20:02:56 +0000] \"GET /post/6270037067b8e233c14cbdf5 HTTP/1.1\" 500 2133 \"http://localhost:3000/\" \"Mozilla/5.0 (X11; Linux x86_64) AppleWebKit/537.36 (KHTML, like Gecko) Chrome/101.0.4951.64 Safari/537.36\"\n"}
{"level":"info","message":"::1 - - [15/May/2022:20:19:54 +0000] \"POST /users/forget-password HTTP/1.1\" 200 1449 \"http://localhost:3000/users/forget-password\" \"Mozilla/5.0 (X11; Linux x86_64) AppleWebKit/537.36 (KHTML, like Gecko) Chrome/101.0.4951.64 Safari/537.36\"\n"}
{"level":"info","message":"::1 - - [15/May/2022:20:19:54 +0000] \"GET /css/styles.css HTTP/1.1\" 304 - \"http://localhost:3000/users/forget-password\" \"Mozilla/5.0 (X11; Linux x86_64) AppleWebKit/537.36 (KHTML, like Gecko) Chrome/101.0.4951.64 Safari/537.36\"\n"}
{"level":"info","message":"::1 - - [15/May/2022:20:19:54 +0000] \"GET /css/font-awesome.css HTTP/1.1\" 304 - \"http://localhost:3000/users/forget-password\" \"Mozilla/5.0 (X11; Linux x86_64) AppleWebKit/537.36 (KHTML, like Gecko) Chrome/101.0.4951.64 Safari/537.36\"\n"}
{"level":"info","message":"::1 - - [15/May/2022:20:19:54 +0000] \"GET /css/bootstrap-rtl.css HTTP/1.1\" 304 - \"http://localhost:3000/users/forget-password\" \"Mozilla/5.0 (X11; Linux x86_64) AppleWebKit/537.36 (KHTML, like Gecko) Chrome/101.0.4951.64 Safari/537.36\"\n"}
{"level":"info","message":"::1 - - [15/May/2022:20:19:54 +0000] \"GET /css/signin.css HTTP/1.1\" 304 - \"http://localhost:3000/users/forget-password\" \"Mozilla/5.0 (X11; Linux x86_64) AppleWebKit/537.36 (KHTML, like Gecko) Chrome/101.0.4951.64 Safari/537.36\"\n"}
{"level":"info","message":"::1 - - [15/May/2022:20:19:54 +0000] \"GET /js/jquery.slim.min.js HTTP/1.1\" 304 - \"http://localhost:3000/users/forget-password\" \"Mozilla/5.0 (X11; Linux x86_64) AppleWebKit/537.36 (KHTML, like Gecko) Chrome/101.0.4951.64 Safari/537.36\"\n"}
{"level":"info","message":"::1 - - [15/May/2022:20:19:54 +0000] \"GET /js/bootstrap.min.js HTTP/1.1\" 304 - \"http://localhost:3000/users/forget-password\" \"Mozilla/5.0 (X11; Linux x86_64) AppleWebKit/537.36 (KHTML, like Gecko) Chrome/101.0.4951.64 Safari/537.36\"\n"}
{"level":"info","message":"::1 - - [15/May/2022:20:19:54 +0000] \"GET /fonts/BYekan-webfont.woff HTTP/1.1\" 304 - \"http://localhost:3000/css/styles.css\" \"Mozilla/5.0 (X11; Linux x86_64) AppleWebKit/537.36 (KHTML, like Gecko) Chrome/101.0.4951.64 Safari/537.36\"\n"}
{"level":"info","message":"::1 - - [15/May/2022:20:19:54 +0000] \"GET /favicon.ico HTTP/1.1\" 304 - \"http://localhost:3000/users/forget-password\" \"Mozilla/5.0 (X11; Linux x86_64) AppleWebKit/537.36 (KHTML, like Gecko) Chrome/101.0.4951.64 Safari/537.36\"\n"}
{"level":"info","message":"::1 - - [15/May/2022:20:20:04 +0000] \"GET /usrets/reset-password/eyJhbGciOiJIUzI1NiIsInR5cCI6IkpXVCJ9.eyJ1c2VySWQiOiI2MjgxMmM5MmEzNGQ2ZDI1YjZlODQ3NzgiLCJpYXQiOjE2NTI2NDQ2MjYsImV4cCI6MTY1MjY0ODIyNn0.uhOI5Q8jE9hk7ExHG47YpQzrYDSJ-Bt_rpjYdDwEgtc HTTP/1.1\" 304 - \"-\" \"Mozilla/5.0 (X11; Linux x86_64) AppleWebKit/537.36 (KHTML, like Gecko) Chrome/101.0.4951.64 Safari/537.36\"\n"}
{"level":"info","message":"::1 - - [15/May/2022:20:20:04 +0000] \"GET /css/styles.css HTTP/1.1\" 304 - \"http://localhost:3000/usrets/reset-password/eyJhbGciOiJIUzI1NiIsInR5cCI6IkpXVCJ9.eyJ1c2VySWQiOiI2MjgxMmM5MmEzNGQ2ZDI1YjZlODQ3NzgiLCJpYXQiOjE2NTI2NDQ2MjYsImV4cCI6MTY1MjY0ODIyNn0.uhOI5Q8jE9hk7ExHG47YpQzrYDSJ-Bt_rpjYdDwEgtc\" \"Mozilla/5.0 (X11; Linux x86_64) AppleWebKit/537.36 (KHTML, like Gecko) Chrome/101.0.4951.64 Safari/537.36\"\n"}
{"level":"info","message":"::1 - - [15/May/2022:20:20:04 +0000] \"GET /css/font-awesome.css HTTP/1.1\" 304 - \"http://localhost:3000/usrets/reset-password/eyJhbGciOiJIUzI1NiIsInR5cCI6IkpXVCJ9.eyJ1c2VySWQiOiI2MjgxMmM5MmEzNGQ2ZDI1YjZlODQ3NzgiLCJpYXQiOjE2NTI2NDQ2MjYsImV4cCI6MTY1MjY0ODIyNn0.uhOI5Q8jE9hk7ExHG47YpQzrYDSJ-Bt_rpjYdDwEgtc\" \"Mozilla/5.0 (X11; Linux x86_64) AppleWebKit/537.36 (KHTML, like Gecko) Chrome/101.0.4951.64 Safari/537.36\"\n"}
{"level":"info","message":"::1 - - [15/May/2022:20:20:04 +0000] \"GET /css/404.css HTTP/1.1\" 304 - \"http://localhost:3000/usrets/reset-password/eyJhbGciOiJIUzI1NiIsInR5cCI6IkpXVCJ9.eyJ1c2VySWQiOiI2MjgxMmM5MmEzNGQ2ZDI1YjZlODQ3NzgiLCJpYXQiOjE2NTI2NDQ2MjYsImV4cCI6MTY1MjY0ODIyNn0.uhOI5Q8jE9hk7ExHG47YpQzrYDSJ-Bt_rpjYdDwEgtc\" \"Mozilla/5.0 (X11; Linux x86_64) AppleWebKit/537.36 (KHTML, like Gecko) Chrome/101.0.4951.64 Safari/537.36\"\n"}
{"level":"info","message":"::1 - - [15/May/2022:20:20:04 +0000] \"GET /css/bootstrap-rtl.css HTTP/1.1\" 304 - \"http://localhost:3000/usrets/reset-password/eyJhbGciOiJIUzI1NiIsInR5cCI6IkpXVCJ9.eyJ1c2VySWQiOiI2MjgxMmM5MmEzNGQ2ZDI1YjZlODQ3NzgiLCJpYXQiOjE2NTI2NDQ2MjYsImV4cCI6MTY1MjY0ODIyNn0.uhOI5Q8jE9hk7ExHG47YpQzrYDSJ-Bt_rpjYdDwEgtc\" \"Mozilla/5.0 (X11; Linux x86_64) AppleWebKit/537.36 (KHTML, like Gecko) Chrome/101.0.4951.64 Safari/537.36\"\n"}
{"level":"info","message":"::1 - - [15/May/2022:20:20:04 +0000] \"GET /js/jquery.slim.min.js HTTP/1.1\" 304 - \"http://localhost:3000/usrets/reset-password/eyJhbGciOiJIUzI1NiIsInR5cCI6IkpXVCJ9.eyJ1c2VySWQiOiI2MjgxMmM5MmEzNGQ2ZDI1YjZlODQ3NzgiLCJpYXQiOjE2NTI2NDQ2MjYsImV4cCI6MTY1MjY0ODIyNn0.uhOI5Q8jE9hk7ExHG47YpQzrYDSJ-Bt_rpjYdDwEgtc\" \"Mozilla/5.0 (X11; Linux x86_64) AppleWebKit/537.36 (KHTML, like Gecko) Chrome/101.0.4951.64 Safari/537.36\"\n"}
{"level":"info","message":"::1 - - [15/May/2022:20:20:04 +0000] \"GET /js/bootstrap.min.js HTTP/1.1\" 304 - \"http://localhost:3000/usrets/reset-password/eyJhbGciOiJIUzI1NiIsInR5cCI6IkpXVCJ9.eyJ1c2VySWQiOiI2MjgxMmM5MmEzNGQ2ZDI1YjZlODQ3NzgiLCJpYXQiOjE2NTI2NDQ2MjYsImV4cCI6MTY1MjY0ODIyNn0.uhOI5Q8jE9hk7ExHG47YpQzrYDSJ-Bt_rpjYdDwEgtc\" \"Mozilla/5.0 (X11; Linux x86_64) AppleWebKit/537.36 (KHTML, like Gecko) Chrome/101.0.4951.64 Safari/537.36\"\n"}
{"level":"info","message":"::1 - - [15/May/2022:20:20:04 +0000] \"GET /img/404-bg.png HTTP/1.1\" 304 - \"http://localhost:3000/css/404.css\" \"Mozilla/5.0 (X11; Linux x86_64) AppleWebKit/537.36 (KHTML, like Gecko) Chrome/101.0.4951.64 Safari/537.36\"\n"}
{"level":"info","message":"::1 - - [15/May/2022:20:20:04 +0000] \"GET /fonts/BYekan-webfont.woff HTTP/1.1\" 304 - \"http://localhost:3000/css/styles.css\" \"Mozilla/5.0 (X11; Linux x86_64) AppleWebKit/537.36 (KHTML, like Gecko) Chrome/101.0.4951.64 Safari/537.36\"\n"}
{"level":"info","message":"::1 - - [15/May/2022:20:20:04 +0000] \"GET /fonts/fontawesome-webfont.woff2?v=4.7.0 HTTP/1.1\" 304 - \"http://localhost:3000/css/font-awesome.css\" \"Mozilla/5.0 (X11; Linux x86_64) AppleWebKit/537.36 (KHTML, like Gecko) Chrome/101.0.4951.64 Safari/537.36\"\n"}
{"level":"info","message":"::1 - - [15/May/2022:20:20:31 +0000] \"POST /users/forget-password HTTP/1.1\" 200 1449 \"http://localhost:3000/users/forget-password\" \"Mozilla/5.0 (X11; Linux x86_64) AppleWebKit/537.36 (KHTML, like Gecko) Chrome/101.0.4951.64 Safari/537.36\"\n"}
{"level":"info","message":"::1 - - [15/May/2022:20:20:31 +0000] \"GET /css/styles.css HTTP/1.1\" 304 - \"http://localhost:3000/users/forget-password\" \"Mozilla/5.0 (X11; Linux x86_64) AppleWebKit/537.36 (KHTML, like Gecko) Chrome/101.0.4951.64 Safari/537.36\"\n"}
{"level":"info","message":"::1 - - [15/May/2022:20:20:31 +0000] \"GET /css/font-awesome.css HTTP/1.1\" 304 - \"http://localhost:3000/users/forget-password\" \"Mozilla/5.0 (X11; Linux x86_64) AppleWebKit/537.36 (KHTML, like Gecko) Chrome/101.0.4951.64 Safari/537.36\"\n"}
{"level":"info","message":"::1 - - [15/May/2022:20:20:31 +0000] \"GET /css/bootstrap-rtl.css HTTP/1.1\" 304 - \"http://localhost:3000/users/forget-password\" \"Mozilla/5.0 (X11; Linux x86_64) AppleWebKit/537.36 (KHTML, like Gecko) Chrome/101.0.4951.64 Safari/537.36\"\n"}
{"level":"info","message":"::1 - - [15/May/2022:20:20:31 +0000] \"GET /css/signin.css HTTP/1.1\" 304 - \"http://localhost:3000/users/forget-password\" \"Mozilla/5.0 (X11; Linux x86_64) AppleWebKit/537.36 (KHTML, like Gecko) Chrome/101.0.4951.64 Safari/537.36\"\n"}
{"level":"info","message":"::1 - - [15/May/2022:20:20:31 +0000] \"GET /js/jquery.slim.min.js HTTP/1.1\" 304 - \"http://localhost:3000/users/forget-password\" \"Mozilla/5.0 (X11; Linux x86_64) AppleWebKit/537.36 (KHTML, like Gecko) Chrome/101.0.4951.64 Safari/537.36\"\n"}
{"level":"info","message":"::1 - - [15/May/2022:20:20:31 +0000] \"GET /js/bootstrap.min.js HTTP/1.1\" 304 - \"http://localhost:3000/users/forget-password\" \"Mozilla/5.0 (X11; Linux x86_64) AppleWebKit/537.36 (KHTML, like Gecko) Chrome/101.0.4951.64 Safari/537.36\"\n"}
{"level":"info","message":"::1 - - [15/May/2022:20:20:31 +0000] \"GET /fonts/BYekan-webfont.woff HTTP/1.1\" 304 - \"http://localhost:3000/css/styles.css\" \"Mozilla/5.0 (X11; Linux x86_64) AppleWebKit/537.36 (KHTML, like Gecko) Chrome/101.0.4951.64 Safari/537.36\"\n"}
{"level":"info","message":"::1 - - [15/May/2022:20:20:51 +0000] \"GET /usrets/reset-password/eyJhbGciOiJIUzI1NiIsInR5cCI6IkpXVCJ9.eyJ1c2VySWQiOiI2MjgxMmM5MmEzNGQ2ZDI1YjZlODQ3NzgiLCJpYXQiOjE2NTI2NDYwMzEsImV4cCI6MTY1MjY0OTYzMX0.CHI3BrwhTy3eVmbu-6dS424aW69DkzkVIcFrcc3h1mE HTTP/1.1\" 200 1527 \"-\" \"Mozilla/5.0 (X11; Linux x86_64) AppleWebKit/537.36 (KHTML, like Gecko) Chrome/101.0.4951.64 Safari/537.36\"\n"}
{"level":"info","message":"::1 - - [15/May/2022:20:20:51 +0000] \"GET /css/styles.css HTTP/1.1\" 304 - \"http://localhost:3000/usrets/reset-password/eyJhbGciOiJIUzI1NiIsInR5cCI6IkpXVCJ9.eyJ1c2VySWQiOiI2MjgxMmM5MmEzNGQ2ZDI1YjZlODQ3NzgiLCJpYXQiOjE2NTI2NDYwMzEsImV4cCI6MTY1MjY0OTYzMX0.CHI3BrwhTy3eVmbu-6dS424aW69DkzkVIcFrcc3h1mE\" \"Mozilla/5.0 (X11; Linux x86_64) AppleWebKit/537.36 (KHTML, like Gecko) Chrome/101.0.4951.64 Safari/537.36\"\n"}
{"level":"info","message":"::1 - - [15/May/2022:20:20:51 +0000] \"GET /css/bootstrap-rtl.css HTTP/1.1\" 304 - \"http://localhost:3000/usrets/reset-password/eyJhbGciOiJIUzI1NiIsInR5cCI6IkpXVCJ9.eyJ1c2VySWQiOiI2MjgxMmM5MmEzNGQ2ZDI1YjZlODQ3NzgiLCJpYXQiOjE2NTI2NDYwMzEsImV4cCI6MTY1MjY0OTYzMX0.CHI3BrwhTy3eVmbu-6dS424aW69DkzkVIcFrcc3h1mE\" \"Mozilla/5.0 (X11; Linux x86_64) AppleWebKit/537.36 (KHTML, like Gecko) Chrome/101.0.4951.64 Safari/537.36\"\n"}
{"level":"info","message":"::1 - - [15/May/2022:20:20:51 +0000] \"GET /css/font-awesome.css HTTP/1.1\" 304 - \"http://localhost:3000/usrets/reset-password/eyJhbGciOiJIUzI1NiIsInR5cCI6IkpXVCJ9.eyJ1c2VySWQiOiI2MjgxMmM5MmEzNGQ2ZDI1YjZlODQ3NzgiLCJpYXQiOjE2NTI2NDYwMzEsImV4cCI6MTY1MjY0OTYzMX0.CHI3BrwhTy3eVmbu-6dS424aW69DkzkVIcFrcc3h1mE\" \"Mozilla/5.0 (X11; Linux x86_64) AppleWebKit/537.36 (KHTML, like Gecko) Chrome/101.0.4951.64 Safari/537.36\"\n"}
{"level":"info","message":"::1 - - [15/May/2022:20:20:51 +0000] \"GET /css/404.css HTTP/1.1\" 304 - \"http://localhost:3000/usrets/reset-password/eyJhbGciOiJIUzI1NiIsInR5cCI6IkpXVCJ9.eyJ1c2VySWQiOiI2MjgxMmM5MmEzNGQ2ZDI1YjZlODQ3NzgiLCJpYXQiOjE2NTI2NDYwMzEsImV4cCI6MTY1MjY0OTYzMX0.CHI3BrwhTy3eVmbu-6dS424aW69DkzkVIcFrcc3h1mE\" \"Mozilla/5.0 (X11; Linux x86_64) AppleWebKit/537.36 (KHTML, like Gecko) Chrome/101.0.4951.64 Safari/537.36\"\n"}
{"level":"info","message":"::1 - - [15/May/2022:20:20:51 +0000] \"GET /js/jquery.slim.min.js HTTP/1.1\" 304 - \"http://localhost:3000/usrets/reset-password/eyJhbGciOiJIUzI1NiIsInR5cCI6IkpXVCJ9.eyJ1c2VySWQiOiI2MjgxMmM5MmEzNGQ2ZDI1YjZlODQ3NzgiLCJpYXQiOjE2NTI2NDYwMzEsImV4cCI6MTY1MjY0OTYzMX0.CHI3BrwhTy3eVmbu-6dS424aW69DkzkVIcFrcc3h1mE\" \"Mozilla/5.0 (X11; Linux x86_64) AppleWebKit/537.36 (KHTML, like Gecko) Chrome/101.0.4951.64 Safari/537.36\"\n"}
{"level":"info","message":"::1 - - [15/May/2022:20:20:51 +0000] \"GET /js/bootstrap.min.js HTTP/1.1\" 304 - \"http://localhost:3000/usrets/reset-password/eyJhbGciOiJIUzI1NiIsInR5cCI6IkpXVCJ9.eyJ1c2VySWQiOiI2MjgxMmM5MmEzNGQ2ZDI1YjZlODQ3NzgiLCJpYXQiOjE2NTI2NDYwMzEsImV4cCI6MTY1MjY0OTYzMX0.CHI3BrwhTy3eVmbu-6dS424aW69DkzkVIcFrcc3h1mE\" \"Mozilla/5.0 (X11; Linux x86_64) AppleWebKit/537.36 (KHTML, like Gecko) Chrome/101.0.4951.64 Safari/537.36\"\n"}
{"level":"info","message":"::1 - - [15/May/2022:20:20:51 +0000] \"GET /img/404-bg.png HTTP/1.1\" 304 - \"http://localhost:3000/css/404.css\" \"Mozilla/5.0 (X11; Linux x86_64) AppleWebKit/537.36 (KHTML, like Gecko) Chrome/101.0.4951.64 Safari/537.36\"\n"}
{"level":"info","message":"::1 - - [15/May/2022:20:20:51 +0000] \"GET /fonts/BYekan-webfont.woff HTTP/1.1\" 304 - \"http://localhost:3000/css/styles.css\" \"Mozilla/5.0 (X11; Linux x86_64) AppleWebKit/537.36 (KHTML, like Gecko) Chrome/101.0.4951.64 Safari/537.36\"\n"}
{"level":"info","message":"::1 - - [15/May/2022:20:20:51 +0000] \"GET /fonts/fontawesome-webfont.woff2?v=4.7.0 HTTP/1.1\" 304 - \"http://localhost:3000/css/font-awesome.css\" \"Mozilla/5.0 (X11; Linux x86_64) AppleWebKit/537.36 (KHTML, like Gecko) Chrome/101.0.4951.64 Safari/537.36\"\n"}
{"date":"Mon May 16 2022 00:57:18 GMT+0430 (Iran Daylight Time)","error":{},"exception":true,"level":"error","message":"uncaughtException: Route.post() requires a callback function but got a [object Undefined]\nError: Route.post() requires a callback function but got a [object Undefined]\n    at Route.<computed> [as post] (/home/ahoora/Documents/courses/weblog-project/node_modules/express/lib/router/route.js:202:15)\n    at Function.proto.<computed> [as post] (/home/ahoora/Documents/courses/weblog-project/node_modules/express/lib/router/index.js:516:19)\n    at Object.<anonymous> (/home/ahoora/Documents/courses/weblog-project/routes/users.js:38:8)\n    at Module._compile (node:internal/modules/cjs/loader:1099:14)\n    at Object.Module._extensions..js (node:internal/modules/cjs/loader:1153:10)\n    at Module.load (node:internal/modules/cjs/loader:975:32)\n    at Function.Module._load (node:internal/modules/cjs/loader:822:12)\n    at Module.require (node:internal/modules/cjs/loader:999:19)\n    at require (node:internal/modules/cjs/helpers:102:18)\n    at Object.<anonymous> (/home/ahoora/Documents/courses/weblog-project/app.js:72:19)\n    at Module._compile (node:internal/modules/cjs/loader:1099:14)\n    at Object.Module._extensions..js (node:internal/modules/cjs/loader:1153:10)\n    at Module.load (node:internal/modules/cjs/loader:975:32)\n    at Function.Module._load (node:internal/modules/cjs/loader:822:12)\n    at Function.executeUserEntryPoint [as runMain] (node:internal/modules/run_main:77:12)\n    at node:internal/main/run_main_module:17:47","os":{"loadavg":[1.9,1.98,1.91],"uptime":6359.17},"process":{"argv":["/usr/bin/node","/home/ahoora/Documents/courses/weblog-project/app.js"],"cwd":"/home/ahoora/Documents/courses/weblog-project","execPath":"/usr/bin/node","gid":1000,"memoryUsage":{"arrayBuffers":19840240,"external":20918871,"heapTotal":58953728,"heapUsed":35688392,"rss":90767360},"pid":13554,"uid":1000,"version":"v17.9.0"},"stack":"Error: Route.post() requires a callback function but got a [object Undefined]\n    at Route.<computed> [as post] (/home/ahoora/Documents/courses/weblog-project/node_modules/express/lib/router/route.js:202:15)\n    at Function.proto.<computed> [as post] (/home/ahoora/Documents/courses/weblog-project/node_modules/express/lib/router/index.js:516:19)\n    at Object.<anonymous> (/home/ahoora/Documents/courses/weblog-project/routes/users.js:38:8)\n    at Module._compile (node:internal/modules/cjs/loader:1099:14)\n    at Object.Module._extensions..js (node:internal/modules/cjs/loader:1153:10)\n    at Module.load (node:internal/modules/cjs/loader:975:32)\n    at Function.Module._load (node:internal/modules/cjs/loader:822:12)\n    at Module.require (node:internal/modules/cjs/loader:999:19)\n    at require (node:internal/modules/cjs/helpers:102:18)\n    at Object.<anonymous> (/home/ahoora/Documents/courses/weblog-project/app.js:72:19)\n    at Module._compile (node:internal/modules/cjs/loader:1099:14)\n    at Object.Module._extensions..js (node:internal/modules/cjs/loader:1153:10)\n    at Module.load (node:internal/modules/cjs/loader:975:32)\n    at Function.Module._load (node:internal/modules/cjs/loader:822:12)\n    at Function.executeUserEntryPoint [as runMain] (node:internal/modules/run_main:77:12)\n    at node:internal/main/run_main_module:17:47","trace":[{"column":15,"file":"/home/ahoora/Documents/courses/weblog-project/node_modules/express/lib/router/route.js","function":"Route.<computed> [as post]","line":202,"method":"<computed> [as post]","native":false},{"column":19,"file":"/home/ahoora/Documents/courses/weblog-project/node_modules/express/lib/router/index.js","function":"Function.proto.<computed> [as post]","line":516,"method":"<computed> [as post]","native":false},{"column":8,"file":"/home/ahoora/Documents/courses/weblog-project/routes/users.js","function":null,"line":38,"method":null,"native":false},{"column":14,"file":"node:internal/modules/cjs/loader","function":"Module._compile","line":1099,"method":"_compile","native":false},{"column":10,"file":"node:internal/modules/cjs/loader","function":"Module._extensions..js","line":1153,"method":".js","native":false},{"column":32,"file":"node:internal/modules/cjs/loader","function":"Module.load","line":975,"method":"load","native":false},{"column":12,"file":"node:internal/modules/cjs/loader","function":"Module._load","line":822,"method":"_load","native":false},{"column":19,"file":"node:internal/modules/cjs/loader","function":"Module.require","line":999,"method":"require","native":false},{"column":18,"file":"node:internal/modules/cjs/helpers","function":"require","line":102,"method":null,"native":false},{"column":19,"file":"/home/ahoora/Documents/courses/weblog-project/app.js","function":null,"line":72,"method":null,"native":false},{"column":14,"file":"node:internal/modules/cjs/loader","function":"Module._compile","line":1099,"method":"_compile","native":false},{"column":10,"file":"node:internal/modules/cjs/loader","function":"Module._extensions..js","line":1153,"method":".js","native":false},{"column":32,"file":"node:internal/modules/cjs/loader","function":"Module.load","line":975,"method":"load","native":false},{"column":12,"file":"node:internal/modules/cjs/loader","function":"Module._load","line":822,"method":"_load","native":false},{"column":12,"file":"node:internal/modules/run_main","function":"Function.executeUserEntryPoint [as runMain]","line":77,"method":"executeUserEntryPoint [as runMain]","native":false},{"column":47,"file":"node:internal/main/run_main_module","function":null,"line":17,"method":null,"native":false}]}
{"level":"info","message":"::1 - - [15/May/2022:20:34:53 +0000] \"GET /usrets/reset-password/eyJhbGciOiJIUzI1NiIsInR5cCI6IkpXVCJ9.eyJ1c2VySWQiOiI2MjgxMmM5MmEzNGQ2ZDI1YjZlODQ3NzgiLCJpYXQiOjE2NTI2NDYwMzEsImV4cCI6MTY1MjY0OTYzMX0.CHI3BrwhTy3eVmbu-6dS424aW69DkzkVIcFrcc3h1mE HTTP/1.1\" 304 - \"-\" \"Mozilla/5.0 (X11; Linux x86_64) AppleWebKit/537.36 (KHTML, like Gecko) Chrome/101.0.4951.64 Safari/537.36\"\n"}
{"level":"info","message":"::1 - - [15/May/2022:20:34:53 +0000] \"GET /js/jquery.slim.min.js HTTP/1.1\" 304 - \"http://localhost:3000/usrets/reset-password/eyJhbGciOiJIUzI1NiIsInR5cCI6IkpXVCJ9.eyJ1c2VySWQiOiI2MjgxMmM5MmEzNGQ2ZDI1YjZlODQ3NzgiLCJpYXQiOjE2NTI2NDYwMzEsImV4cCI6MTY1MjY0OTYzMX0.CHI3BrwhTy3eVmbu-6dS424aW69DkzkVIcFrcc3h1mE\" \"Mozilla/5.0 (X11; Linux x86_64) AppleWebKit/537.36 (KHTML, like Gecko) Chrome/101.0.4951.64 Safari/537.36\"\n"}
{"level":"info","message":"::1 - - [15/May/2022:20:34:53 +0000] \"GET /js/bootstrap.min.js HTTP/1.1\" 304 - \"http://localhost:3000/usrets/reset-password/eyJhbGciOiJIUzI1NiIsInR5cCI6IkpXVCJ9.eyJ1c2VySWQiOiI2MjgxMmM5MmEzNGQ2ZDI1YjZlODQ3NzgiLCJpYXQiOjE2NTI2NDYwMzEsImV4cCI6MTY1MjY0OTYzMX0.CHI3BrwhTy3eVmbu-6dS424aW69DkzkVIcFrcc3h1mE\" \"Mozilla/5.0 (X11; Linux x86_64) AppleWebKit/537.36 (KHTML, like Gecko) Chrome/101.0.4951.64 Safari/537.36\"\n"}
{"level":"info","message":"::1 - - [15/May/2022:20:34:53 +0000] \"GET /css/styles.css HTTP/1.1\" 304 - \"http://localhost:3000/usrets/reset-password/eyJhbGciOiJIUzI1NiIsInR5cCI6IkpXVCJ9.eyJ1c2VySWQiOiI2MjgxMmM5MmEzNGQ2ZDI1YjZlODQ3NzgiLCJpYXQiOjE2NTI2NDYwMzEsImV4cCI6MTY1MjY0OTYzMX0.CHI3BrwhTy3eVmbu-6dS424aW69DkzkVIcFrcc3h1mE\" \"Mozilla/5.0 (X11; Linux x86_64) AppleWebKit/537.36 (KHTML, like Gecko) Chrome/101.0.4951.64 Safari/537.36\"\n"}
{"level":"info","message":"::1 - - [15/May/2022:20:34:53 +0000] \"GET /css/bootstrap-rtl.css HTTP/1.1\" 304 - \"http://localhost:3000/usrets/reset-password/eyJhbGciOiJIUzI1NiIsInR5cCI6IkpXVCJ9.eyJ1c2VySWQiOiI2MjgxMmM5MmEzNGQ2ZDI1YjZlODQ3NzgiLCJpYXQiOjE2NTI2NDYwMzEsImV4cCI6MTY1MjY0OTYzMX0.CHI3BrwhTy3eVmbu-6dS424aW69DkzkVIcFrcc3h1mE\" \"Mozilla/5.0 (X11; Linux x86_64) AppleWebKit/537.36 (KHTML, like Gecko) Chrome/101.0.4951.64 Safari/537.36\"\n"}
{"level":"info","message":"::1 - - [15/May/2022:20:34:53 +0000] \"GET /css/font-awesome.css HTTP/1.1\" 304 - \"http://localhost:3000/usrets/reset-password/eyJhbGciOiJIUzI1NiIsInR5cCI6IkpXVCJ9.eyJ1c2VySWQiOiI2MjgxMmM5MmEzNGQ2ZDI1YjZlODQ3NzgiLCJpYXQiOjE2NTI2NDYwMzEsImV4cCI6MTY1MjY0OTYzMX0.CHI3BrwhTy3eVmbu-6dS424aW69DkzkVIcFrcc3h1mE\" \"Mozilla/5.0 (X11; Linux x86_64) AppleWebKit/537.36 (KHTML, like Gecko) Chrome/101.0.4951.64 Safari/537.36\"\n"}
{"level":"info","message":"::1 - - [15/May/2022:20:34:53 +0000] \"GET /css/404.css HTTP/1.1\" 304 - \"http://localhost:3000/usrets/reset-password/eyJhbGciOiJIUzI1NiIsInR5cCI6IkpXVCJ9.eyJ1c2VySWQiOiI2MjgxMmM5MmEzNGQ2ZDI1YjZlODQ3NzgiLCJpYXQiOjE2NTI2NDYwMzEsImV4cCI6MTY1MjY0OTYzMX0.CHI3BrwhTy3eVmbu-6dS424aW69DkzkVIcFrcc3h1mE\" \"Mozilla/5.0 (X11; Linux x86_64) AppleWebKit/537.36 (KHTML, like Gecko) Chrome/101.0.4951.64 Safari/537.36\"\n"}
{"level":"info","message":"::1 - - [15/May/2022:20:34:53 +0000] \"GET /img/404-bg.png HTTP/1.1\" 304 - \"http://localhost:3000/css/404.css\" \"Mozilla/5.0 (X11; Linux x86_64) AppleWebKit/537.36 (KHTML, like Gecko) Chrome/101.0.4951.64 Safari/537.36\"\n"}
{"level":"info","message":"::1 - - [15/May/2022:20:34:53 +0000] \"GET /fonts/BYekan-webfont.woff HTTP/1.1\" 304 - \"http://localhost:3000/css/styles.css\" \"Mozilla/5.0 (X11; Linux x86_64) AppleWebKit/537.36 (KHTML, like Gecko) Chrome/101.0.4951.64 Safari/537.36\"\n"}
{"level":"info","message":"::1 - - [15/May/2022:20:34:53 +0000] \"GET /fonts/fontawesome-webfont.woff2?v=4.7.0 HTTP/1.1\" 304 - \"http://localhost:3000/css/font-awesome.css\" \"Mozilla/5.0 (X11; Linux x86_64) AppleWebKit/537.36 (KHTML, like Gecko) Chrome/101.0.4951.64 Safari/537.36\"\n"}
{"level":"info","message":"::1 - - [15/May/2022:20:35:47 +0000] \"GET /usrets/reset-password/eyJhbGciOiJIUzI1NiIsInR5cCI6IkpXVCJ9.eyJ1c2VySWQiOiI2MjgxMmM5MmEzNGQ2ZDI1YjZlODQ3NzgiLCJpYXQiOjE2NTI2NDYwMzEsImV4cCI6MTY1MjY0OTYzMX0.CHI3BrwhTy3eVmbu-6dS424aW69DkzkVIcFrcc3h1mE HTTP/1.1\" 304 - \"-\" \"Mozilla/5.0 (X11; Linux x86_64) AppleWebKit/537.36 (KHTML, like Gecko) Chrome/101.0.4951.64 Safari/537.36\"\n"}
{"level":"info","message":"::1 - - [15/May/2022:20:35:47 +0000] \"GET /css/styles.css HTTP/1.1\" 304 - \"http://localhost:3000/usrets/reset-password/eyJhbGciOiJIUzI1NiIsInR5cCI6IkpXVCJ9.eyJ1c2VySWQiOiI2MjgxMmM5MmEzNGQ2ZDI1YjZlODQ3NzgiLCJpYXQiOjE2NTI2NDYwMzEsImV4cCI6MTY1MjY0OTYzMX0.CHI3BrwhTy3eVmbu-6dS424aW69DkzkVIcFrcc3h1mE\" \"Mozilla/5.0 (X11; Linux x86_64) AppleWebKit/537.36 (KHTML, like Gecko) Chrome/101.0.4951.64 Safari/537.36\"\n"}
{"level":"info","message":"::1 - - [15/May/2022:20:35:47 +0000] \"GET /css/font-awesome.css HTTP/1.1\" 304 - \"http://localhost:3000/usrets/reset-password/eyJhbGciOiJIUzI1NiIsInR5cCI6IkpXVCJ9.eyJ1c2VySWQiOiI2MjgxMmM5MmEzNGQ2ZDI1YjZlODQ3NzgiLCJpYXQiOjE2NTI2NDYwMzEsImV4cCI6MTY1MjY0OTYzMX0.CHI3BrwhTy3eVmbu-6dS424aW69DkzkVIcFrcc3h1mE\" \"Mozilla/5.0 (X11; Linux x86_64) AppleWebKit/537.36 (KHTML, like Gecko) Chrome/101.0.4951.64 Safari/537.36\"\n"}
{"level":"info","message":"::1 - - [15/May/2022:20:35:47 +0000] \"GET /css/bootstrap-rtl.css HTTP/1.1\" 304 - \"http://localhost:3000/usrets/reset-password/eyJhbGciOiJIUzI1NiIsInR5cCI6IkpXVCJ9.eyJ1c2VySWQiOiI2MjgxMmM5MmEzNGQ2ZDI1YjZlODQ3NzgiLCJpYXQiOjE2NTI2NDYwMzEsImV4cCI6MTY1MjY0OTYzMX0.CHI3BrwhTy3eVmbu-6dS424aW69DkzkVIcFrcc3h1mE\" \"Mozilla/5.0 (X11; Linux x86_64) AppleWebKit/537.36 (KHTML, like Gecko) Chrome/101.0.4951.64 Safari/537.36\"\n"}
{"level":"info","message":"::1 - - [15/May/2022:20:35:47 +0000] \"GET /css/404.css HTTP/1.1\" 304 - \"http://localhost:3000/usrets/reset-password/eyJhbGciOiJIUzI1NiIsInR5cCI6IkpXVCJ9.eyJ1c2VySWQiOiI2MjgxMmM5MmEzNGQ2ZDI1YjZlODQ3NzgiLCJpYXQiOjE2NTI2NDYwMzEsImV4cCI6MTY1MjY0OTYzMX0.CHI3BrwhTy3eVmbu-6dS424aW69DkzkVIcFrcc3h1mE\" \"Mozilla/5.0 (X11; Linux x86_64) AppleWebKit/537.36 (KHTML, like Gecko) Chrome/101.0.4951.64 Safari/537.36\"\n"}
{"level":"info","message":"::1 - - [15/May/2022:20:35:47 +0000] \"GET /js/jquery.slim.min.js HTTP/1.1\" 304 - \"http://localhost:3000/usrets/reset-password/eyJhbGciOiJIUzI1NiIsInR5cCI6IkpXVCJ9.eyJ1c2VySWQiOiI2MjgxMmM5MmEzNGQ2ZDI1YjZlODQ3NzgiLCJpYXQiOjE2NTI2NDYwMzEsImV4cCI6MTY1MjY0OTYzMX0.CHI3BrwhTy3eVmbu-6dS424aW69DkzkVIcFrcc3h1mE\" \"Mozilla/5.0 (X11; Linux x86_64) AppleWebKit/537.36 (KHTML, like Gecko) Chrome/101.0.4951.64 Safari/537.36\"\n"}
{"level":"info","message":"::1 - - [15/May/2022:20:35:47 +0000] \"GET /js/bootstrap.min.js HTTP/1.1\" 304 - \"http://localhost:3000/usrets/reset-password/eyJhbGciOiJIUzI1NiIsInR5cCI6IkpXVCJ9.eyJ1c2VySWQiOiI2MjgxMmM5MmEzNGQ2ZDI1YjZlODQ3NzgiLCJpYXQiOjE2NTI2NDYwMzEsImV4cCI6MTY1MjY0OTYzMX0.CHI3BrwhTy3eVmbu-6dS424aW69DkzkVIcFrcc3h1mE\" \"Mozilla/5.0 (X11; Linux x86_64) AppleWebKit/537.36 (KHTML, like Gecko) Chrome/101.0.4951.64 Safari/537.36\"\n"}
{"level":"info","message":"::1 - - [15/May/2022:20:35:47 +0000] \"GET /img/404-bg.png HTTP/1.1\" 304 - \"http://localhost:3000/css/404.css\" \"Mozilla/5.0 (X11; Linux x86_64) AppleWebKit/537.36 (KHTML, like Gecko) Chrome/101.0.4951.64 Safari/537.36\"\n"}
{"level":"info","message":"::1 - - [15/May/2022:20:35:47 +0000] \"GET /fonts/BYekan-webfont.woff HTTP/1.1\" 304 - \"http://localhost:3000/css/styles.css\" \"Mozilla/5.0 (X11; Linux x86_64) AppleWebKit/537.36 (KHTML, like Gecko) Chrome/101.0.4951.64 Safari/537.36\"\n"}
{"level":"info","message":"::1 - - [15/May/2022:20:35:47 +0000] \"GET /fonts/fontawesome-webfont.woff2?v=4.7.0 HTTP/1.1\" 304 - \"http://localhost:3000/css/font-awesome.css\" \"Mozilla/5.0 (X11; Linux x86_64) AppleWebKit/537.36 (KHTML, like Gecko) Chrome/101.0.4951.64 Safari/537.36\"\n"}
{"level":"info","message":"::1 - - [15/May/2022:20:35:58 +0000] \"GET / HTTP/1.1\" 304 - \"http://localhost:3000/usrets/reset-password/eyJhbGciOiJIUzI1NiIsInR5cCI6IkpXVCJ9.eyJ1c2VySWQiOiI2MjgxMmM5MmEzNGQ2ZDI1YjZlODQ3NzgiLCJpYXQiOjE2NTI2NDYwMzEsImV4cCI6MTY1MjY0OTYzMX0.CHI3BrwhTy3eVmbu-6dS424aW69DkzkVIcFrcc3h1mE\" \"Mozilla/5.0 (X11; Linux x86_64) AppleWebKit/537.36 (KHTML, like Gecko) Chrome/101.0.4951.64 Safari/537.36\"\n"}
{"level":"info","message":"::1 - - [15/May/2022:20:35:58 +0000] \"GET /css/styles.css HTTP/1.1\" 304 - \"http://localhost:3000/\" \"Mozilla/5.0 (X11; Linux x86_64) AppleWebKit/537.36 (KHTML, like Gecko) Chrome/101.0.4951.64 Safari/537.36\"\n"}
{"level":"info","message":"::1 - - [15/May/2022:20:35:58 +0000] \"GET /css/bootstrap-rtl.css HTTP/1.1\" 304 - \"http://localhost:3000/\" \"Mozilla/5.0 (X11; Linux x86_64) AppleWebKit/537.36 (KHTML, like Gecko) Chrome/101.0.4951.64 Safari/537.36\"\n"}
{"level":"info","message":"::1 - - [15/May/2022:20:35:58 +0000] \"GET /css/font-awesome.css HTTP/1.1\" 304 - \"http://localhost:3000/\" \"Mozilla/5.0 (X11; Linux x86_64) AppleWebKit/537.36 (KHTML, like Gecko) Chrome/101.0.4951.64 Safari/537.36\"\n"}
{"level":"info","message":"::1 - - [15/May/2022:20:35:58 +0000] \"GET /js/jquery.slim.min.js HTTP/1.1\" 304 - \"http://localhost:3000/\" \"Mozilla/5.0 (X11; Linux x86_64) AppleWebKit/537.36 (KHTML, like Gecko) Chrome/101.0.4951.64 Safari/537.36\"\n"}
{"level":"info","message":"::1 - - [15/May/2022:20:35:58 +0000] \"GET /uploads/thumbnails/Pk1u6hini_index.jpeg HTTP/1.1\" 304 - \"http://localhost:3000/\" \"Mozilla/5.0 (X11; Linux x86_64) AppleWebKit/537.36 (KHTML, like Gecko) Chrome/101.0.4951.64 Safari/537.36\"\n"}
{"level":"info","message":"::1 - - [15/May/2022:20:35:58 +0000] \"GET /js/bootstrap.min.js HTTP/1.1\" 304 - \"http://localhost:3000/\" \"Mozilla/5.0 (X11; Linux x86_64) AppleWebKit/537.36 (KHTML, like Gecko) Chrome/101.0.4951.64 Safari/537.36\"\n"}
{"level":"info","message":"::1 - - [15/May/2022:20:35:58 +0000] \"GET /uploads/thumbnails/HWyrcXSaK_how-easy-is-it-to-learn-german.png HTTP/1.1\" 304 - \"http://localhost:3000/\" \"Mozilla/5.0 (X11; Linux x86_64) AppleWebKit/537.36 (KHTML, like Gecko) Chrome/101.0.4951.64 Safari/537.36\"\n"}
{"level":"info","message":"::1 - - [15/May/2022:20:35:58 +0000] \"GET /uploads/thumbnails/ncep0ZsQs_german.jpeg HTTP/1.1\" 304 - \"http://localhost:3000/\" \"Mozilla/5.0 (X11; Linux x86_64) AppleWebKit/537.36 (KHTML, like Gecko) Chrome/101.0.4951.64 Safari/537.36\"\n"}
{"level":"info","message":"::1 - - [15/May/2022:20:35:58 +0000] \"GET /uploads/thumbnails/ HTTP/1.1\" 304 - \"http://localhost:3000/\" \"Mozilla/5.0 (X11; Linux x86_64) AppleWebKit/537.36 (KHTML, like Gecko) Chrome/101.0.4951.64 Safari/537.36\"\n"}
{"level":"info","message":"::1 - - [15/May/2022:20:35:58 +0000] \"GET /uploads/YGBzTYXGO_german.jpeg HTTP/1.1\" 304 - \"http://localhost:3000/\" \"Mozilla/5.0 (X11; Linux x86_64) AppleWebKit/537.36 (KHTML, like Gecko) Chrome/101.0.4951.64 Safari/537.36\"\n"}
{"level":"info","message":"::1 - - [15/May/2022:20:36:13 +0000] \"GET /usrets/reset-password/eyJhbGciOiJIUzI1NiIsInR5cCI6IkpXVCJ9.eyJ1c2VySWQiOiI2MjgxMmM5MmEzNGQ2ZDI1YjZlODQ3NzgiLCJpYXQiOjE2NTI2NDU5OTQsImV4cCI6MTY1MjY0OTU5NH0.98dQvQLEOvboh91AVK9OWSEPKgV0ZBy1dpDwe4YGoIE HTTP/1.1\" 200 1527 \"-\" \"Mozilla/5.0 (X11; Linux x86_64) AppleWebKit/537.36 (KHTML, like Gecko) Chrome/101.0.4951.64 Safari/537.36\"\n"}
{"level":"info","message":"::1 - - [15/May/2022:20:36:13 +0000] \"GET /css/styles.css HTTP/1.1\" 304 - \"http://localhost:3000/usrets/reset-password/eyJhbGciOiJIUzI1NiIsInR5cCI6IkpXVCJ9.eyJ1c2VySWQiOiI2MjgxMmM5MmEzNGQ2ZDI1YjZlODQ3NzgiLCJpYXQiOjE2NTI2NDU5OTQsImV4cCI6MTY1MjY0OTU5NH0.98dQvQLEOvboh91AVK9OWSEPKgV0ZBy1dpDwe4YGoIE\" \"Mozilla/5.0 (X11; Linux x86_64) AppleWebKit/537.36 (KHTML, like Gecko) Chrome/101.0.4951.64 Safari/537.36\"\n"}
{"level":"info","message":"::1 - - [15/May/2022:20:36:13 +0000] \"GET /css/bootstrap-rtl.css HTTP/1.1\" 304 - \"http://localhost:3000/usrets/reset-password/eyJhbGciOiJIUzI1NiIsInR5cCI6IkpXVCJ9.eyJ1c2VySWQiOiI2MjgxMmM5MmEzNGQ2ZDI1YjZlODQ3NzgiLCJpYXQiOjE2NTI2NDU5OTQsImV4cCI6MTY1MjY0OTU5NH0.98dQvQLEOvboh91AVK9OWSEPKgV0ZBy1dpDwe4YGoIE\" \"Mozilla/5.0 (X11; Linux x86_64) AppleWebKit/537.36 (KHTML, like Gecko) Chrome/101.0.4951.64 Safari/537.36\"\n"}
{"level":"info","message":"::1 - - [15/May/2022:20:36:13 +0000] \"GET /css/font-awesome.css HTTP/1.1\" 304 - \"http://localhost:3000/usrets/reset-password/eyJhbGciOiJIUzI1NiIsInR5cCI6IkpXVCJ9.eyJ1c2VySWQiOiI2MjgxMmM5MmEzNGQ2ZDI1YjZlODQ3NzgiLCJpYXQiOjE2NTI2NDU5OTQsImV4cCI6MTY1MjY0OTU5NH0.98dQvQLEOvboh91AVK9OWSEPKgV0ZBy1dpDwe4YGoIE\" \"Mozilla/5.0 (X11; Linux x86_64) AppleWebKit/537.36 (KHTML, like Gecko) Chrome/101.0.4951.64 Safari/537.36\"\n"}
{"level":"info","message":"::1 - - [15/May/2022:20:36:13 +0000] \"GET /css/404.css HTTP/1.1\" 304 - \"http://localhost:3000/usrets/reset-password/eyJhbGciOiJIUzI1NiIsInR5cCI6IkpXVCJ9.eyJ1c2VySWQiOiI2MjgxMmM5MmEzNGQ2ZDI1YjZlODQ3NzgiLCJpYXQiOjE2NTI2NDU5OTQsImV4cCI6MTY1MjY0OTU5NH0.98dQvQLEOvboh91AVK9OWSEPKgV0ZBy1dpDwe4YGoIE\" \"Mozilla/5.0 (X11; Linux x86_64) AppleWebKit/537.36 (KHTML, like Gecko) Chrome/101.0.4951.64 Safari/537.36\"\n"}
{"level":"info","message":"::1 - - [15/May/2022:20:36:13 +0000] \"GET /js/jquery.slim.min.js HTTP/1.1\" 304 - \"http://localhost:3000/usrets/reset-password/eyJhbGciOiJIUzI1NiIsInR5cCI6IkpXVCJ9.eyJ1c2VySWQiOiI2MjgxMmM5MmEzNGQ2ZDI1YjZlODQ3NzgiLCJpYXQiOjE2NTI2NDU5OTQsImV4cCI6MTY1MjY0OTU5NH0.98dQvQLEOvboh91AVK9OWSEPKgV0ZBy1dpDwe4YGoIE\" \"Mozilla/5.0 (X11; Linux x86_64) AppleWebKit/537.36 (KHTML, like Gecko) Chrome/101.0.4951.64 Safari/537.36\"\n"}
{"level":"info","message":"::1 - - [15/May/2022:20:36:13 +0000] \"GET /js/bootstrap.min.js HTTP/1.1\" 304 - \"http://localhost:3000/usrets/reset-password/eyJhbGciOiJIUzI1NiIsInR5cCI6IkpXVCJ9.eyJ1c2VySWQiOiI2MjgxMmM5MmEzNGQ2ZDI1YjZlODQ3NzgiLCJpYXQiOjE2NTI2NDU5OTQsImV4cCI6MTY1MjY0OTU5NH0.98dQvQLEOvboh91AVK9OWSEPKgV0ZBy1dpDwe4YGoIE\" \"Mozilla/5.0 (X11; Linux x86_64) AppleWebKit/537.36 (KHTML, like Gecko) Chrome/101.0.4951.64 Safari/537.36\"\n"}
{"level":"info","message":"::1 - - [15/May/2022:20:36:13 +0000] \"GET /img/404-bg.png HTTP/1.1\" 304 - \"http://localhost:3000/css/404.css\" \"Mozilla/5.0 (X11; Linux x86_64) AppleWebKit/537.36 (KHTML, like Gecko) Chrome/101.0.4951.64 Safari/537.36\"\n"}
{"level":"info","message":"::1 - - [15/May/2022:20:36:13 +0000] \"GET /fonts/BYekan-webfont.woff HTTP/1.1\" 304 - \"http://localhost:3000/css/styles.css\" \"Mozilla/5.0 (X11; Linux x86_64) AppleWebKit/537.36 (KHTML, like Gecko) Chrome/101.0.4951.64 Safari/537.36\"\n"}
{"level":"info","message":"::1 - - [15/May/2022:20:36:13 +0000] \"GET /fonts/fontawesome-webfont.woff2?v=4.7.0 HTTP/1.1\" 304 - \"http://localhost:3000/css/font-awesome.css\" \"Mozilla/5.0 (X11; Linux x86_64) AppleWebKit/537.36 (KHTML, like Gecko) Chrome/101.0.4951.64 Safari/537.36\"\n"}
{"level":"info","message":"::1 - - [15/May/2022:20:36:59 +0000] \"GET /usrets/reset-password/eyJhbGciOiJIUzI1NiIsInR5cCI6IkpXVCJ9.eyJ1c2VySWQiOiI2MjgxMmM5MmEzNGQ2ZDI1YjZlODQ3NzgiLCJpYXQiOjE2NTI2NDYwMzEsImV4cCI6MTY1MjY0OTYzMX0.CHI3BrwhTy3eVmbu-6dS424aW69DkzkVIcFrcc3h1mE HTTP/1.1\" 304 - \"-\" \"Mozilla/5.0 (X11; Linux x86_64) AppleWebKit/537.36 (KHTML, like Gecko) Chrome/101.0.4951.64 Safari/537.36\"\n"}
{"level":"info","message":"::1 - - [15/May/2022:20:36:59 +0000] \"GET /css/styles.css HTTP/1.1\" 304 - \"http://localhost:3000/usrets/reset-password/eyJhbGciOiJIUzI1NiIsInR5cCI6IkpXVCJ9.eyJ1c2VySWQiOiI2MjgxMmM5MmEzNGQ2ZDI1YjZlODQ3NzgiLCJpYXQiOjE2NTI2NDYwMzEsImV4cCI6MTY1MjY0OTYzMX0.CHI3BrwhTy3eVmbu-6dS424aW69DkzkVIcFrcc3h1mE\" \"Mozilla/5.0 (X11; Linux x86_64) AppleWebKit/537.36 (KHTML, like Gecko) Chrome/101.0.4951.64 Safari/537.36\"\n"}
{"level":"info","message":"::1 - - [15/May/2022:20:36:59 +0000] \"GET /css/bootstrap-rtl.css HTTP/1.1\" 304 - \"http://localhost:3000/usrets/reset-password/eyJhbGciOiJIUzI1NiIsInR5cCI6IkpXVCJ9.eyJ1c2VySWQiOiI2MjgxMmM5MmEzNGQ2ZDI1YjZlODQ3NzgiLCJpYXQiOjE2NTI2NDYwMzEsImV4cCI6MTY1MjY0OTYzMX0.CHI3BrwhTy3eVmbu-6dS424aW69DkzkVIcFrcc3h1mE\" \"Mozilla/5.0 (X11; Linux x86_64) AppleWebKit/537.36 (KHTML, like Gecko) Chrome/101.0.4951.64 Safari/537.36\"\n"}
{"level":"info","message":"::1 - - [15/May/2022:20:36:59 +0000] \"GET /css/font-awesome.css HTTP/1.1\" 304 - \"http://localhost:3000/usrets/reset-password/eyJhbGciOiJIUzI1NiIsInR5cCI6IkpXVCJ9.eyJ1c2VySWQiOiI2MjgxMmM5MmEzNGQ2ZDI1YjZlODQ3NzgiLCJpYXQiOjE2NTI2NDYwMzEsImV4cCI6MTY1MjY0OTYzMX0.CHI3BrwhTy3eVmbu-6dS424aW69DkzkVIcFrcc3h1mE\" \"Mozilla/5.0 (X11; Linux x86_64) AppleWebKit/537.36 (KHTML, like Gecko) Chrome/101.0.4951.64 Safari/537.36\"\n"}
{"level":"info","message":"::1 - - [15/May/2022:20:36:59 +0000] \"GET /css/404.css HTTP/1.1\" 304 - \"http://localhost:3000/usrets/reset-password/eyJhbGciOiJIUzI1NiIsInR5cCI6IkpXVCJ9.eyJ1c2VySWQiOiI2MjgxMmM5MmEzNGQ2ZDI1YjZlODQ3NzgiLCJpYXQiOjE2NTI2NDYwMzEsImV4cCI6MTY1MjY0OTYzMX0.CHI3BrwhTy3eVmbu-6dS424aW69DkzkVIcFrcc3h1mE\" \"Mozilla/5.0 (X11; Linux x86_64) AppleWebKit/537.36 (KHTML, like Gecko) Chrome/101.0.4951.64 Safari/537.36\"\n"}
{"level":"info","message":"::1 - - [15/May/2022:20:36:59 +0000] \"GET /js/jquery.slim.min.js HTTP/1.1\" 304 - \"http://localhost:3000/usrets/reset-password/eyJhbGciOiJIUzI1NiIsInR5cCI6IkpXVCJ9.eyJ1c2VySWQiOiI2MjgxMmM5MmEzNGQ2ZDI1YjZlODQ3NzgiLCJpYXQiOjE2NTI2NDYwMzEsImV4cCI6MTY1MjY0OTYzMX0.CHI3BrwhTy3eVmbu-6dS424aW69DkzkVIcFrcc3h1mE\" \"Mozilla/5.0 (X11; Linux x86_64) AppleWebKit/537.36 (KHTML, like Gecko) Chrome/101.0.4951.64 Safari/537.36\"\n"}
{"level":"info","message":"::1 - - [15/May/2022:20:36:59 +0000] \"GET /js/bootstrap.min.js HTTP/1.1\" 304 - \"http://localhost:3000/usrets/reset-password/eyJhbGciOiJIUzI1NiIsInR5cCI6IkpXVCJ9.eyJ1c2VySWQiOiI2MjgxMmM5MmEzNGQ2ZDI1YjZlODQ3NzgiLCJpYXQiOjE2NTI2NDYwMzEsImV4cCI6MTY1MjY0OTYzMX0.CHI3BrwhTy3eVmbu-6dS424aW69DkzkVIcFrcc3h1mE\" \"Mozilla/5.0 (X11; Linux x86_64) AppleWebKit/537.36 (KHTML, like Gecko) Chrome/101.0.4951.64 Safari/537.36\"\n"}
{"level":"info","message":"::1 - - [15/May/2022:20:36:59 +0000] \"GET /img/404-bg.png HTTP/1.1\" 304 - \"http://localhost:3000/css/404.css\" \"Mozilla/5.0 (X11; Linux x86_64) AppleWebKit/537.36 (KHTML, like Gecko) Chrome/101.0.4951.64 Safari/537.36\"\n"}
{"level":"info","message":"::1 - - [15/May/2022:20:36:59 +0000] \"GET /fonts/BYekan-webfont.woff HTTP/1.1\" 304 - \"http://localhost:3000/css/styles.css\" \"Mozilla/5.0 (X11; Linux x86_64) AppleWebKit/537.36 (KHTML, like Gecko) Chrome/101.0.4951.64 Safari/537.36\"\n"}
{"level":"info","message":"::1 - - [15/May/2022:20:36:59 +0000] \"GET /fonts/fontawesome-webfont.woff2?v=4.7.0 HTTP/1.1\" 304 - \"http://localhost:3000/css/font-awesome.css\" \"Mozilla/5.0 (X11; Linux x86_64) AppleWebKit/537.36 (KHTML, like Gecko) Chrome/101.0.4951.64 Safari/537.36\"\n"}
{"level":"info","message":"::1 - - [15/May/2022:20:42:12 +0000] \"POST /users/forget-password HTTP/1.1\" 200 1449 \"http://localhost:3000/users/forget-password\" \"Mozilla/5.0 (X11; Linux x86_64) AppleWebKit/537.36 (KHTML, like Gecko) Chrome/101.0.4951.64 Safari/537.36\"\n"}
{"level":"info","message":"::1 - - [15/May/2022:20:42:12 +0000] \"GET /css/styles.css HTTP/1.1\" 304 - \"http://localhost:3000/users/forget-password\" \"Mozilla/5.0 (X11; Linux x86_64) AppleWebKit/537.36 (KHTML, like Gecko) Chrome/101.0.4951.64 Safari/537.36\"\n"}
{"level":"info","message":"::1 - - [15/May/2022:20:42:12 +0000] \"GET /css/bootstrap-rtl.css HTTP/1.1\" 304 - \"http://localhost:3000/users/forget-password\" \"Mozilla/5.0 (X11; Linux x86_64) AppleWebKit/537.36 (KHTML, like Gecko) Chrome/101.0.4951.64 Safari/537.36\"\n"}
{"level":"info","message":"::1 - - [15/May/2022:20:42:12 +0000] \"GET /css/font-awesome.css HTTP/1.1\" 304 - \"http://localhost:3000/users/forget-password\" \"Mozilla/5.0 (X11; Linux x86_64) AppleWebKit/537.36 (KHTML, like Gecko) Chrome/101.0.4951.64 Safari/537.36\"\n"}
{"level":"info","message":"::1 - - [15/May/2022:20:42:12 +0000] \"GET /css/signin.css HTTP/1.1\" 304 - \"http://localhost:3000/users/forget-password\" \"Mozilla/5.0 (X11; Linux x86_64) AppleWebKit/537.36 (KHTML, like Gecko) Chrome/101.0.4951.64 Safari/537.36\"\n"}
{"level":"info","message":"::1 - - [15/May/2022:20:42:12 +0000] \"GET /js/jquery.slim.min.js HTTP/1.1\" 304 - \"http://localhost:3000/users/forget-password\" \"Mozilla/5.0 (X11; Linux x86_64) AppleWebKit/537.36 (KHTML, like Gecko) Chrome/101.0.4951.64 Safari/537.36\"\n"}
{"level":"info","message":"::1 - - [15/May/2022:20:42:12 +0000] \"GET /js/bootstrap.min.js HTTP/1.1\" 304 - \"http://localhost:3000/users/forget-password\" \"Mozilla/5.0 (X11; Linux x86_64) AppleWebKit/537.36 (KHTML, like Gecko) Chrome/101.0.4951.64 Safari/537.36\"\n"}
{"level":"info","message":"::1 - - [15/May/2022:20:42:12 +0000] \"GET /fonts/BYekan-webfont.woff HTTP/1.1\" 304 - \"http://localhost:3000/css/styles.css\" \"Mozilla/5.0 (X11; Linux x86_64) AppleWebKit/537.36 (KHTML, like Gecko) Chrome/101.0.4951.64 Safari/537.36\"\n"}
{"level":"info","message":"::1 - - [15/May/2022:20:42:12 +0000] \"GET /favicon.ico HTTP/1.1\" 304 - \"http://localhost:3000/users/forget-password\" \"Mozilla/5.0 (X11; Linux x86_64) AppleWebKit/537.36 (KHTML, like Gecko) Chrome/101.0.4951.64 Safari/537.36\"\n"}
{"level":"info","message":"::1 - - [15/May/2022:20:42:15 +0000] \"POST /users/forget-password HTTP/1.1\" 200 1449 \"http://localhost:3000/users/forget-password\" \"Mozilla/5.0 (X11; Linux x86_64) AppleWebKit/537.36 (KHTML, like Gecko) Chrome/101.0.4951.64 Safari/537.36\"\n"}
{"level":"info","message":"::1 - - [15/May/2022:20:42:15 +0000] \"GET /css/styles.css HTTP/1.1\" 304 - \"http://localhost:3000/users/forget-password\" \"Mozilla/5.0 (X11; Linux x86_64) AppleWebKit/537.36 (KHTML, like Gecko) Chrome/101.0.4951.64 Safari/537.36\"\n"}
{"level":"info","message":"::1 - - [15/May/2022:20:42:15 +0000] \"GET /css/bootstrap-rtl.css HTTP/1.1\" 304 - \"http://localhost:3000/users/forget-password\" \"Mozilla/5.0 (X11; Linux x86_64) AppleWebKit/537.36 (KHTML, like Gecko) Chrome/101.0.4951.64 Safari/537.36\"\n"}
{"level":"info","message":"::1 - - [15/May/2022:20:42:15 +0000] \"GET /css/font-awesome.css HTTP/1.1\" 304 - \"http://localhost:3000/users/forget-password\" \"Mozilla/5.0 (X11; Linux x86_64) AppleWebKit/537.36 (KHTML, like Gecko) Chrome/101.0.4951.64 Safari/537.36\"\n"}
{"level":"info","message":"::1 - - [15/May/2022:20:42:15 +0000] \"GET /css/signin.css HTTP/1.1\" 304 - \"http://localhost:3000/users/forget-password\" \"Mozilla/5.0 (X11; Linux x86_64) AppleWebKit/537.36 (KHTML, like Gecko) Chrome/101.0.4951.64 Safari/537.36\"\n"}
{"level":"info","message":"::1 - - [15/May/2022:20:42:15 +0000] \"GET /js/jquery.slim.min.js HTTP/1.1\" 304 - \"http://localhost:3000/users/forget-password\" \"Mozilla/5.0 (X11; Linux x86_64) AppleWebKit/537.36 (KHTML, like Gecko) Chrome/101.0.4951.64 Safari/537.36\"\n"}
{"level":"info","message":"::1 - - [15/May/2022:20:42:15 +0000] \"GET /js/bootstrap.min.js HTTP/1.1\" 304 - \"http://localhost:3000/users/forget-password\" \"Mozilla/5.0 (X11; Linux x86_64) AppleWebKit/537.36 (KHTML, like Gecko) Chrome/101.0.4951.64 Safari/537.36\"\n"}
{"level":"info","message":"::1 - - [15/May/2022:20:42:29 +0000] \"GET /users/reset-password/eyJhbGciOiJIUzI1NiIsInR5cCI6IkpXVCJ9.eyJ1c2VySWQiOiI2MjgxMmM5MmEzNGQ2ZDI1YjZlODQ3NzgiLCJpYXQiOjE2NTI2NDczMzUsImV4cCI6MTY1MjY1MDkzNX0.UPdJRh9Ev3hvV0ic2ei4MiNMUzWQ8BqrLUSGKWHyXIU HTTP/1.1\" 500 2810 \"-\" \"Mozilla/5.0 (X11; Linux x86_64) AppleWebKit/537.36 (KHTML, like Gecko) Chrome/101.0.4951.64 Safari/537.36\"\n"}
{"level":"info","message":"::1 - - [15/May/2022:20:46:09 +0000] \"GET /users/reset-password/eyJhbGciOiJIUzI1NiIsInR5cCI6IkpXVCJ9.eyJ1c2VySWQiOiI2MjgxMmM5MmEzNGQ2ZDI1YjZlODQ3NzgiLCJpYXQiOjE2NTI2NDczMzUsImV4cCI6MTY1MjY1MDkzNX0.UPdJRh9Ev3hvV0ic2ei4MiNMUzWQ8BqrLUSGKWHyXIU HTTP/1.1\" 500 2810 \"-\" \"Mozilla/5.0 (X11; Linux x86_64) AppleWebKit/537.36 (KHTML, like Gecko) Chrome/101.0.4951.64 Safari/537.36\"\n"}
{"level":"info","message":"::1 - - [15/May/2022:20:46:44 +0000] \"POST /users/forget-password HTTP/1.1\" 200 1767 \"http://localhost:3000/users/forget-password\" \"Mozilla/5.0 (X11; Linux x86_64) AppleWebKit/537.36 (KHTML, like Gecko) Chrome/101.0.4951.64 Safari/537.36\"\n"}
{"level":"info","message":"::1 - - [15/May/2022:20:46:44 +0000] \"GET /css/styles.css HTTP/1.1\" 304 - \"http://localhost:3000/users/forget-password\" \"Mozilla/5.0 (X11; Linux x86_64) AppleWebKit/537.36 (KHTML, like Gecko) Chrome/101.0.4951.64 Safari/537.36\"\n"}
{"level":"info","message":"::1 - - [15/May/2022:20:46:44 +0000] \"GET /css/font-awesome.css HTTP/1.1\" 304 - \"http://localhost:3000/users/forget-password\" \"Mozilla/5.0 (X11; Linux x86_64) AppleWebKit/537.36 (KHTML, like Gecko) Chrome/101.0.4951.64 Safari/537.36\"\n"}
{"level":"info","message":"::1 - - [15/May/2022:20:46:44 +0000] \"GET /css/bootstrap-rtl.css HTTP/1.1\" 304 - \"http://localhost:3000/users/forget-password\" \"Mozilla/5.0 (X11; Linux x86_64) AppleWebKit/537.36 (KHTML, like Gecko) Chrome/101.0.4951.64 Safari/537.36\"\n"}
{"level":"info","message":"::1 - - [15/May/2022:20:46:44 +0000] \"GET /css/signin.css HTTP/1.1\" 304 - \"http://localhost:3000/users/forget-password\" \"Mozilla/5.0 (X11; Linux x86_64) AppleWebKit/537.36 (KHTML, like Gecko) Chrome/101.0.4951.64 Safari/537.36\"\n"}
{"level":"info","message":"::1 - - [15/May/2022:20:46:44 +0000] \"GET /js/jquery.slim.min.js HTTP/1.1\" 304 - \"http://localhost:3000/users/forget-password\" \"Mozilla/5.0 (X11; Linux x86_64) AppleWebKit/537.36 (KHTML, like Gecko) Chrome/101.0.4951.64 Safari/537.36\"\n"}
{"level":"info","message":"::1 - - [15/May/2022:20:46:44 +0000] \"GET /js/bootstrap.min.js HTTP/1.1\" 304 - \"http://localhost:3000/users/forget-password\" \"Mozilla/5.0 (X11; Linux x86_64) AppleWebKit/537.36 (KHTML, like Gecko) Chrome/101.0.4951.64 Safari/537.36\"\n"}
{"level":"info","message":"::1 - - [15/May/2022:20:46:44 +0000] \"GET /fonts/BYekan-webfont.woff HTTP/1.1\" 304 - \"http://localhost:3000/css/styles.css\" \"Mozilla/5.0 (X11; Linux x86_64) AppleWebKit/537.36 (KHTML, like Gecko) Chrome/101.0.4951.64 Safari/537.36\"\n"}
{"level":"info","message":"::1 - - [15/May/2022:20:46:55 +0000] \"GET /users/reset-password/eyJhbGciOiJIUzI1NiIsInR5cCI6IkpXVCJ9.eyJ1c2VySWQiOiI2MjgxMmM5MmEzNGQ2ZDI1YjZlODQ3NzgiLCJpYXQiOjE2NTI2NDc2MDQsImV4cCI6MTY1MjY1MTIwNH0.uAK5inVTAEIKhIeHkzIzHnFpESCj5i5riKbivL__LdE HTTP/1.1\" 500 2810 \"-\" \"Mozilla/5.0 (X11; Linux x86_64) AppleWebKit/537.36 (KHTML, like Gecko) Chrome/101.0.4951.64 Safari/537.36\"\n"}
{"level":"info","message":"::1 - - [15/May/2022:21:04:19 +0000] \"GET /users/reset-password/eyJhbGciOiJIUzI1NiIsInR5cCI6IkpXVCJ9.eyJ1c2VySWQiOiI2MjgxMmM5MmEzNGQ2ZDI1YjZlODQ3NzgiLCJpYXQiOjE2NTI2NDc2MDQsImV4cCI6MTY1MjY1MTIwNH0.uAK5inVTAEIKhIeHkzIzHnFpESCj5i5riKbivL__LdE HTTP/1.1\" 500 2810 \"-\" \"Mozilla/5.0 (X11; Linux x86_64) AppleWebKit/537.36 (KHTML, like Gecko) Chrome/101.0.4951.64 Safari/537.36\"\n"}
{"level":"info","message":"::1 - - [15/May/2022:21:07:14 +0000] \"POST /users/forget-password HTTP/1.1\" 200 1767 \"http://localhost:3000/users/forget-password\" \"Mozilla/5.0 (X11; Linux x86_64) AppleWebKit/537.36 (KHTML, like Gecko) Chrome/101.0.4951.64 Safari/537.36\"\n"}
{"level":"info","message":"::1 - - [15/May/2022:21:07:14 +0000] \"GET /css/styles.css HTTP/1.1\" 304 - \"http://localhost:3000/users/forget-password\" \"Mozilla/5.0 (X11; Linux x86_64) AppleWebKit/537.36 (KHTML, like Gecko) Chrome/101.0.4951.64 Safari/537.36\"\n"}
{"level":"info","message":"::1 - - [15/May/2022:21:07:14 +0000] \"GET /css/font-awesome.css HTTP/1.1\" 304 - \"http://localhost:3000/users/forget-password\" \"Mozilla/5.0 (X11; Linux x86_64) AppleWebKit/537.36 (KHTML, like Gecko) Chrome/101.0.4951.64 Safari/537.36\"\n"}
{"level":"info","message":"::1 - - [15/May/2022:21:07:14 +0000] \"GET /css/bootstrap-rtl.css HTTP/1.1\" 304 - \"http://localhost:3000/users/forget-password\" \"Mozilla/5.0 (X11; Linux x86_64) AppleWebKit/537.36 (KHTML, like Gecko) Chrome/101.0.4951.64 Safari/537.36\"\n"}
{"level":"info","message":"::1 - - [15/May/2022:21:07:14 +0000] \"GET /css/signin.css HTTP/1.1\" 304 - \"http://localhost:3000/users/forget-password\" \"Mozilla/5.0 (X11; Linux x86_64) AppleWebKit/537.36 (KHTML, like Gecko) Chrome/101.0.4951.64 Safari/537.36\"\n"}
{"level":"info","message":"::1 - - [15/May/2022:21:07:14 +0000] \"GET /js/jquery.slim.min.js HTTP/1.1\" 304 - \"http://localhost:3000/users/forget-password\" \"Mozilla/5.0 (X11; Linux x86_64) AppleWebKit/537.36 (KHTML, like Gecko) Chrome/101.0.4951.64 Safari/537.36\"\n"}
{"level":"info","message":"::1 - - [15/May/2022:21:07:14 +0000] \"GET /js/bootstrap.min.js HTTP/1.1\" 304 - \"http://localhost:3000/users/forget-password\" \"Mozilla/5.0 (X11; Linux x86_64) AppleWebKit/537.36 (KHTML, like Gecko) Chrome/101.0.4951.64 Safari/537.36\"\n"}
{"level":"info","message":"::1 - - [15/May/2022:21:07:14 +0000] \"GET /fonts/BYekan-webfont.woff HTTP/1.1\" 304 - \"http://localhost:3000/css/styles.css\" \"Mozilla/5.0 (X11; Linux x86_64) AppleWebKit/537.36 (KHTML, like Gecko) Chrome/101.0.4951.64 Safari/537.36\"\n"}
{"level":"info","message":"::1 - - [15/May/2022:21:07:23 +0000] \"GET /users/reset-password/eyJhbGciOiJIUzI1NiIsInR5cCI6IkpXVCJ9.eyJ1c2VySWQiOiI2MjgxMmM5MmEzNGQ2ZDI1YjZlODQ3NzgiLCJpYXQiOjE2NTI2NDg4MzQsImV4cCI6MTY1MjY1MjQzNH0.pmRug9E-yvxuaMOChU1L3IQwzRG2DbKEGjrUDFBTNDk HTTP/1.1\" 500 2810 \"-\" \"Mozilla/5.0 (X11; Linux x86_64) AppleWebKit/537.36 (KHTML, like Gecko) Chrome/101.0.4951.64 Safari/537.36\"\n"}
{"level":"info","message":"::1 - - [15/May/2022:21:08:41 +0000] \"GET /users/reset-password/eyJhbGciOiJIUzI1NiIsInR5cCI6IkpXVCJ9.eyJ1c2VySWQiOiI2MjgxMmM5MmEzNGQ2ZDI1YjZlODQ3NzgiLCJpYXQiOjE2NTI2NDg4MzQsImV4cCI6MTY1MjY1MjQzNH0.pmRug9E-yvxuaMOChU1L3IQwzRG2DbKEGjrUDFBTNDk HTTP/1.1\" 500 2810 \"-\" \"Mozilla/5.0 (X11; Linux x86_64) AppleWebKit/537.36 (KHTML, like Gecko) Chrome/101.0.4951.64 Safari/537.36\"\n"}
{"level":"info","message":"::1 - - [15/May/2022:21:09:43 +0000] \"GET /users/reset-password/eyJhbGciOiJIUzI1NiIsInR5cCI6IkpXVCJ9.eyJ1c2VySWQiOiI2MjgxMmM5MmEzNGQ2ZDI1YjZlODQ3NzgiLCJpYXQiOjE2NTI2NDg4MzQsImV4cCI6MTY1MjY1MjQzNH0.pmRug9E-yvxuaMOChU1L3IQwzRG2DbKEGjrUDFBTNDk HTTP/1.1\" 500 2810 \"-\" \"Mozilla/5.0 (X11; Linux x86_64) AppleWebKit/537.36 (KHTML, like Gecko) Chrome/101.0.4951.64 Safari/537.36\"\n"}
{"level":"info","message":"::1 - - [15/May/2022:21:09:54 +0000] \"GET /users/reset-password/$%7Btoken%7D HTTP/1.1\" 302 52 \"-\" \"Mozilla/5.0 (X11; Linux x86_64) AppleWebKit/537.36 (KHTML, like Gecko) Chrome/101.0.4951.64 Safari/537.36\"\n"}
{"level":"info","message":"::1 - - [15/May/2022:21:09:54 +0000] \"GET /404 HTTP/1.1\" 200 1527 \"-\" \"Mozilla/5.0 (X11; Linux x86_64) AppleWebKit/537.36 (KHTML, like Gecko) Chrome/101.0.4951.64 Safari/537.36\"\n"}
{"level":"info","message":"::1 - - [15/May/2022:21:09:54 +0000] \"GET /css/styles.css HTTP/1.1\" 304 - \"http://localhost:3000/404\" \"Mozilla/5.0 (X11; Linux x86_64) AppleWebKit/537.36 (KHTML, like Gecko) Chrome/101.0.4951.64 Safari/537.36\"\n"}
{"level":"info","message":"::1 - - [15/May/2022:21:09:54 +0000] \"GET /css/font-awesome.css HTTP/1.1\" 304 - \"http://localhost:3000/404\" \"Mozilla/5.0 (X11; Linux x86_64) AppleWebKit/537.36 (KHTML, like Gecko) Chrome/101.0.4951.64 Safari/537.36\"\n"}
{"level":"info","message":"::1 - - [15/May/2022:21:09:54 +0000] \"GET /css/bootstrap-rtl.css HTTP/1.1\" 304 - \"http://localhost:3000/404\" \"Mozilla/5.0 (X11; Linux x86_64) AppleWebKit/537.36 (KHTML, like Gecko) Chrome/101.0.4951.64 Safari/537.36\"\n"}
{"level":"info","message":"::1 - - [15/May/2022:21:09:54 +0000] \"GET /css/404.css HTTP/1.1\" 304 - \"http://localhost:3000/404\" \"Mozilla/5.0 (X11; Linux x86_64) AppleWebKit/537.36 (KHTML, like Gecko) Chrome/101.0.4951.64 Safari/537.36\"\n"}
{"level":"info","message":"::1 - - [15/May/2022:21:09:54 +0000] \"GET /js/jquery.slim.min.js HTTP/1.1\" 304 - \"http://localhost:3000/404\" \"Mozilla/5.0 (X11; Linux x86_64) AppleWebKit/537.36 (KHTML, like Gecko) Chrome/101.0.4951.64 Safari/537.36\"\n"}
{"level":"info","message":"::1 - - [15/May/2022:21:09:54 +0000] \"GET /js/bootstrap.min.js HTTP/1.1\" 304 - \"http://localhost:3000/404\" \"Mozilla/5.0 (X11; Linux x86_64) AppleWebKit/537.36 (KHTML, like Gecko) Chrome/101.0.4951.64 Safari/537.36\"\n"}
{"level":"info","message":"::1 - - [15/May/2022:21:09:54 +0000] \"GET /img/404-bg.png HTTP/1.1\" 304 - \"http://localhost:3000/css/404.css\" \"Mozilla/5.0 (X11; Linux x86_64) AppleWebKit/537.36 (KHTML, like Gecko) Chrome/101.0.4951.64 Safari/537.36\"\n"}
{"level":"info","message":"::1 - - [15/May/2022:21:09:54 +0000] \"GET /fonts/BYekan-webfont.woff HTTP/1.1\" 304 - \"http://localhost:3000/css/styles.css\" \"Mozilla/5.0 (X11; Linux x86_64) AppleWebKit/537.36 (KHTML, like Gecko) Chrome/101.0.4951.64 Safari/537.36\"\n"}
{"level":"info","message":"::1 - - [15/May/2022:21:09:54 +0000] \"GET /fonts/fontawesome-webfont.woff2?v=4.7.0 HTTP/1.1\" 304 - \"http://localhost:3000/css/font-awesome.css\" \"Mozilla/5.0 (X11; Linux x86_64) AppleWebKit/537.36 (KHTML, like Gecko) Chrome/101.0.4951.64 Safari/537.36\"\n"}
{"level":"info","message":"::1 - - [15/May/2022:21:11:00 +0000] \"GET /users/reset-password/eyJhbGciOiJIUzI1NiIsInR5cCI6IkpXVCJ9.eyJ1c2VySWQiOiI2MjgxMmM5MmEzNGQ2ZDI1YjZlODQ3NzgiLCJpYXQiOjE2NTI2NDc2MDQsImV4cCI6MTY1MjY1MTIwNH0.uAK5inVTAEIKhIeHkzIzHnFpESCj5i5riKbivL__LdE HTTP/1.1\" 500 2810 \"-\" \"Mozilla/5.0 (X11; Linux x86_64) AppleWebKit/537.36 (KHTML, like Gecko) Chrome/101.0.4951.64 Safari/537.36\"\n"}
{"level":"info","message":"::1 - - [15/May/2022:21:11:00 +0000] \"GET /users/reset-password/eyJhbGciOiJIUzI1NiIsInR5cCI6IkpXVCJ9.eyJ1c2VySWQiOiI2MjgxMmM5MmEzNGQ2ZDI1YjZlODQ3NzgiLCJpYXQiOjE2NTI2NDc2MDQsImV4cCI6MTY1MjY1MTIwNH0.uAK5inVTAEIKhIeHkzIzHnFpESCj5i5riKbivL__LdE HTTP/1.1\" 500 2810 \"-\" \"Mozilla/5.0 (X11; Linux x86_64) AppleWebKit/537.36 (KHTML, like Gecko) Chrome/101.0.4951.64 Safari/537.36\"\n"}
{"level":"info","message":"::1 - - [15/May/2022:21:12:12 +0000] \"GET /users/reset-password/eyJhbGciOiJIUzI1NiIsInR5cCI6IkpXVCJ9.eyJ1c2VySWQiOiI2MjgxMmM5MmEzNGQ2ZDI1YjZlODQ3NzgiLCJpYXQiOjE2NTI2NDc2MDQsImV4cCI6MTY1MjY1MTIwNH0.uAK5inVTAEIKhIeHkzIzHnFpESCj5i5riKbivL__LdE HTTP/1.1\" 500 2810 \"-\" \"Mozilla/5.0 (X11; Linux x86_64) AppleWebKit/537.36 (KHTML, like Gecko) Chrome/101.0.4951.64 Safari/537.36\"\n"}
{"level":"info","message":"::1 - - [15/May/2022:21:12:12 +0000] \"GET /users/reset-password/eyJhbGciOiJIUzI1NiIsInR5cCI6IkpXVCJ9.eyJ1c2VySWQiOiI2MjgxMmM5MmEzNGQ2ZDI1YjZlODQ3NzgiLCJpYXQiOjE2NTI2NDc2MDQsImV4cCI6MTY1MjY1MTIwNH0.uAK5inVTAEIKhIeHkzIzHnFpESCj5i5riKbivL__LdE HTTP/1.1\" 500 2810 \"-\" \"Mozilla/5.0 (X11; Linux x86_64) AppleWebKit/537.36 (KHTML, like Gecko) Chrome/101.0.4951.64 Safari/537.36\"\n"}
{"level":"info","message":"::1 - - [15/May/2022:21:12:13 +0000] \"GET /users/reset-password/eyJhbGciOiJIUzI1NiIsInR5cCI6IkpXVCJ9.eyJ1c2VySWQiOiI2MjgxMmM5MmEzNGQ2ZDI1YjZlODQ3NzgiLCJpYXQiOjE2NTI2NDc2MDQsImV4cCI6MTY1MjY1MTIwNH0.uAK5inVTAEIKhIeHkzIzHnFpESCj5i5riKbivL__LdE HTTP/1.1\" 500 2810 \"-\" \"Mozilla/5.0 (X11; Linux x86_64) AppleWebKit/537.36 (KHTML, like Gecko) Chrome/101.0.4951.64 Safari/537.36\"\n"}
{"level":"info","message":"::ffff:127.0.0.1 - - [16/May/2022:05:35:43 +0000] \"GET / HTTP/1.1\" 200 6115 \"-\" \"Mozilla/5.0 (X11; Ubuntu; Linux x86_64; rv:100.0) Gecko/20100101 Firefox/100.0\"\n"}
{"level":"info","message":"::ffff:127.0.0.1 - - [16/May/2022:05:35:44 +0000] \"GET /css/styles.css HTTP/1.1\" 200 434 \"http://localhost:3000/\" \"Mozilla/5.0 (X11; Ubuntu; Linux x86_64; rv:100.0) Gecko/20100101 Firefox/100.0\"\n"}
{"level":"info","message":"::ffff:127.0.0.1 - - [16/May/2022:05:35:44 +0000] \"GET /css/font-awesome.css HTTP/1.1\" 200 37414 \"http://localhost:3000/\" \"Mozilla/5.0 (X11; Ubuntu; Linux x86_64; rv:100.0) Gecko/20100101 Firefox/100.0\"\n"}
{"level":"info","message":"::ffff:127.0.0.1 - - [16/May/2022:05:35:44 +0000] \"GET /js/jquery.slim.min.js HTTP/1.1\" 200 72372 \"http://localhost:3000/\" \"Mozilla/5.0 (X11; Ubuntu; Linux x86_64; rv:100.0) Gecko/20100101 Firefox/100.0\"\n"}
{"level":"info","message":"::ffff:127.0.0.1 - - [16/May/2022:05:35:44 +0000] \"GET /js/bootstrap.min.js HTTP/1.1\" 200 60068 \"http://localhost:3000/\" \"Mozilla/5.0 (X11; Ubuntu; Linux x86_64; rv:100.0) Gecko/20100101 Firefox/100.0\"\n"}
{"level":"info","message":"::ffff:127.0.0.1 - - [16/May/2022:05:35:44 +0000] \"GET /css/bootstrap-rtl.css HTTP/1.1\" 200 219712 \"http://localhost:3000/\" \"Mozilla/5.0 (X11; Ubuntu; Linux x86_64; rv:100.0) Gecko/20100101 Firefox/100.0\"\n"}
{"level":"info","message":"::ffff:127.0.0.1 - - [16/May/2022:05:35:44 +0000] \"GET /uploads/thumbnails/Pk1u6hini_index.jpeg HTTP/1.1\" 200 13406 \"http://localhost:3000/\" \"Mozilla/5.0 (X11; Ubuntu; Linux x86_64; rv:100.0) Gecko/20100101 Firefox/100.0\"\n"}
{"level":"info","message":"::ffff:127.0.0.1 - - [16/May/2022:05:35:44 +0000] \"GET /uploads/thumbnails/ HTTP/1.1\" 200 1527 \"http://localhost:3000/\" \"Mozilla/5.0 (X11; Ubuntu; Linux x86_64; rv:100.0) Gecko/20100101 Firefox/100.0\"\n"}
{"level":"info","message":"::ffff:127.0.0.1 - - [16/May/2022:05:35:44 +0000] \"GET /uploads/YGBzTYXGO_german.jpeg HTTP/1.1\" 200 7910 \"http://localhost:3000/\" \"Mozilla/5.0 (X11; Ubuntu; Linux x86_64; rv:100.0) Gecko/20100101 Firefox/100.0\"\n"}
{"level":"info","message":"::ffff:127.0.0.1 - - [16/May/2022:05:35:44 +0000] \"GET /uploads/thumbnails/ncep0ZsQs_german.jpeg HTTP/1.1\" 200 7910 \"http://localhost:3000/\" \"Mozilla/5.0 (X11; Ubuntu; Linux x86_64; rv:100.0) Gecko/20100101 Firefox/100.0\"\n"}
{"level":"info","message":"::ffff:127.0.0.1 - - [16/May/2022:05:35:44 +0000] \"GET /uploads/thumbnails/HWyrcXSaK_how-easy-is-it-to-learn-german.png HTTP/1.1\" 200 50497 \"http://localhost:3000/\" \"Mozilla/5.0 (X11; Ubuntu; Linux x86_64; rv:100.0) Gecko/20100101 Firefox/100.0\"\n"}
{"level":"info","message":"::ffff:127.0.0.1 - - [16/May/2022:05:35:44 +0000] \"GET /fonts/BYekan-webfont.woff HTTP/1.1\" 200 20240 \"http://localhost:3000/css/styles.css\" \"Mozilla/5.0 (X11; Ubuntu; Linux x86_64; rv:100.0) Gecko/20100101 Firefox/100.0\"\n"}
{"level":"info","message":"::ffff:127.0.0.1 - - [16/May/2022:05:36:00 +0000] \"GET /users/login HTTP/1.1\" 200 2078 \"-\" \"Mozilla/5.0 (X11; Ubuntu; Linux x86_64; rv:100.0) Gecko/20100101 Firefox/100.0\"\n"}
{"level":"info","message":"::ffff:127.0.0.1 - - [16/May/2022:05:36:00 +0000] \"GET /css/signin.css HTTP/1.1\" 200 597 \"http://localhost:3000/users/login\" \"Mozilla/5.0 (X11; Ubuntu; Linux x86_64; rv:100.0) Gecko/20100101 Firefox/100.0\"\n"}
{"level":"info","message":"::ffff:127.0.0.1 - - [16/May/2022:05:36:00 +0000] \"GET /js/jquery.slim.min.js HTTP/1.1\" 304 - \"http://localhost:3000/users/login\" \"Mozilla/5.0 (X11; Ubuntu; Linux x86_64; rv:100.0) Gecko/20100101 Firefox/100.0\"\n"}
{"level":"info","message":"::ffff:127.0.0.1 - - [16/May/2022:05:36:00 +0000] \"GET /js/bootstrap.min.js HTTP/1.1\" 304 - \"http://localhost:3000/users/login\" \"Mozilla/5.0 (X11; Ubuntu; Linux x86_64; rv:100.0) Gecko/20100101 Firefox/100.0\"\n"}
{"level":"info","message":"::ffff:127.0.0.1 - - [16/May/2022:05:36:00 +0000] \"GET /css/styles.css HTTP/1.1\" 304 - \"http://localhost:3000/users/login\" \"Mozilla/5.0 (X11; Ubuntu; Linux x86_64; rv:100.0) Gecko/20100101 Firefox/100.0\"\n"}
{"level":"info","message":"::ffff:127.0.0.1 - - [16/May/2022:05:36:00 +0000] \"GET /css/bootstrap-rtl.css HTTP/1.1\" 304 - \"http://localhost:3000/users/login\" \"Mozilla/5.0 (X11; Ubuntu; Linux x86_64; rv:100.0) Gecko/20100101 Firefox/100.0\"\n"}
{"level":"info","message":"::ffff:127.0.0.1 - - [16/May/2022:05:36:00 +0000] \"GET /css/font-awesome.css HTTP/1.1\" 304 - \"http://localhost:3000/users/login\" \"Mozilla/5.0 (X11; Ubuntu; Linux x86_64; rv:100.0) Gecko/20100101 Firefox/100.0\"\n"}
{"level":"info","message":"::ffff:127.0.0.1 - - [16/May/2022:05:36:00 +0000] \"GET /favicon.ico HTTP/1.1\" - - \"http://localhost:3000/users/login\" \"Mozilla/5.0 (X11; Ubuntu; Linux x86_64; rv:100.0) Gecko/20100101 Firefox/100.0\"\n"}
{"level":"info","message":"::ffff:127.0.0.1 - - [16/May/2022:05:36:03 +0000] \"GET /users/forget-password HTTP/1.1\" 200 1449 \"http://localhost:3000/users/login\" \"Mozilla/5.0 (X11; Ubuntu; Linux x86_64; rv:100.0) Gecko/20100101 Firefox/100.0\"\n"}
{"level":"info","message":"::ffff:127.0.0.1 - - [16/May/2022:05:36:03 +0000] \"GET /js/jquery.slim.min.js HTTP/1.1\" 304 - \"http://localhost:3000/users/forget-password\" \"Mozilla/5.0 (X11; Ubuntu; Linux x86_64; rv:100.0) Gecko/20100101 Firefox/100.0\"\n"}
{"level":"info","message":"::ffff:127.0.0.1 - - [16/May/2022:05:36:03 +0000] \"GET /js/bootstrap.min.js HTTP/1.1\" 304 - \"http://localhost:3000/users/forget-password\" \"Mozilla/5.0 (X11; Ubuntu; Linux x86_64; rv:100.0) Gecko/20100101 Firefox/100.0\"\n"}
{"level":"info","message":"::ffff:127.0.0.1 - - [16/May/2022:05:36:03 +0000] \"GET /css/styles.css HTTP/1.1\" 304 - \"http://localhost:3000/users/forget-password\" \"Mozilla/5.0 (X11; Ubuntu; Linux x86_64; rv:100.0) Gecko/20100101 Firefox/100.0\"\n"}
{"level":"info","message":"::ffff:127.0.0.1 - - [16/May/2022:05:36:03 +0000] \"GET /css/bootstrap-rtl.css HTTP/1.1\" 304 - \"http://localhost:3000/users/forget-password\" \"Mozilla/5.0 (X11; Ubuntu; Linux x86_64; rv:100.0) Gecko/20100101 Firefox/100.0\"\n"}
{"level":"info","message":"::ffff:127.0.0.1 - - [16/May/2022:05:36:03 +0000] \"GET /css/font-awesome.css HTTP/1.1\" 304 - \"http://localhost:3000/users/forget-password\" \"Mozilla/5.0 (X11; Ubuntu; Linux x86_64; rv:100.0) Gecko/20100101 Firefox/100.0\"\n"}
{"level":"info","message":"::ffff:127.0.0.1 - - [16/May/2022:05:36:03 +0000] \"GET /css/signin.css HTTP/1.1\" 304 - \"http://localhost:3000/users/forget-password\" \"Mozilla/5.0 (X11; Ubuntu; Linux x86_64; rv:100.0) Gecko/20100101 Firefox/100.0\"\n"}
{"level":"info","message":"::ffff:127.0.0.1 - - [16/May/2022:05:36:14 +0000] \"POST /users/forget-password HTTP/1.1\" 200 1767 \"http://localhost:3000/users/forget-password\" \"Mozilla/5.0 (X11; Ubuntu; Linux x86_64; rv:100.0) Gecko/20100101 Firefox/100.0\"\n"}
{"level":"info","message":"::ffff:127.0.0.1 - - [16/May/2022:05:36:14 +0000] \"GET /js/jquery.slim.min.js HTTP/1.1\" 304 - \"http://localhost:3000/users/forget-password\" \"Mozilla/5.0 (X11; Ubuntu; Linux x86_64; rv:100.0) Gecko/20100101 Firefox/100.0\"\n"}
{"level":"info","message":"::ffff:127.0.0.1 - - [16/May/2022:05:36:14 +0000] \"GET /js/bootstrap.min.js HTTP/1.1\" 304 - \"http://localhost:3000/users/forget-password\" \"Mozilla/5.0 (X11; Ubuntu; Linux x86_64; rv:100.0) Gecko/20100101 Firefox/100.0\"\n"}
{"level":"info","message":"::ffff:127.0.0.1 - - [16/May/2022:05:36:14 +0000] \"GET /css/styles.css HTTP/1.1\" 304 - \"http://localhost:3000/users/forget-password\" \"Mozilla/5.0 (X11; Ubuntu; Linux x86_64; rv:100.0) Gecko/20100101 Firefox/100.0\"\n"}
{"level":"info","message":"::ffff:127.0.0.1 - - [16/May/2022:05:36:14 +0000] \"GET /css/bootstrap-rtl.css HTTP/1.1\" 304 - \"http://localhost:3000/users/forget-password\" \"Mozilla/5.0 (X11; Ubuntu; Linux x86_64; rv:100.0) Gecko/20100101 Firefox/100.0\"\n"}
{"level":"info","message":"::ffff:127.0.0.1 - - [16/May/2022:05:36:14 +0000] \"GET /css/font-awesome.css HTTP/1.1\" 304 - \"http://localhost:3000/users/forget-password\" \"Mozilla/5.0 (X11; Ubuntu; Linux x86_64; rv:100.0) Gecko/20100101 Firefox/100.0\"\n"}
{"level":"info","message":"::ffff:127.0.0.1 - - [16/May/2022:05:36:14 +0000] \"GET /css/signin.css HTTP/1.1\" 304 - \"http://localhost:3000/users/forget-password\" \"Mozilla/5.0 (X11; Ubuntu; Linux x86_64; rv:100.0) Gecko/20100101 Firefox/100.0\"\n"}
{"level":"info","message":"::ffff:127.0.0.1 - - [16/May/2022:05:36:44 +0000] \"GET /users/reset-password/eyJhbGciOiJIUzI1NiIsInR5cCI6IkpXVCJ9.eyJ1c2VySWQiOiI2MjgxMmM5MmEzNGQ2ZDI1YjZlODQ3NzgiLCJpYXQiOjE2NTI2NzkzNzQsImV4cCI6MTY1MjY4Mjk3NH0.vMqiu8-CTlDd_ysX0LTg0S0K7w-VgVocpIJ-BfPBS7g HTTP/1.1\" 500 2810 \"-\" \"Mozilla/5.0 (X11; Ubuntu; Linux x86_64; rv:100.0) Gecko/20100101 Firefox/100.0\"\n"}
{"level":"info","message":"::ffff:127.0.0.1 - - [16/May/2022:05:40:30 +0000] \"GET /users/reset-password/eyJhbGciOiJIUzI1NiIsInR5cCI6IkpXVCJ9.eyJ1c2VySWQiOiI2MjgxMmM5MmEzNGQ2ZDI1YjZlODQ3NzgiLCJpYXQiOjE2NTI2NzkzNzQsImV4cCI6MTY1MjY4Mjk3NH0.vMqiu8-CTlDd_ysX0LTg0S0K7w-VgVocpIJ-BfPBS7g HTTP/1.1\" 200 1757 \"-\" \"Mozilla/5.0 (X11; Ubuntu; Linux x86_64; rv:100.0) Gecko/20100101 Firefox/100.0\"\n"}
{"level":"info","message":"::ffff:127.0.0.1 - - [16/May/2022:05:40:31 +0000] \"GET /js/jquery.slim.min.js HTTP/1.1\" 304 - \"http://localhost:3000/users/reset-password/eyJhbGciOiJIUzI1NiIsInR5cCI6IkpXVCJ9.eyJ1c2VySWQiOiI2MjgxMmM5MmEzNGQ2ZDI1YjZlODQ3NzgiLCJpYXQiOjE2NTI2NzkzNzQsImV4cCI6MTY1MjY4Mjk3NH0.vMqiu8-CTlDd_ysX0LTg0S0K7w-VgVocpIJ-BfPBS7g\" \"Mozilla/5.0 (X11; Ubuntu; Linux x86_64; rv:100.0) Gecko/20100101 Firefox/100.0\"\n"}
{"level":"info","message":"::ffff:127.0.0.1 - - [16/May/2022:05:40:31 +0000] \"GET /css/bootstrap-rtl.css HTTP/1.1\" 304 - \"http://localhost:3000/users/reset-password/eyJhbGciOiJIUzI1NiIsInR5cCI6IkpXVCJ9.eyJ1c2VySWQiOiI2MjgxMmM5MmEzNGQ2ZDI1YjZlODQ3NzgiLCJpYXQiOjE2NTI2NzkzNzQsImV4cCI6MTY1MjY4Mjk3NH0.vMqiu8-CTlDd_ysX0LTg0S0K7w-VgVocpIJ-BfPBS7g\" \"Mozilla/5.0 (X11; Ubuntu; Linux x86_64; rv:100.0) Gecko/20100101 Firefox/100.0\"\n"}
{"level":"info","message":"::ffff:127.0.0.1 - - [16/May/2022:05:40:31 +0000] \"GET /css/signin.css HTTP/1.1\" 304 - \"http://localhost:3000/users/reset-password/eyJhbGciOiJIUzI1NiIsInR5cCI6IkpXVCJ9.eyJ1c2VySWQiOiI2MjgxMmM5MmEzNGQ2ZDI1YjZlODQ3NzgiLCJpYXQiOjE2NTI2NzkzNzQsImV4cCI6MTY1MjY4Mjk3NH0.vMqiu8-CTlDd_ysX0LTg0S0K7w-VgVocpIJ-BfPBS7g\" \"Mozilla/5.0 (X11; Ubuntu; Linux x86_64; rv:100.0) Gecko/20100101 Firefox/100.0\"\n"}
{"level":"info","message":"::ffff:127.0.0.1 - - [16/May/2022:05:40:31 +0000] \"GET /css/font-awesome.css HTTP/1.1\" 304 - \"http://localhost:3000/users/reset-password/eyJhbGciOiJIUzI1NiIsInR5cCI6IkpXVCJ9.eyJ1c2VySWQiOiI2MjgxMmM5MmEzNGQ2ZDI1YjZlODQ3NzgiLCJpYXQiOjE2NTI2NzkzNzQsImV4cCI6MTY1MjY4Mjk3NH0.vMqiu8-CTlDd_ysX0LTg0S0K7w-VgVocpIJ-BfPBS7g\" \"Mozilla/5.0 (X11; Ubuntu; Linux x86_64; rv:100.0) Gecko/20100101 Firefox/100.0\"\n"}
{"level":"info","message":"::ffff:127.0.0.1 - - [16/May/2022:05:40:31 +0000] \"GET /js/bootstrap.min.js HTTP/1.1\" 304 - \"http://localhost:3000/users/reset-password/eyJhbGciOiJIUzI1NiIsInR5cCI6IkpXVCJ9.eyJ1c2VySWQiOiI2MjgxMmM5MmEzNGQ2ZDI1YjZlODQ3NzgiLCJpYXQiOjE2NTI2NzkzNzQsImV4cCI6MTY1MjY4Mjk3NH0.vMqiu8-CTlDd_ysX0LTg0S0K7w-VgVocpIJ-BfPBS7g\" \"Mozilla/5.0 (X11; Ubuntu; Linux x86_64; rv:100.0) Gecko/20100101 Firefox/100.0\"\n"}
{"level":"info","message":"::ffff:127.0.0.1 - - [16/May/2022:05:40:31 +0000] \"GET /css/styles.css HTTP/1.1\" 304 - \"http://localhost:3000/users/reset-password/eyJhbGciOiJIUzI1NiIsInR5cCI6IkpXVCJ9.eyJ1c2VySWQiOiI2MjgxMmM5MmEzNGQ2ZDI1YjZlODQ3NzgiLCJpYXQiOjE2NTI2NzkzNzQsImV4cCI6MTY1MjY4Mjk3NH0.vMqiu8-CTlDd_ysX0LTg0S0K7w-VgVocpIJ-BfPBS7g\" \"Mozilla/5.0 (X11; Ubuntu; Linux x86_64; rv:100.0) Gecko/20100101 Firefox/100.0\"\n"}
{"level":"info","message":"::ffff:127.0.0.1 - - [16/May/2022:05:40:31 +0000] \"GET /fonts/BYekan-webfont.woff HTTP/1.1\" 304 - \"http://localhost:3000/css/styles.css\" \"Mozilla/5.0 (X11; Ubuntu; Linux x86_64; rv:100.0) Gecko/20100101 Firefox/100.0\"\n"}
{"level":"info","message":"::ffff:127.0.0.1 - - [16/May/2022:05:41:28 +0000] \"GET /users/reset-password/eyJhbGciOiJIUzI1NiIsInR5cCI6IkpXVCJ9.eyJ1c2VySWQiOiI2MjgxMmM5MmEzNGQ2ZDI1YjZlODQ3NzgiLCJpYXQiOjE2NTI2NzkzNzQsImV4cCI6MTY1MjY4Mjk3NH0.vMqiu8-CTlDd_ysX0LTg0S0K7w-VgVocpIJ-BfPBS7g HTTP/1.1\" 304 - \"-\" \"Mozilla/5.0 (X11; Ubuntu; Linux x86_64; rv:100.0) Gecko/20100101 Firefox/100.0\"\n"}
{"level":"info","message":"::ffff:127.0.0.1 - - [16/May/2022:05:41:28 +0000] \"GET /js/jquery.slim.min.js HTTP/1.1\" 304 - \"http://localhost:3000/users/reset-password/eyJhbGciOiJIUzI1NiIsInR5cCI6IkpXVCJ9.eyJ1c2VySWQiOiI2MjgxMmM5MmEzNGQ2ZDI1YjZlODQ3NzgiLCJpYXQiOjE2NTI2NzkzNzQsImV4cCI6MTY1MjY4Mjk3NH0.vMqiu8-CTlDd_ysX0LTg0S0K7w-VgVocpIJ-BfPBS7g\" \"Mozilla/5.0 (X11; Ubuntu; Linux x86_64; rv:100.0) Gecko/20100101 Firefox/100.0\"\n"}
{"level":"info","message":"::ffff:127.0.0.1 - - [16/May/2022:05:41:28 +0000] \"GET /js/bootstrap.min.js HTTP/1.1\" 304 - \"http://localhost:3000/users/reset-password/eyJhbGciOiJIUzI1NiIsInR5cCI6IkpXVCJ9.eyJ1c2VySWQiOiI2MjgxMmM5MmEzNGQ2ZDI1YjZlODQ3NzgiLCJpYXQiOjE2NTI2NzkzNzQsImV4cCI6MTY1MjY4Mjk3NH0.vMqiu8-CTlDd_ysX0LTg0S0K7w-VgVocpIJ-BfPBS7g\" \"Mozilla/5.0 (X11; Ubuntu; Linux x86_64; rv:100.0) Gecko/20100101 Firefox/100.0\"\n"}
{"level":"info","message":"::ffff:127.0.0.1 - - [16/May/2022:05:41:28 +0000] \"GET /css/styles.css HTTP/1.1\" 304 - \"http://localhost:3000/users/reset-password/eyJhbGciOiJIUzI1NiIsInR5cCI6IkpXVCJ9.eyJ1c2VySWQiOiI2MjgxMmM5MmEzNGQ2ZDI1YjZlODQ3NzgiLCJpYXQiOjE2NTI2NzkzNzQsImV4cCI6MTY1MjY4Mjk3NH0.vMqiu8-CTlDd_ysX0LTg0S0K7w-VgVocpIJ-BfPBS7g\" \"Mozilla/5.0 (X11; Ubuntu; Linux x86_64; rv:100.0) Gecko/20100101 Firefox/100.0\"\n"}
{"level":"info","message":"::ffff:127.0.0.1 - - [16/May/2022:05:41:28 +0000] \"GET /css/bootstrap-rtl.css HTTP/1.1\" 304 - \"http://localhost:3000/users/reset-password/eyJhbGciOiJIUzI1NiIsInR5cCI6IkpXVCJ9.eyJ1c2VySWQiOiI2MjgxMmM5MmEzNGQ2ZDI1YjZlODQ3NzgiLCJpYXQiOjE2NTI2NzkzNzQsImV4cCI6MTY1MjY4Mjk3NH0.vMqiu8-CTlDd_ysX0LTg0S0K7w-VgVocpIJ-BfPBS7g\" \"Mozilla/5.0 (X11; Ubuntu; Linux x86_64; rv:100.0) Gecko/20100101 Firefox/100.0\"\n"}
{"level":"info","message":"::ffff:127.0.0.1 - - [16/May/2022:05:41:28 +0000] \"GET /css/font-awesome.css HTTP/1.1\" 304 - \"http://localhost:3000/users/reset-password/eyJhbGciOiJIUzI1NiIsInR5cCI6IkpXVCJ9.eyJ1c2VySWQiOiI2MjgxMmM5MmEzNGQ2ZDI1YjZlODQ3NzgiLCJpYXQiOjE2NTI2NzkzNzQsImV4cCI6MTY1MjY4Mjk3NH0.vMqiu8-CTlDd_ysX0LTg0S0K7w-VgVocpIJ-BfPBS7g\" \"Mozilla/5.0 (X11; Ubuntu; Linux x86_64; rv:100.0) Gecko/20100101 Firefox/100.0\"\n"}
{"level":"info","message":"::ffff:127.0.0.1 - - [16/May/2022:05:41:28 +0000] \"GET /css/signin.css HTTP/1.1\" 304 - \"http://localhost:3000/users/reset-password/eyJhbGciOiJIUzI1NiIsInR5cCI6IkpXVCJ9.eyJ1c2VySWQiOiI2MjgxMmM5MmEzNGQ2ZDI1YjZlODQ3NzgiLCJpYXQiOjE2NTI2NzkzNzQsImV4cCI6MTY1MjY4Mjk3NH0.vMqiu8-CTlDd_ysX0LTg0S0K7w-VgVocpIJ-BfPBS7g\" \"Mozilla/5.0 (X11; Ubuntu; Linux x86_64; rv:100.0) Gecko/20100101 Firefox/100.0\"\n"}
{"level":"info","message":"::ffff:127.0.0.1 - - [16/May/2022:05:41:28 +0000] \"GET /fonts/BYekan-webfont.woff HTTP/1.1\" 304 - \"http://localhost:3000/css/styles.css\" \"Mozilla/5.0 (X11; Ubuntu; Linux x86_64; rv:100.0) Gecko/20100101 Firefox/100.0\"\n"}
{"level":"info","message":"::ffff:127.0.0.1 - - [16/May/2022:05:41:35 +0000] \"POST /users/reset-password/62812c92a34d6d25b6e84778 HTTP/1.1\" 302 68 \"http://localhost:3000/users/reset-password/eyJhbGciOiJIUzI1NiIsInR5cCI6IkpXVCJ9.eyJ1c2VySWQiOiI2MjgxMmM5MmEzNGQ2ZDI1YjZlODQ3NzgiLCJpYXQiOjE2NTI2NzkzNzQsImV4cCI6MTY1MjY4Mjk3NH0.vMqiu8-CTlDd_ysX0LTg0S0K7w-VgVocpIJ-BfPBS7g\" \"Mozilla/5.0 (X11; Ubuntu; Linux x86_64; rv:100.0) Gecko/20100101 Firefox/100.0\"\n"}
{"level":"info","message":"::ffff:127.0.0.1 - - [16/May/2022:05:41:35 +0000] \"GET /users/login HTTP/1.1\" 200 2078 \"http://localhost:3000/users/reset-password/eyJhbGciOiJIUzI1NiIsInR5cCI6IkpXVCJ9.eyJ1c2VySWQiOiI2MjgxMmM5MmEzNGQ2ZDI1YjZlODQ3NzgiLCJpYXQiOjE2NTI2NzkzNzQsImV4cCI6MTY1MjY4Mjk3NH0.vMqiu8-CTlDd_ysX0LTg0S0K7w-VgVocpIJ-BfPBS7g\" \"Mozilla/5.0 (X11; Ubuntu; Linux x86_64; rv:100.0) Gecko/20100101 Firefox/100.0\"\n"}
{"level":"info","message":"::ffff:127.0.0.1 - - [16/May/2022:05:41:36 +0000] \"GET /js/jquery.slim.min.js HTTP/1.1\" 304 - \"http://localhost:3000/users/login\" \"Mozilla/5.0 (X11; Ubuntu; Linux x86_64; rv:100.0) Gecko/20100101 Firefox/100.0\"\n"}
{"level":"info","message":"::ffff:127.0.0.1 - - [16/May/2022:05:41:36 +0000] \"GET /js/bootstrap.min.js HTTP/1.1\" 304 - \"http://localhost:3000/users/login\" \"Mozilla/5.0 (X11; Ubuntu; Linux x86_64; rv:100.0) Gecko/20100101 Firefox/100.0\"\n"}
{"level":"info","message":"::ffff:127.0.0.1 - - [16/May/2022:05:41:36 +0000] \"GET /css/styles.css HTTP/1.1\" 304 - \"http://localhost:3000/users/login\" \"Mozilla/5.0 (X11; Ubuntu; Linux x86_64; rv:100.0) Gecko/20100101 Firefox/100.0\"\n"}
{"level":"info","message":"::ffff:127.0.0.1 - - [16/May/2022:05:41:36 +0000] \"GET /css/bootstrap-rtl.css HTTP/1.1\" 304 - \"http://localhost:3000/users/login\" \"Mozilla/5.0 (X11; Ubuntu; Linux x86_64; rv:100.0) Gecko/20100101 Firefox/100.0\"\n"}
{"level":"info","message":"::ffff:127.0.0.1 - - [16/May/2022:05:41:36 +0000] \"GET /css/font-awesome.css HTTP/1.1\" 304 - \"http://localhost:3000/users/login\" \"Mozilla/5.0 (X11; Ubuntu; Linux x86_64; rv:100.0) Gecko/20100101 Firefox/100.0\"\n"}
{"level":"info","message":"::ffff:127.0.0.1 - - [16/May/2022:05:41:36 +0000] \"GET /css/signin.css HTTP/1.1\" 304 - \"http://localhost:3000/users/login\" \"Mozilla/5.0 (X11; Ubuntu; Linux x86_64; rv:100.0) Gecko/20100101 Firefox/100.0\"\n"}
{"level":"info","message":"::ffff:127.0.0.1 - - [16/May/2022:05:41:36 +0000] \"GET /favicon.ico HTTP/1.1\" - - \"http://localhost:3000/users/login\" \"Mozilla/5.0 (X11; Ubuntu; Linux x86_64; rv:100.0) Gecko/20100101 Firefox/100.0\"\n"}
{"level":"info","message":"::ffff:127.0.0.1 - - [16/May/2022:05:41:46 +0000] \"POST /users/login HTTP/1.1\" 302 68 \"http://localhost:3000/users/login\" \"Mozilla/5.0 (X11; Ubuntu; Linux x86_64; rv:100.0) Gecko/20100101 Firefox/100.0\"\n"}
{"level":"info","message":"::ffff:127.0.0.1 - - [16/May/2022:05:41:46 +0000] \"GET /users/login HTTP/1.1\" 200 2403 \"http://localhost:3000/users/login\" \"Mozilla/5.0 (X11; Ubuntu; Linux x86_64; rv:100.0) Gecko/20100101 Firefox/100.0\"\n"}
{"level":"info","message":"::ffff:127.0.0.1 - - [16/May/2022:05:41:46 +0000] \"GET /js/jquery.slim.min.js HTTP/1.1\" 304 - \"http://localhost:3000/users/login\" \"Mozilla/5.0 (X11; Ubuntu; Linux x86_64; rv:100.0) Gecko/20100101 Firefox/100.0\"\n"}
{"level":"info","message":"::ffff:127.0.0.1 - - [16/May/2022:05:41:46 +0000] \"GET /js/bootstrap.min.js HTTP/1.1\" 304 - \"http://localhost:3000/users/login\" \"Mozilla/5.0 (X11; Ubuntu; Linux x86_64; rv:100.0) Gecko/20100101 Firefox/100.0\"\n"}
{"level":"info","message":"::ffff:127.0.0.1 - - [16/May/2022:05:41:46 +0000] \"GET /css/bootstrap-rtl.css HTTP/1.1\" 304 - \"http://localhost:3000/users/login\" \"Mozilla/5.0 (X11; Ubuntu; Linux x86_64; rv:100.0) Gecko/20100101 Firefox/100.0\"\n"}
{"level":"info","message":"::ffff:127.0.0.1 - - [16/May/2022:05:41:46 +0000] \"GET /css/font-awesome.css HTTP/1.1\" 304 - \"http://localhost:3000/users/login\" \"Mozilla/5.0 (X11; Ubuntu; Linux x86_64; rv:100.0) Gecko/20100101 Firefox/100.0\"\n"}
{"level":"info","message":"::ffff:127.0.0.1 - - [16/May/2022:05:41:46 +0000] \"GET /css/signin.css HTTP/1.1\" 304 - \"http://localhost:3000/users/login\" \"Mozilla/5.0 (X11; Ubuntu; Linux x86_64; rv:100.0) Gecko/20100101 Firefox/100.0\"\n"}
{"level":"info","message":"::ffff:127.0.0.1 - - [16/May/2022:05:41:46 +0000] \"GET /css/styles.css HTTP/1.1\" 304 - \"http://localhost:3000/users/login\" \"Mozilla/5.0 (X11; Ubuntu; Linux x86_64; rv:100.0) Gecko/20100101 Firefox/100.0\"\n"}
{"level":"info","message":"::ffff:127.0.0.1 - - [16/May/2022:05:41:47 +0000] \"GET /favicon.ico HTTP/1.1\" - - \"http://localhost:3000/users/login\" \"Mozilla/5.0 (X11; Ubuntu; Linux x86_64; rv:100.0) Gecko/20100101 Firefox/100.0\"\n"}
{"level":"info","message":"::ffff:127.0.0.1 - - [16/May/2022:05:41:56 +0000] \"POST /users/login HTTP/1.1\" 302 68 \"http://localhost:3000/users/login\" \"Mozilla/5.0 (X11; Ubuntu; Linux x86_64; rv:100.0) Gecko/20100101 Firefox/100.0\"\n"}
{"level":"info","message":"::ffff:127.0.0.1 - - [16/May/2022:05:41:56 +0000] \"GET /users/login HTTP/1.1\" 200 2403 \"http://localhost:3000/users/login\" \"Mozilla/5.0 (X11; Ubuntu; Linux x86_64; rv:100.0) Gecko/20100101 Firefox/100.0\"\n"}
{"level":"info","message":"::ffff:127.0.0.1 - - [16/May/2022:05:41:56 +0000] \"GET /css/styles.css HTTP/1.1\" 304 - \"http://localhost:3000/users/login\" \"Mozilla/5.0 (X11; Ubuntu; Linux x86_64; rv:100.0) Gecko/20100101 Firefox/100.0\"\n"}
{"level":"info","message":"::ffff:127.0.0.1 - - [16/May/2022:05:41:56 +0000] \"GET /css/bootstrap-rtl.css HTTP/1.1\" 304 - \"http://localhost:3000/users/login\" \"Mozilla/5.0 (X11; Ubuntu; Linux x86_64; rv:100.0) Gecko/20100101 Firefox/100.0\"\n"}
{"level":"info","message":"::ffff:127.0.0.1 - - [16/May/2022:05:41:56 +0000] \"GET /css/font-awesome.css HTTP/1.1\" 304 - \"http://localhost:3000/users/login\" \"Mozilla/5.0 (X11; Ubuntu; Linux x86_64; rv:100.0) Gecko/20100101 Firefox/100.0\"\n"}
{"level":"info","message":"::ffff:127.0.0.1 - - [16/May/2022:05:41:56 +0000] \"GET /css/signin.css HTTP/1.1\" 304 - \"http://localhost:3000/users/login\" \"Mozilla/5.0 (X11; Ubuntu; Linux x86_64; rv:100.0) Gecko/20100101 Firefox/100.0\"\n"}
{"level":"info","message":"::ffff:127.0.0.1 - - [16/May/2022:05:41:56 +0000] \"GET /js/jquery.slim.min.js HTTP/1.1\" 304 - \"http://localhost:3000/users/login\" \"Mozilla/5.0 (X11; Ubuntu; Linux x86_64; rv:100.0) Gecko/20100101 Firefox/100.0\"\n"}
{"level":"info","message":"::ffff:127.0.0.1 - - [16/May/2022:05:41:56 +0000] \"GET /js/bootstrap.min.js HTTP/1.1\" 304 - \"http://localhost:3000/users/login\" \"Mozilla/5.0 (X11; Ubuntu; Linux x86_64; rv:100.0) Gecko/20100101 Firefox/100.0\"\n"}
{"level":"info","message":"::ffff:127.0.0.1 - - [16/May/2022:05:43:49 +0000] \"POST /users/login HTTP/1.1\" 302 68 \"http://localhost:3000/users/login\" \"Mozilla/5.0 (X11; Ubuntu; Linux x86_64; rv:100.0) Gecko/20100101 Firefox/100.0\"\n"}
{"level":"info","message":"::ffff:127.0.0.1 - - [16/May/2022:05:43:49 +0000] \"GET /users/login HTTP/1.1\" 200 2403 \"http://localhost:3000/users/login\" \"Mozilla/5.0 (X11; Ubuntu; Linux x86_64; rv:100.0) Gecko/20100101 Firefox/100.0\"\n"}
{"level":"info","message":"::ffff:127.0.0.1 - - [16/May/2022:05:43:49 +0000] \"GET /js/jquery.slim.min.js HTTP/1.1\" 304 - \"http://localhost:3000/users/login\" \"Mozilla/5.0 (X11; Ubuntu; Linux x86_64; rv:100.0) Gecko/20100101 Firefox/100.0\"\n"}
{"level":"info","message":"::ffff:127.0.0.1 - - [16/May/2022:05:43:49 +0000] \"GET /js/bootstrap.min.js HTTP/1.1\" 304 - \"http://localhost:3000/users/login\" \"Mozilla/5.0 (X11; Ubuntu; Linux x86_64; rv:100.0) Gecko/20100101 Firefox/100.0\"\n"}
{"level":"info","message":"::ffff:127.0.0.1 - - [16/May/2022:05:43:49 +0000] \"GET /css/styles.css HTTP/1.1\" 304 - \"http://localhost:3000/users/login\" \"Mozilla/5.0 (X11; Ubuntu; Linux x86_64; rv:100.0) Gecko/20100101 Firefox/100.0\"\n"}
{"level":"info","message":"::ffff:127.0.0.1 - - [16/May/2022:05:43:49 +0000] \"GET /css/bootstrap-rtl.css HTTP/1.1\" 304 - \"http://localhost:3000/users/login\" \"Mozilla/5.0 (X11; Ubuntu; Linux x86_64; rv:100.0) Gecko/20100101 Firefox/100.0\"\n"}
{"level":"info","message":"::ffff:127.0.0.1 - - [16/May/2022:05:43:49 +0000] \"GET /css/font-awesome.css HTTP/1.1\" 304 - \"http://localhost:3000/users/login\" \"Mozilla/5.0 (X11; Ubuntu; Linux x86_64; rv:100.0) Gecko/20100101 Firefox/100.0\"\n"}
{"level":"info","message":"::ffff:127.0.0.1 - - [16/May/2022:05:43:49 +0000] \"GET /css/signin.css HTTP/1.1\" 304 - \"http://localhost:3000/users/login\" \"Mozilla/5.0 (X11; Ubuntu; Linux x86_64; rv:100.0) Gecko/20100101 Firefox/100.0\"\n"}
{"level":"info","message":"::ffff:127.0.0.1 - - [16/May/2022:05:43:50 +0000] \"GET /favicon.ico HTTP/1.1\" - - \"http://localhost:3000/users/login\" \"Mozilla/5.0 (X11; Ubuntu; Linux x86_64; rv:100.0) Gecko/20100101 Firefox/100.0\"\n"}
{"level":"info","message":"::ffff:127.0.0.1 - - [16/May/2022:05:44:03 +0000] \"POST /users/login HTTP/1.1\" 302 68 \"http://localhost:3000/users/login\" \"Mozilla/5.0 (X11; Ubuntu; Linux x86_64; rv:100.0) Gecko/20100101 Firefox/100.0\"\n"}
{"level":"info","message":"::ffff:127.0.0.1 - - [16/May/2022:05:44:03 +0000] \"GET /users/login HTTP/1.1\" 200 2403 \"http://localhost:3000/users/login\" \"Mozilla/5.0 (X11; Ubuntu; Linux x86_64; rv:100.0) Gecko/20100101 Firefox/100.0\"\n"}
{"level":"info","message":"::ffff:127.0.0.1 - - [16/May/2022:05:44:03 +0000] \"GET /js/jquery.slim.min.js HTTP/1.1\" 304 - \"http://localhost:3000/users/login\" \"Mozilla/5.0 (X11; Ubuntu; Linux x86_64; rv:100.0) Gecko/20100101 Firefox/100.0\"\n"}
{"level":"info","message":"::ffff:127.0.0.1 - - [16/May/2022:05:44:03 +0000] \"GET /js/bootstrap.min.js HTTP/1.1\" 304 - \"http://localhost:3000/users/login\" \"Mozilla/5.0 (X11; Ubuntu; Linux x86_64; rv:100.0) Gecko/20100101 Firefox/100.0\"\n"}
{"level":"info","message":"::ffff:127.0.0.1 - - [16/May/2022:05:44:03 +0000] \"GET /css/bootstrap-rtl.css HTTP/1.1\" 304 - \"http://localhost:3000/users/login\" \"Mozilla/5.0 (X11; Ubuntu; Linux x86_64; rv:100.0) Gecko/20100101 Firefox/100.0\"\n"}
{"level":"info","message":"::ffff:127.0.0.1 - - [16/May/2022:05:44:03 +0000] \"GET /css/font-awesome.css HTTP/1.1\" 304 - \"http://localhost:3000/users/login\" \"Mozilla/5.0 (X11; Ubuntu; Linux x86_64; rv:100.0) Gecko/20100101 Firefox/100.0\"\n"}
{"level":"info","message":"::ffff:127.0.0.1 - - [16/May/2022:05:44:03 +0000] \"GET /css/signin.css HTTP/1.1\" 304 - \"http://localhost:3000/users/login\" \"Mozilla/5.0 (X11; Ubuntu; Linux x86_64; rv:100.0) Gecko/20100101 Firefox/100.0\"\n"}
{"level":"info","message":"::ffff:127.0.0.1 - - [16/May/2022:05:44:03 +0000] \"GET /css/styles.css HTTP/1.1\" 200 434 \"http://localhost:3000/users/login\" \"Mozilla/5.0 (X11; Ubuntu; Linux x86_64; rv:100.0) Gecko/20100101 Firefox/100.0\"\n"}
{"level":"info","message":"::ffff:127.0.0.1 - - [16/May/2022:05:44:03 +0000] \"GET /favicon.ico HTTP/1.1\" - - \"http://localhost:3000/users/login\" \"Mozilla/5.0 (X11; Ubuntu; Linux x86_64; rv:100.0) Gecko/20100101 Firefox/100.0\"\n"}
{"level":"info","message":"::ffff:127.0.0.1 - - [16/May/2022:05:44:36 +0000] \"POST /users/login HTTP/1.1\" 302 68 \"http://localhost:3000/users/login\" \"Mozilla/5.0 (X11; Ubuntu; Linux x86_64; rv:100.0) Gecko/20100101 Firefox/100.0\"\n"}
{"level":"info","message":"::ffff:127.0.0.1 - - [16/May/2022:05:44:36 +0000] \"GET /users/login HTTP/1.1\" 200 2403 \"http://localhost:3000/users/login\" \"Mozilla/5.0 (X11; Ubuntu; Linux x86_64; rv:100.0) Gecko/20100101 Firefox/100.0\"\n"}
{"level":"info","message":"::ffff:127.0.0.1 - - [16/May/2022:05:44:36 +0000] \"GET /js/jquery.slim.min.js HTTP/1.1\" 304 - \"http://localhost:3000/users/login\" \"Mozilla/5.0 (X11; Ubuntu; Linux x86_64; rv:100.0) Gecko/20100101 Firefox/100.0\"\n"}
{"level":"info","message":"::ffff:127.0.0.1 - - [16/May/2022:05:44:37 +0000] \"GET /js/bootstrap.min.js HTTP/1.1\" 304 - \"http://localhost:3000/users/login\" \"Mozilla/5.0 (X11; Ubuntu; Linux x86_64; rv:100.0) Gecko/20100101 Firefox/100.0\"\n"}
{"level":"info","message":"::ffff:127.0.0.1 - - [16/May/2022:05:44:37 +0000] \"GET /css/bootstrap-rtl.css HTTP/1.1\" 304 - \"http://localhost:3000/users/login\" \"Mozilla/5.0 (X11; Ubuntu; Linux x86_64; rv:100.0) Gecko/20100101 Firefox/100.0\"\n"}
{"level":"info","message":"::ffff:127.0.0.1 - - [16/May/2022:05:44:37 +0000] \"GET /css/font-awesome.css HTTP/1.1\" 304 - \"http://localhost:3000/users/login\" \"Mozilla/5.0 (X11; Ubuntu; Linux x86_64; rv:100.0) Gecko/20100101 Firefox/100.0\"\n"}
{"level":"info","message":"::ffff:127.0.0.1 - - [16/May/2022:05:44:37 +0000] \"GET /css/styles.css HTTP/1.1\" 304 - \"http://localhost:3000/users/login\" \"Mozilla/5.0 (X11; Ubuntu; Linux x86_64; rv:100.0) Gecko/20100101 Firefox/100.0\"\n"}
{"level":"info","message":"::ffff:127.0.0.1 - - [16/May/2022:05:44:37 +0000] \"GET /css/signin.css HTTP/1.1\" 304 - \"http://localhost:3000/users/login\" \"Mozilla/5.0 (X11; Ubuntu; Linux x86_64; rv:100.0) Gecko/20100101 Firefox/100.0\"\n"}
{"level":"info","message":"::ffff:127.0.0.1 - - [16/May/2022:05:44:37 +0000] \"GET /favicon.ico HTTP/1.1\" - - \"http://localhost:3000/users/login\" \"Mozilla/5.0 (X11; Ubuntu; Linux x86_64; rv:100.0) Gecko/20100101 Firefox/100.0\"\n"}
{"level":"info","message":"::ffff:127.0.0.1 - - [16/May/2022:05:47:11 +0000] \"GET /users/forget-password HTTP/1.1\" 200 1768 \"http://localhost:3000/users/login\" \"Mozilla/5.0 (X11; Ubuntu; Linux x86_64; rv:100.0) Gecko/20100101 Firefox/100.0\"\n"}
{"level":"info","message":"::ffff:127.0.0.1 - - [16/May/2022:05:47:12 +0000] \"GET /js/jquery.slim.min.js HTTP/1.1\" 304 - \"http://localhost:3000/users/forget-password\" \"Mozilla/5.0 (X11; Ubuntu; Linux x86_64; rv:100.0) Gecko/20100101 Firefox/100.0\"\n"}
{"level":"info","message":"::ffff:127.0.0.1 - - [16/May/2022:05:47:12 +0000] \"GET /css/bootstrap-rtl.css HTTP/1.1\" 304 - \"http://localhost:3000/users/forget-password\" \"Mozilla/5.0 (X11; Ubuntu; Linux x86_64; rv:100.0) Gecko/20100101 Firefox/100.0\"\n"}
{"level":"info","message":"::ffff:127.0.0.1 - - [16/May/2022:05:47:12 +0000] \"GET /css/styles.css HTTP/1.1\" 304 - \"http://localhost:3000/users/forget-password\" \"Mozilla/5.0 (X11; Ubuntu; Linux x86_64; rv:100.0) Gecko/20100101 Firefox/100.0\"\n"}
{"level":"info","message":"::ffff:127.0.0.1 - - [16/May/2022:05:47:12 +0000] \"GET /js/bootstrap.min.js HTTP/1.1\" 304 - \"http://localhost:3000/users/forget-password\" \"Mozilla/5.0 (X11; Ubuntu; Linux x86_64; rv:100.0) Gecko/20100101 Firefox/100.0\"\n"}
{"level":"info","message":"::ffff:127.0.0.1 - - [16/May/2022:05:47:12 +0000] \"GET /css/font-awesome.css HTTP/1.1\" 304 - \"http://localhost:3000/users/forget-password\" \"Mozilla/5.0 (X11; Ubuntu; Linux x86_64; rv:100.0) Gecko/20100101 Firefox/100.0\"\n"}
{"level":"info","message":"::ffff:127.0.0.1 - - [16/May/2022:05:47:12 +0000] \"GET /css/signin.css HTTP/1.1\" 304 - \"http://localhost:3000/users/forget-password\" \"Mozilla/5.0 (X11; Ubuntu; Linux x86_64; rv:100.0) Gecko/20100101 Firefox/100.0\"\n"}
{"level":"info","message":"::ffff:127.0.0.1 - - [16/May/2022:05:47:12 +0000] \"GET /favicon.ico HTTP/1.1\" - - \"http://localhost:3000/users/forget-password\" \"Mozilla/5.0 (X11; Ubuntu; Linux x86_64; rv:100.0) Gecko/20100101 Firefox/100.0\"\n"}
{"level":"info","message":"::ffff:127.0.0.1 - - [16/May/2022:05:47:14 +0000] \"POST /users/forget-password HTTP/1.1\" 200 1767 \"http://localhost:3000/users/forget-password\" \"Mozilla/5.0 (X11; Ubuntu; Linux x86_64; rv:100.0) Gecko/20100101 Firefox/100.0\"\n"}
{"level":"info","message":"::ffff:127.0.0.1 - - [16/May/2022:05:47:14 +0000] \"GET /js/jquery.slim.min.js HTTP/1.1\" 304 - \"http://localhost:3000/users/forget-password\" \"Mozilla/5.0 (X11; Ubuntu; Linux x86_64; rv:100.0) Gecko/20100101 Firefox/100.0\"\n"}
{"level":"info","message":"::ffff:127.0.0.1 - - [16/May/2022:05:47:14 +0000] \"GET /js/bootstrap.min.js HTTP/1.1\" 304 - \"http://localhost:3000/users/forget-password\" \"Mozilla/5.0 (X11; Ubuntu; Linux x86_64; rv:100.0) Gecko/20100101 Firefox/100.0\"\n"}
{"level":"info","message":"::ffff:127.0.0.1 - - [16/May/2022:05:47:14 +0000] \"GET /css/bootstrap-rtl.css HTTP/1.1\" 304 - \"http://localhost:3000/users/forget-password\" \"Mozilla/5.0 (X11; Ubuntu; Linux x86_64; rv:100.0) Gecko/20100101 Firefox/100.0\"\n"}
{"level":"info","message":"::ffff:127.0.0.1 - - [16/May/2022:05:47:14 +0000] \"GET /css/font-awesome.css HTTP/1.1\" 304 - \"http://localhost:3000/users/forget-password\" \"Mozilla/5.0 (X11; Ubuntu; Linux x86_64; rv:100.0) Gecko/20100101 Firefox/100.0\"\n"}
{"level":"info","message":"::ffff:127.0.0.1 - - [16/May/2022:05:47:14 +0000] \"GET /css/styles.css HTTP/1.1\" 200 434 \"http://localhost:3000/users/forget-password\" \"Mozilla/5.0 (X11; Ubuntu; Linux x86_64; rv:100.0) Gecko/20100101 Firefox/100.0\"\n"}
{"level":"info","message":"::ffff:127.0.0.1 - - [16/May/2022:05:47:14 +0000] \"GET /css/signin.css HTTP/1.1\" 304 - \"http://localhost:3000/users/forget-password\" \"Mozilla/5.0 (X11; Ubuntu; Linux x86_64; rv:100.0) Gecko/20100101 Firefox/100.0\"\n"}
{"level":"info","message":"::ffff:127.0.0.1 - - [16/May/2022:05:47:34 +0000] \"GET /users/reset-password/eyJhbGciOiJIUzI1NiIsInR5cCI6IkpXVCJ9.eyJ1c2VySWQiOiI2MjgxMmM5MmEzNGQ2ZDI1YjZlODQ3NzgiLCJpYXQiOjE2NTI2ODAwMzQsImV4cCI6MTY1MjY4MzYzNH0.2faxTnDsQqbk4iHZ8YFnYnCJA66QrofbAo9v7oCdI1s HTTP/1.1\" 200 1757 \"-\" \"Mozilla/5.0 (X11; Ubuntu; Linux x86_64; rv:100.0) Gecko/20100101 Firefox/100.0\"\n"}
{"level":"info","message":"::ffff:127.0.0.1 - - [16/May/2022:05:47:35 +0000] \"GET /js/jquery.slim.min.js HTTP/1.1\" 304 - \"http://localhost:3000/users/reset-password/eyJhbGciOiJIUzI1NiIsInR5cCI6IkpXVCJ9.eyJ1c2VySWQiOiI2MjgxMmM5MmEzNGQ2ZDI1YjZlODQ3NzgiLCJpYXQiOjE2NTI2ODAwMzQsImV4cCI6MTY1MjY4MzYzNH0.2faxTnDsQqbk4iHZ8YFnYnCJA66QrofbAo9v7oCdI1s\" \"Mozilla/5.0 (X11; Ubuntu; Linux x86_64; rv:100.0) Gecko/20100101 Firefox/100.0\"\n"}
{"level":"info","message":"::ffff:127.0.0.1 - - [16/May/2022:05:47:35 +0000] \"GET /js/bootstrap.min.js HTTP/1.1\" 304 - \"http://localhost:3000/users/reset-password/eyJhbGciOiJIUzI1NiIsInR5cCI6IkpXVCJ9.eyJ1c2VySWQiOiI2MjgxMmM5MmEzNGQ2ZDI1YjZlODQ3NzgiLCJpYXQiOjE2NTI2ODAwMzQsImV4cCI6MTY1MjY4MzYzNH0.2faxTnDsQqbk4iHZ8YFnYnCJA66QrofbAo9v7oCdI1s\" \"Mozilla/5.0 (X11; Ubuntu; Linux x86_64; rv:100.0) Gecko/20100101 Firefox/100.0\"\n"}
{"level":"info","message":"::ffff:127.0.0.1 - - [16/May/2022:05:47:35 +0000] \"GET /css/styles.css HTTP/1.1\" 304 - \"http://localhost:3000/users/reset-password/eyJhbGciOiJIUzI1NiIsInR5cCI6IkpXVCJ9.eyJ1c2VySWQiOiI2MjgxMmM5MmEzNGQ2ZDI1YjZlODQ3NzgiLCJpYXQiOjE2NTI2ODAwMzQsImV4cCI6MTY1MjY4MzYzNH0.2faxTnDsQqbk4iHZ8YFnYnCJA66QrofbAo9v7oCdI1s\" \"Mozilla/5.0 (X11; Ubuntu; Linux x86_64; rv:100.0) Gecko/20100101 Firefox/100.0\"\n"}
{"level":"info","message":"::ffff:127.0.0.1 - - [16/May/2022:05:47:35 +0000] \"GET /css/bootstrap-rtl.css HTTP/1.1\" 304 - \"http://localhost:3000/users/reset-password/eyJhbGciOiJIUzI1NiIsInR5cCI6IkpXVCJ9.eyJ1c2VySWQiOiI2MjgxMmM5MmEzNGQ2ZDI1YjZlODQ3NzgiLCJpYXQiOjE2NTI2ODAwMzQsImV4cCI6MTY1MjY4MzYzNH0.2faxTnDsQqbk4iHZ8YFnYnCJA66QrofbAo9v7oCdI1s\" \"Mozilla/5.0 (X11; Ubuntu; Linux x86_64; rv:100.0) Gecko/20100101 Firefox/100.0\"\n"}
{"level":"info","message":"::ffff:127.0.0.1 - - [16/May/2022:05:47:35 +0000] \"GET /css/font-awesome.css HTTP/1.1\" 304 - \"http://localhost:3000/users/reset-password/eyJhbGciOiJIUzI1NiIsInR5cCI6IkpXVCJ9.eyJ1c2VySWQiOiI2MjgxMmM5MmEzNGQ2ZDI1YjZlODQ3NzgiLCJpYXQiOjE2NTI2ODAwMzQsImV4cCI6MTY1MjY4MzYzNH0.2faxTnDsQqbk4iHZ8YFnYnCJA66QrofbAo9v7oCdI1s\" \"Mozilla/5.0 (X11; Ubuntu; Linux x86_64; rv:100.0) Gecko/20100101 Firefox/100.0\"\n"}
{"level":"info","message":"::ffff:127.0.0.1 - - [16/May/2022:05:47:35 +0000] \"GET /css/signin.css HTTP/1.1\" 304 - \"http://localhost:3000/users/reset-password/eyJhbGciOiJIUzI1NiIsInR5cCI6IkpXVCJ9.eyJ1c2VySWQiOiI2MjgxMmM5MmEzNGQ2ZDI1YjZlODQ3NzgiLCJpYXQiOjE2NTI2ODAwMzQsImV4cCI6MTY1MjY4MzYzNH0.2faxTnDsQqbk4iHZ8YFnYnCJA66QrofbAo9v7oCdI1s\" \"Mozilla/5.0 (X11; Ubuntu; Linux x86_64; rv:100.0) Gecko/20100101 Firefox/100.0\"\n"}
{"level":"info","message":"::ffff:127.0.0.1 - - [16/May/2022:05:47:35 +0000] \"GET /fonts/BYekan-webfont.woff HTTP/1.1\" 304 - \"http://localhost:3000/css/styles.css\" \"Mozilla/5.0 (X11; Ubuntu; Linux x86_64; rv:100.0) Gecko/20100101 Firefox/100.0\"\n"}
{"level":"info","message":"::ffff:127.0.0.1 - - [16/May/2022:05:47:43 +0000] \"POST /users/reset-password/62812c92a34d6d25b6e84778 HTTP/1.1\" 302 68 \"http://localhost:3000/users/reset-password/eyJhbGciOiJIUzI1NiIsInR5cCI6IkpXVCJ9.eyJ1c2VySWQiOiI2MjgxMmM5MmEzNGQ2ZDI1YjZlODQ3NzgiLCJpYXQiOjE2NTI2ODAwMzQsImV4cCI6MTY1MjY4MzYzNH0.2faxTnDsQqbk4iHZ8YFnYnCJA66QrofbAo9v7oCdI1s\" \"Mozilla/5.0 (X11; Ubuntu; Linux x86_64; rv:100.0) Gecko/20100101 Firefox/100.0\"\n"}
{"level":"info","message":"::ffff:127.0.0.1 - - [16/May/2022:05:47:43 +0000] \"GET /users/login HTTP/1.1\" 200 2078 \"http://localhost:3000/users/reset-password/eyJhbGciOiJIUzI1NiIsInR5cCI6IkpXVCJ9.eyJ1c2VySWQiOiI2MjgxMmM5MmEzNGQ2ZDI1YjZlODQ3NzgiLCJpYXQiOjE2NTI2ODAwMzQsImV4cCI6MTY1MjY4MzYzNH0.2faxTnDsQqbk4iHZ8YFnYnCJA66QrofbAo9v7oCdI1s\" \"Mozilla/5.0 (X11; Ubuntu; Linux x86_64; rv:100.0) Gecko/20100101 Firefox/100.0\"\n"}
{"level":"info","message":"::ffff:127.0.0.1 - - [16/May/2022:05:47:43 +0000] \"GET /css/styles.css HTTP/1.1\" 304 - \"http://localhost:3000/users/login\" \"Mozilla/5.0 (X11; Ubuntu; Linux x86_64; rv:100.0) Gecko/20100101 Firefox/100.0\"\n"}
{"level":"info","message":"::ffff:127.0.0.1 - - [16/May/2022:05:47:43 +0000] \"GET /js/jquery.slim.min.js HTTP/1.1\" 304 - \"http://localhost:3000/users/login\" \"Mozilla/5.0 (X11; Ubuntu; Linux x86_64; rv:100.0) Gecko/20100101 Firefox/100.0\"\n"}
{"level":"info","message":"::ffff:127.0.0.1 - - [16/May/2022:05:47:43 +0000] \"GET /css/bootstrap-rtl.css HTTP/1.1\" 304 - \"http://localhost:3000/users/login\" \"Mozilla/5.0 (X11; Ubuntu; Linux x86_64; rv:100.0) Gecko/20100101 Firefox/100.0\"\n"}
{"level":"info","message":"::ffff:127.0.0.1 - - [16/May/2022:05:47:43 +0000] \"GET /js/bootstrap.min.js HTTP/1.1\" 304 - \"http://localhost:3000/users/login\" \"Mozilla/5.0 (X11; Ubuntu; Linux x86_64; rv:100.0) Gecko/20100101 Firefox/100.0\"\n"}
{"level":"info","message":"::ffff:127.0.0.1 - - [16/May/2022:05:47:43 +0000] \"GET /css/font-awesome.css HTTP/1.1\" 304 - \"http://localhost:3000/users/login\" \"Mozilla/5.0 (X11; Ubuntu; Linux x86_64; rv:100.0) Gecko/20100101 Firefox/100.0\"\n"}
{"level":"info","message":"::ffff:127.0.0.1 - - [16/May/2022:05:47:43 +0000] \"GET /css/signin.css HTTP/1.1\" 304 - \"http://localhost:3000/users/login\" \"Mozilla/5.0 (X11; Ubuntu; Linux x86_64; rv:100.0) Gecko/20100101 Firefox/100.0\"\n"}
{"level":"info","message":"::ffff:127.0.0.1 - - [16/May/2022:05:47:44 +0000] \"GET /favicon.ico HTTP/1.1\" - - \"http://localhost:3000/users/login\" \"Mozilla/5.0 (X11; Ubuntu; Linux x86_64; rv:100.0) Gecko/20100101 Firefox/100.0\"\n"}
{"level":"info","message":"::ffff:127.0.0.1 - - [16/May/2022:05:47:50 +0000] \"POST /users/login HTTP/1.1\" 302 68 \"http://localhost:3000/users/login\" \"Mozilla/5.0 (X11; Ubuntu; Linux x86_64; rv:100.0) Gecko/20100101 Firefox/100.0\"\n"}
{"level":"info","message":"::ffff:127.0.0.1 - - [16/May/2022:05:47:50 +0000] \"GET /users/login HTTP/1.1\" 200 2403 \"http://localhost:3000/users/login\" \"Mozilla/5.0 (X11; Ubuntu; Linux x86_64; rv:100.0) Gecko/20100101 Firefox/100.0\"\n"}
{"level":"info","message":"::ffff:127.0.0.1 - - [16/May/2022:05:47:50 +0000] \"GET /js/bootstrap.min.js HTTP/1.1\" 304 - \"http://localhost:3000/users/login\" \"Mozilla/5.0 (X11; Ubuntu; Linux x86_64; rv:100.0) Gecko/20100101 Firefox/100.0\"\n"}
{"level":"info","message":"::ffff:127.0.0.1 - - [16/May/2022:05:47:50 +0000] \"GET /css/font-awesome.css HTTP/1.1\" 304 - \"http://localhost:3000/users/login\" \"Mozilla/5.0 (X11; Ubuntu; Linux x86_64; rv:100.0) Gecko/20100101 Firefox/100.0\"\n"}
{"level":"info","message":"::ffff:127.0.0.1 - - [16/May/2022:05:47:50 +0000] \"GET /js/jquery.slim.min.js HTTP/1.1\" 304 - \"http://localhost:3000/users/login\" \"Mozilla/5.0 (X11; Ubuntu; Linux x86_64; rv:100.0) Gecko/20100101 Firefox/100.0\"\n"}
{"level":"info","message":"::ffff:127.0.0.1 - - [16/May/2022:05:47:50 +0000] \"GET /css/signin.css HTTP/1.1\" 304 - \"http://localhost:3000/users/login\" \"Mozilla/5.0 (X11; Ubuntu; Linux x86_64; rv:100.0) Gecko/20100101 Firefox/100.0\"\n"}
{"level":"info","message":"::ffff:127.0.0.1 - - [16/May/2022:05:47:50 +0000] \"GET /css/styles.css HTTP/1.1\" 200 434 \"http://localhost:3000/users/login\" \"Mozilla/5.0 (X11; Ubuntu; Linux x86_64; rv:100.0) Gecko/20100101 Firefox/100.0\"\n"}
{"level":"info","message":"::ffff:127.0.0.1 - - [16/May/2022:05:47:50 +0000] \"GET /css/bootstrap-rtl.css HTTP/1.1\" 200 219712 \"http://localhost:3000/users/login\" \"Mozilla/5.0 (X11; Ubuntu; Linux x86_64; rv:100.0) Gecko/20100101 Firefox/100.0\"\n"}
{"level":"info","message":"::ffff:127.0.0.1 - - [16/May/2022:05:47:50 +0000] \"GET /favicon.ico HTTP/1.1\" - - \"http://localhost:3000/users/login\" \"Mozilla/5.0 (X11; Ubuntu; Linux x86_64; rv:100.0) Gecko/20100101 Firefox/100.0\"\n"}
{"date":"Mon May 16 2022 10:19:16 GMT+0430 (Iran Daylight Time)","error":{},"exception":true,"level":"error","message":"uncaughtException: Route.get() requires a callback function but got a [object Undefined]\nError: Route.get() requires a callback function but got a [object Undefined]\n    at Route.<computed> [as get] (/home/ahoora/Documents/courses/weblog-project/node_modules/express/lib/router/route.js:202:15)\n    at Function.proto.<computed> [as get] (/home/ahoora/Documents/courses/weblog-project/node_modules/express/lib/router/index.js:516:19)\n    at Object.<anonymous> (/home/ahoora/Documents/courses/weblog-project/routes/users.js:26:8)\n    at Module._compile (node:internal/modules/cjs/loader:1099:14)\n    at Object.Module._extensions..js (node:internal/modules/cjs/loader:1153:10)\n    at Module.load (node:internal/modules/cjs/loader:975:32)\n    at Function.Module._load (node:internal/modules/cjs/loader:822:12)\n    at Module.require (node:internal/modules/cjs/loader:999:19)\n    at require (node:internal/modules/cjs/helpers:102:18)\n    at Object.<anonymous> (/home/ahoora/Documents/courses/weblog-project/app.js:72:19)\n    at Module._compile (node:internal/modules/cjs/loader:1099:14)\n    at Object.Module._extensions..js (node:internal/modules/cjs/loader:1153:10)\n    at Module.load (node:internal/modules/cjs/loader:975:32)\n    at Function.Module._load (node:internal/modules/cjs/loader:822:12)\n    at Function.executeUserEntryPoint [as runMain] (node:internal/modules/run_main:77:12)\n    at node:internal/main/run_main_module:17:47","os":{"loadavg":[1.66,1.9,1.64],"uptime":1767.71},"process":{"argv":["/usr/bin/node","/home/ahoora/Documents/courses/weblog-project/app.js"],"cwd":"/home/ahoora/Documents/courses/weblog-project","execPath":"/usr/bin/node","gid":1000,"memoryUsage":{"arrayBuffers":19841121,"external":20919752,"heapTotal":58953728,"heapUsed":35685496,"rss":89116672},"pid":8609,"uid":1000,"version":"v17.9.0"},"stack":"Error: Route.get() requires a callback function but got a [object Undefined]\n    at Route.<computed> [as get] (/home/ahoora/Documents/courses/weblog-project/node_modules/express/lib/router/route.js:202:15)\n    at Function.proto.<computed> [as get] (/home/ahoora/Documents/courses/weblog-project/node_modules/express/lib/router/index.js:516:19)\n    at Object.<anonymous> (/home/ahoora/Documents/courses/weblog-project/routes/users.js:26:8)\n    at Module._compile (node:internal/modules/cjs/loader:1099:14)\n    at Object.Module._extensions..js (node:internal/modules/cjs/loader:1153:10)\n    at Module.load (node:internal/modules/cjs/loader:975:32)\n    at Function.Module._load (node:internal/modules/cjs/loader:822:12)\n    at Module.require (node:internal/modules/cjs/loader:999:19)\n    at require (node:internal/modules/cjs/helpers:102:18)\n    at Object.<anonymous> (/home/ahoora/Documents/courses/weblog-project/app.js:72:19)\n    at Module._compile (node:internal/modules/cjs/loader:1099:14)\n    at Object.Module._extensions..js (node:internal/modules/cjs/loader:1153:10)\n    at Module.load (node:internal/modules/cjs/loader:975:32)\n    at Function.Module._load (node:internal/modules/cjs/loader:822:12)\n    at Function.executeUserEntryPoint [as runMain] (node:internal/modules/run_main:77:12)\n    at node:internal/main/run_main_module:17:47","trace":[{"column":15,"file":"/home/ahoora/Documents/courses/weblog-project/node_modules/express/lib/router/route.js","function":"Route.<computed> [as get]","line":202,"method":"<computed> [as get]","native":false},{"column":19,"file":"/home/ahoora/Documents/courses/weblog-project/node_modules/express/lib/router/index.js","function":"Function.proto.<computed> [as get]","line":516,"method":"<computed> [as get]","native":false},{"column":8,"file":"/home/ahoora/Documents/courses/weblog-project/routes/users.js","function":null,"line":26,"method":null,"native":false},{"column":14,"file":"node:internal/modules/cjs/loader","function":"Module._compile","line":1099,"method":"_compile","native":false},{"column":10,"file":"node:internal/modules/cjs/loader","function":"Module._extensions..js","line":1153,"method":".js","native":false},{"column":32,"file":"node:internal/modules/cjs/loader","function":"Module.load","line":975,"method":"load","native":false},{"column":12,"file":"node:internal/modules/cjs/loader","function":"Module._load","line":822,"method":"_load","native":false},{"column":19,"file":"node:internal/modules/cjs/loader","function":"Module.require","line":999,"method":"require","native":false},{"column":18,"file":"node:internal/modules/cjs/helpers","function":"require","line":102,"method":null,"native":false},{"column":19,"file":"/home/ahoora/Documents/courses/weblog-project/app.js","function":null,"line":72,"method":null,"native":false},{"column":14,"file":"node:internal/modules/cjs/loader","function":"Module._compile","line":1099,"method":"_compile","native":false},{"column":10,"file":"node:internal/modules/cjs/loader","function":"Module._extensions..js","line":1153,"method":".js","native":false},{"column":32,"file":"node:internal/modules/cjs/loader","function":"Module.load","line":975,"method":"load","native":false},{"column":12,"file":"node:internal/modules/cjs/loader","function":"Module._load","line":822,"method":"_load","native":false},{"column":12,"file":"node:internal/modules/run_main","function":"Function.executeUserEntryPoint [as runMain]","line":77,"method":"executeUserEntryPoint [as runMain]","native":false},{"column":47,"file":"node:internal/main/run_main_module","function":null,"line":17,"method":null,"native":false}]}
{"date":"Mon May 16 2022 10:19:52 GMT+0430 (Iran Daylight Time)","error":{},"exception":true,"level":"error","message":"uncaughtException: Route.get() requires a callback function but got a [object Undefined]\nError: Route.get() requires a callback function but got a [object Undefined]\n    at Route.<computed> [as get] (/home/ahoora/Documents/courses/weblog-project/node_modules/express/lib/router/route.js:202:15)\n    at Function.proto.<computed> [as get] (/home/ahoora/Documents/courses/weblog-project/node_modules/express/lib/router/index.js:516:19)\n    at Object.<anonymous> (/home/ahoora/Documents/courses/weblog-project/routes/users.js:26:8)\n    at Module._compile (node:internal/modules/cjs/loader:1099:14)\n    at Object.Module._extensions..js (node:internal/modules/cjs/loader:1153:10)\n    at Module.load (node:internal/modules/cjs/loader:975:32)\n    at Function.Module._load (node:internal/modules/cjs/loader:822:12)\n    at Module.require (node:internal/modules/cjs/loader:999:19)\n    at require (node:internal/modules/cjs/helpers:102:18)\n    at Object.<anonymous> (/home/ahoora/Documents/courses/weblog-project/app.js:72:19)\n    at Module._compile (node:internal/modules/cjs/loader:1099:14)\n    at Object.Module._extensions..js (node:internal/modules/cjs/loader:1153:10)\n    at Module.load (node:internal/modules/cjs/loader:975:32)\n    at Function.Module._load (node:internal/modules/cjs/loader:822:12)\n    at Function.executeUserEntryPoint [as runMain] (node:internal/modules/run_main:77:12)\n    at node:internal/main/run_main_module:17:47","os":{"loadavg":[1.67,1.89,1.65],"uptime":1803.76},"process":{"argv":["/usr/bin/node","/home/ahoora/Documents/courses/weblog-project/app.js"],"cwd":"/home/ahoora/Documents/courses/weblog-project","execPath":"/usr/bin/node","gid":1000,"memoryUsage":{"arrayBuffers":19837984,"external":20916615,"heapTotal":58953728,"heapUsed":35642056,"rss":89944064},"pid":8785,"uid":1000,"version":"v17.9.0"},"stack":"Error: Route.get() requires a callback function but got a [object Undefined]\n    at Route.<computed> [as get] (/home/ahoora/Documents/courses/weblog-project/node_modules/express/lib/router/route.js:202:15)\n    at Function.proto.<computed> [as get] (/home/ahoora/Documents/courses/weblog-project/node_modules/express/lib/router/index.js:516:19)\n    at Object.<anonymous> (/home/ahoora/Documents/courses/weblog-project/routes/users.js:26:8)\n    at Module._compile (node:internal/modules/cjs/loader:1099:14)\n    at Object.Module._extensions..js (node:internal/modules/cjs/loader:1153:10)\n    at Module.load (node:internal/modules/cjs/loader:975:32)\n    at Function.Module._load (node:internal/modules/cjs/loader:822:12)\n    at Module.require (node:internal/modules/cjs/loader:999:19)\n    at require (node:internal/modules/cjs/helpers:102:18)\n    at Object.<anonymous> (/home/ahoora/Documents/courses/weblog-project/app.js:72:19)\n    at Module._compile (node:internal/modules/cjs/loader:1099:14)\n    at Object.Module._extensions..js (node:internal/modules/cjs/loader:1153:10)\n    at Module.load (node:internal/modules/cjs/loader:975:32)\n    at Function.Module._load (node:internal/modules/cjs/loader:822:12)\n    at Function.executeUserEntryPoint [as runMain] (node:internal/modules/run_main:77:12)\n    at node:internal/main/run_main_module:17:47","trace":[{"column":15,"file":"/home/ahoora/Documents/courses/weblog-project/node_modules/express/lib/router/route.js","function":"Route.<computed> [as get]","line":202,"method":"<computed> [as get]","native":false},{"column":19,"file":"/home/ahoora/Documents/courses/weblog-project/node_modules/express/lib/router/index.js","function":"Function.proto.<computed> [as get]","line":516,"method":"<computed> [as get]","native":false},{"column":8,"file":"/home/ahoora/Documents/courses/weblog-project/routes/users.js","function":null,"line":26,"method":null,"native":false},{"column":14,"file":"node:internal/modules/cjs/loader","function":"Module._compile","line":1099,"method":"_compile","native":false},{"column":10,"file":"node:internal/modules/cjs/loader","function":"Module._extensions..js","line":1153,"method":".js","native":false},{"column":32,"file":"node:internal/modules/cjs/loader","function":"Module.load","line":975,"method":"load","native":false},{"column":12,"file":"node:internal/modules/cjs/loader","function":"Module._load","line":822,"method":"_load","native":false},{"column":19,"file":"node:internal/modules/cjs/loader","function":"Module.require","line":999,"method":"require","native":false},{"column":18,"file":"node:internal/modules/cjs/helpers","function":"require","line":102,"method":null,"native":false},{"column":19,"file":"/home/ahoora/Documents/courses/weblog-project/app.js","function":null,"line":72,"method":null,"native":false},{"column":14,"file":"node:internal/modules/cjs/loader","function":"Module._compile","line":1099,"method":"_compile","native":false},{"column":10,"file":"node:internal/modules/cjs/loader","function":"Module._extensions..js","line":1153,"method":".js","native":false},{"column":32,"file":"node:internal/modules/cjs/loader","function":"Module.load","line":975,"method":"load","native":false},{"column":12,"file":"node:internal/modules/cjs/loader","function":"Module._load","line":822,"method":"_load","native":false},{"column":12,"file":"node:internal/modules/run_main","function":"Function.executeUserEntryPoint [as runMain]","line":77,"method":"executeUserEntryPoint [as runMain]","native":false},{"column":47,"file":"node:internal/main/run_main_module","function":null,"line":17,"method":null,"native":false}]}
{"level":"info","message":"::ffff:127.0.0.1 - - [16/May/2022:05:50:44 +0000] \"GET /users/login HTTP/1.1\" 200 2397 \"-\" \"Mozilla/5.0 (X11; Ubuntu; Linux x86_64; rv:100.0) Gecko/20100101 Firefox/100.0\"\n"}
{"level":"info","message":"::ffff:127.0.0.1 - - [16/May/2022:05:50:44 +0000] \"GET /js/jquery.slim.min.js HTTP/1.1\" 304 - \"http://localhost:3000/users/login\" \"Mozilla/5.0 (X11; Ubuntu; Linux x86_64; rv:100.0) Gecko/20100101 Firefox/100.0\"\n"}
{"level":"info","message":"::ffff:127.0.0.1 - - [16/May/2022:05:50:44 +0000] \"GET /css/styles.css HTTP/1.1\" 304 - \"http://localhost:3000/users/login\" \"Mozilla/5.0 (X11; Ubuntu; Linux x86_64; rv:100.0) Gecko/20100101 Firefox/100.0\"\n"}
{"level":"info","message":"::ffff:127.0.0.1 - - [16/May/2022:05:50:44 +0000] \"GET /js/bootstrap.min.js HTTP/1.1\" 304 - \"http://localhost:3000/users/login\" \"Mozilla/5.0 (X11; Ubuntu; Linux x86_64; rv:100.0) Gecko/20100101 Firefox/100.0\"\n"}
{"level":"info","message":"::ffff:127.0.0.1 - - [16/May/2022:05:50:44 +0000] \"GET /css/bootstrap-rtl.css HTTP/1.1\" 304 - \"http://localhost:3000/users/login\" \"Mozilla/5.0 (X11; Ubuntu; Linux x86_64; rv:100.0) Gecko/20100101 Firefox/100.0\"\n"}
{"level":"info","message":"::ffff:127.0.0.1 - - [16/May/2022:05:50:44 +0000] \"GET /css/font-awesome.css HTTP/1.1\" 304 - \"http://localhost:3000/users/login\" \"Mozilla/5.0 (X11; Ubuntu; Linux x86_64; rv:100.0) Gecko/20100101 Firefox/100.0\"\n"}
{"level":"info","message":"::ffff:127.0.0.1 - - [16/May/2022:05:50:44 +0000] \"GET /css/signin.css HTTP/1.1\" 304 - \"http://localhost:3000/users/login\" \"Mozilla/5.0 (X11; Ubuntu; Linux x86_64; rv:100.0) Gecko/20100101 Firefox/100.0\"\n"}
{"level":"info","message":"::ffff:127.0.0.1 - - [16/May/2022:05:50:44 +0000] \"GET /favicon.ico HTTP/1.1\" - - \"http://localhost:3000/users/login\" \"Mozilla/5.0 (X11; Ubuntu; Linux x86_64; rv:100.0) Gecko/20100101 Firefox/100.0\"\n"}
{"level":"info","message":"::ffff:127.0.0.1 - - [16/May/2022:05:50:54 +0000] \"POST /users/login HTTP/1.1\" 302 68 \"http://localhost:3000/users/login\" \"Mozilla/5.0 (X11; Ubuntu; Linux x86_64; rv:100.0) Gecko/20100101 Firefox/100.0\"\n"}
{"level":"info","message":"::ffff:127.0.0.1 - - [16/May/2022:05:50:54 +0000] \"GET /users/login HTTP/1.1\" 200 2385 \"http://localhost:3000/users/login\" \"Mozilla/5.0 (X11; Ubuntu; Linux x86_64; rv:100.0) Gecko/20100101 Firefox/100.0\"\n"}
{"level":"info","message":"::ffff:127.0.0.1 - - [16/May/2022:05:50:54 +0000] \"GET /js/jquery.slim.min.js HTTP/1.1\" 304 - \"http://localhost:3000/users/login\" \"Mozilla/5.0 (X11; Ubuntu; Linux x86_64; rv:100.0) Gecko/20100101 Firefox/100.0\"\n"}
{"level":"info","message":"::ffff:127.0.0.1 - - [16/May/2022:05:50:55 +0000] \"GET /js/bootstrap.min.js HTTP/1.1\" 304 - \"http://localhost:3000/users/login\" \"Mozilla/5.0 (X11; Ubuntu; Linux x86_64; rv:100.0) Gecko/20100101 Firefox/100.0\"\n"}
{"level":"info","message":"::ffff:127.0.0.1 - - [16/May/2022:05:50:55 +0000] \"GET /css/styles.css HTTP/1.1\" 304 - \"http://localhost:3000/users/login\" \"Mozilla/5.0 (X11; Ubuntu; Linux x86_64; rv:100.0) Gecko/20100101 Firefox/100.0\"\n"}
{"level":"info","message":"::ffff:127.0.0.1 - - [16/May/2022:05:50:55 +0000] \"GET /css/bootstrap-rtl.css HTTP/1.1\" 304 - \"http://localhost:3000/users/login\" \"Mozilla/5.0 (X11; Ubuntu; Linux x86_64; rv:100.0) Gecko/20100101 Firefox/100.0\"\n"}
{"level":"info","message":"::ffff:127.0.0.1 - - [16/May/2022:05:50:55 +0000] \"GET /css/font-awesome.css HTTP/1.1\" 304 - \"http://localhost:3000/users/login\" \"Mozilla/5.0 (X11; Ubuntu; Linux x86_64; rv:100.0) Gecko/20100101 Firefox/100.0\"\n"}
{"level":"info","message":"::ffff:127.0.0.1 - - [16/May/2022:05:50:55 +0000] \"GET /css/signin.css HTTP/1.1\" 304 - \"http://localhost:3000/users/login\" \"Mozilla/5.0 (X11; Ubuntu; Linux x86_64; rv:100.0) Gecko/20100101 Firefox/100.0\"\n"}
{"level":"info","message":"::1 - - [16/May/2022:05:54:39 +0000] \"GET / HTTP/1.1\" 304 - \"-\" \"Mozilla/5.0 (X11; Linux x86_64) AppleWebKit/537.36 (KHTML, like Gecko) Chrome/101.0.4951.64 Safari/537.36\"\n"}
{"level":"info","message":"::1 - - [16/May/2022:05:54:39 +0000] \"GET /css/styles.css HTTP/1.1\" 304 - \"http://localhost:3000/\" \"Mozilla/5.0 (X11; Linux x86_64) AppleWebKit/537.36 (KHTML, like Gecko) Chrome/101.0.4951.64 Safari/537.36\"\n"}
{"level":"info","message":"::1 - - [16/May/2022:05:54:39 +0000] \"GET /css/bootstrap-rtl.css HTTP/1.1\" 304 - \"http://localhost:3000/\" \"Mozilla/5.0 (X11; Linux x86_64) AppleWebKit/537.36 (KHTML, like Gecko) Chrome/101.0.4951.64 Safari/537.36\"\n"}
{"level":"info","message":"::1 - - [16/May/2022:05:54:39 +0000] \"GET /css/font-awesome.css HTTP/1.1\" 304 - \"http://localhost:3000/\" \"Mozilla/5.0 (X11; Linux x86_64) AppleWebKit/537.36 (KHTML, like Gecko) Chrome/101.0.4951.64 Safari/537.36\"\n"}
{"level":"info","message":"::1 - - [16/May/2022:05:54:39 +0000] \"GET /js/jquery.slim.min.js HTTP/1.1\" 304 - \"http://localhost:3000/\" \"Mozilla/5.0 (X11; Linux x86_64) AppleWebKit/537.36 (KHTML, like Gecko) Chrome/101.0.4951.64 Safari/537.36\"\n"}
{"level":"info","message":"::1 - - [16/May/2022:05:54:39 +0000] \"GET /js/bootstrap.min.js HTTP/1.1\" 304 - \"http://localhost:3000/\" \"Mozilla/5.0 (X11; Linux x86_64) AppleWebKit/537.36 (KHTML, like Gecko) Chrome/101.0.4951.64 Safari/537.36\"\n"}
{"level":"info","message":"::1 - - [16/May/2022:05:54:39 +0000] \"GET /uploads/thumbnails/Pk1u6hini_index.jpeg HTTP/1.1\" 304 - \"http://localhost:3000/\" \"Mozilla/5.0 (X11; Linux x86_64) AppleWebKit/537.36 (KHTML, like Gecko) Chrome/101.0.4951.64 Safari/537.36\"\n"}
{"level":"info","message":"::1 - - [16/May/2022:05:54:39 +0000] \"GET /uploads/thumbnails/HWyrcXSaK_how-easy-is-it-to-learn-german.png HTTP/1.1\" 304 - \"http://localhost:3000/\" \"Mozilla/5.0 (X11; Linux x86_64) AppleWebKit/537.36 (KHTML, like Gecko) Chrome/101.0.4951.64 Safari/537.36\"\n"}
{"level":"info","message":"::1 - - [16/May/2022:05:54:39 +0000] \"GET /uploads/thumbnails/ncep0ZsQs_german.jpeg HTTP/1.1\" 304 - \"http://localhost:3000/\" \"Mozilla/5.0 (X11; Linux x86_64) AppleWebKit/537.36 (KHTML, like Gecko) Chrome/101.0.4951.64 Safari/537.36\"\n"}
{"level":"info","message":"::1 - - [16/May/2022:05:54:39 +0000] \"GET /uploads/thumbnails/ HTTP/1.1\" 304 - \"http://localhost:3000/\" \"Mozilla/5.0 (X11; Linux x86_64) AppleWebKit/537.36 (KHTML, like Gecko) Chrome/101.0.4951.64 Safari/537.36\"\n"}
{"level":"info","message":"::1 - - [16/May/2022:05:54:39 +0000] \"GET /uploads/YGBzTYXGO_german.jpeg HTTP/1.1\" 304 - \"http://localhost:3000/\" \"Mozilla/5.0 (X11; Linux x86_64) AppleWebKit/537.36 (KHTML, like Gecko) Chrome/101.0.4951.64 Safari/537.36\"\n"}
{"level":"info","message":"::1 - - [16/May/2022:05:54:39 +0000] \"GET /fonts/BYekan-webfont.woff HTTP/1.1\" 304 - \"http://localhost:3000/css/styles.css\" \"Mozilla/5.0 (X11; Linux x86_64) AppleWebKit/537.36 (KHTML, like Gecko) Chrome/101.0.4951.64 Safari/537.36\"\n"}
{"level":"info","message":"::1 - - [16/May/2022:05:54:45 +0000] \"GET /users/login HTTP/1.1\" 200 2078 \"-\" \"Mozilla/5.0 (X11; Linux x86_64) AppleWebKit/537.36 (KHTML, like Gecko) Chrome/101.0.4951.64 Safari/537.36\"\n"}
{"level":"info","message":"::1 - - [16/May/2022:05:54:45 +0000] \"GET /css/styles.css HTTP/1.1\" 304 - \"http://localhost:3000/users/login\" \"Mozilla/5.0 (X11; Linux x86_64) AppleWebKit/537.36 (KHTML, like Gecko) Chrome/101.0.4951.64 Safari/537.36\"\n"}
{"level":"info","message":"::1 - - [16/May/2022:05:54:45 +0000] \"GET /css/font-awesome.css HTTP/1.1\" 304 - \"http://localhost:3000/users/login\" \"Mozilla/5.0 (X11; Linux x86_64) AppleWebKit/537.36 (KHTML, like Gecko) Chrome/101.0.4951.64 Safari/537.36\"\n"}
{"level":"info","message":"::1 - - [16/May/2022:05:54:45 +0000] \"GET /css/bootstrap-rtl.css HTTP/1.1\" 304 - \"http://localhost:3000/users/login\" \"Mozilla/5.0 (X11; Linux x86_64) AppleWebKit/537.36 (KHTML, like Gecko) Chrome/101.0.4951.64 Safari/537.36\"\n"}
{"level":"info","message":"::1 - - [16/May/2022:05:54:45 +0000] \"GET /css/signin.css HTTP/1.1\" 304 - \"http://localhost:3000/users/login\" \"Mozilla/5.0 (X11; Linux x86_64) AppleWebKit/537.36 (KHTML, like Gecko) Chrome/101.0.4951.64 Safari/537.36\"\n"}
{"level":"info","message":"::1 - - [16/May/2022:05:54:45 +0000] \"GET /js/jquery.slim.min.js HTTP/1.1\" 304 - \"http://localhost:3000/users/login\" \"Mozilla/5.0 (X11; Linux x86_64) AppleWebKit/537.36 (KHTML, like Gecko) Chrome/101.0.4951.64 Safari/537.36\"\n"}
{"level":"info","message":"::1 - - [16/May/2022:05:54:45 +0000] \"GET /js/bootstrap.min.js HTTP/1.1\" 304 - \"http://localhost:3000/users/login\" \"Mozilla/5.0 (X11; Linux x86_64) AppleWebKit/537.36 (KHTML, like Gecko) Chrome/101.0.4951.64 Safari/537.36\"\n"}
{"level":"info","message":"::1 - - [16/May/2022:05:54:45 +0000] \"GET /css/styles.css HTTP/1.1\" 304 - \"http://localhost:3000/users/login\" \"Mozilla/5.0 (X11; Linux x86_64) AppleWebKit/537.36 (KHTML, like Gecko) Chrome/101.0.4951.64 Safari/537.36\"\n"}
{"level":"info","message":"::1 - - [16/May/2022:05:54:45 +0000] \"GET /css/bootstrap-rtl.css HTTP/1.1\" 304 - \"http://localhost:3000/users/login\" \"Mozilla/5.0 (X11; Linux x86_64) AppleWebKit/537.36 (KHTML, like Gecko) Chrome/101.0.4951.64 Safari/537.36\"\n"}
{"level":"info","message":"::1 - - [16/May/2022:05:54:45 +0000] \"GET /css/font-awesome.css HTTP/1.1\" 304 - \"http://localhost:3000/users/login\" \"Mozilla/5.0 (X11; Linux x86_64) AppleWebKit/537.36 (KHTML, like Gecko) Chrome/101.0.4951.64 Safari/537.36\"\n"}
{"level":"info","message":"::1 - - [16/May/2022:05:54:45 +0000] \"GET /js/jquery.slim.min.js HTTP/1.1\" 304 - \"http://localhost:3000/users/login\" \"Mozilla/5.0 (X11; Linux x86_64) AppleWebKit/537.36 (KHTML, like Gecko) Chrome/101.0.4951.64 Safari/537.36\"\n"}
{"level":"info","message":"::1 - - [16/May/2022:05:54:45 +0000] \"GET /js/bootstrap.min.js HTTP/1.1\" 304 - \"http://localhost:3000/users/login\" \"Mozilla/5.0 (X11; Linux x86_64) AppleWebKit/537.36 (KHTML, like Gecko) Chrome/101.0.4951.64 Safari/537.36\"\n"}
{"level":"info","message":"::1 - - [16/May/2022:05:54:54 +0000] \"POST /users/login HTTP/1.1\" 302 68 \"http://localhost:3000/users/login\" \"Mozilla/5.0 (X11; Linux x86_64) AppleWebKit/537.36 (KHTML, like Gecko) Chrome/101.0.4951.64 Safari/537.36\"\n"}
{"level":"info","message":"::1 - - [16/May/2022:05:54:54 +0000] \"GET /users/login HTTP/1.1\" 200 2385 \"http://localhost:3000/users/login\" \"Mozilla/5.0 (X11; Linux x86_64) AppleWebKit/537.36 (KHTML, like Gecko) Chrome/101.0.4951.64 Safari/537.36\"\n"}
{"level":"info","message":"::1 - - [16/May/2022:05:54:54 +0000] \"GET /css/styles.css HTTP/1.1\" 304 - \"http://localhost:3000/users/login\" \"Mozilla/5.0 (X11; Linux x86_64) AppleWebKit/537.36 (KHTML, like Gecko) Chrome/101.0.4951.64 Safari/537.36\"\n"}
{"level":"info","message":"::1 - - [16/May/2022:05:54:54 +0000] \"GET /css/bootstrap-rtl.css HTTP/1.1\" 304 - \"http://localhost:3000/users/login\" \"Mozilla/5.0 (X11; Linux x86_64) AppleWebKit/537.36 (KHTML, like Gecko) Chrome/101.0.4951.64 Safari/537.36\"\n"}
{"level":"info","message":"::1 - - [16/May/2022:05:54:54 +0000] \"GET /css/font-awesome.css HTTP/1.1\" 304 - \"http://localhost:3000/users/login\" \"Mozilla/5.0 (X11; Linux x86_64) AppleWebKit/537.36 (KHTML, like Gecko) Chrome/101.0.4951.64 Safari/537.36\"\n"}
{"level":"info","message":"::1 - - [16/May/2022:05:54:54 +0000] \"GET /css/signin.css HTTP/1.1\" 304 - \"http://localhost:3000/users/login\" \"Mozilla/5.0 (X11; Linux x86_64) AppleWebKit/537.36 (KHTML, like Gecko) Chrome/101.0.4951.64 Safari/537.36\"\n"}
{"level":"info","message":"::1 - - [16/May/2022:05:54:54 +0000] \"GET /js/jquery.slim.min.js HTTP/1.1\" 304 - \"http://localhost:3000/users/login\" \"Mozilla/5.0 (X11; Linux x86_64) AppleWebKit/537.36 (KHTML, like Gecko) Chrome/101.0.4951.64 Safari/537.36\"\n"}
{"level":"info","message":"::1 - - [16/May/2022:05:54:54 +0000] \"GET /js/bootstrap.min.js HTTP/1.1\" 304 - \"http://localhost:3000/users/login\" \"Mozilla/5.0 (X11; Linux x86_64) AppleWebKit/537.36 (KHTML, like Gecko) Chrome/101.0.4951.64 Safari/537.36\"\n"}
{"level":"info","message":"::1 - - [16/May/2022:05:55:15 +0000] \"POST /users/login HTTP/1.1\" 302 68 \"http://localhost:3000/users/login\" \"Mozilla/5.0 (X11; Linux x86_64) AppleWebKit/537.36 (KHTML, like Gecko) Chrome/101.0.4951.64 Safari/537.36\"\n"}
{"level":"info","message":"::1 - - [16/May/2022:05:55:15 +0000] \"GET /users/login HTTP/1.1\" 200 2385 \"http://localhost:3000/users/login\" \"Mozilla/5.0 (X11; Linux x86_64) AppleWebKit/537.36 (KHTML, like Gecko) Chrome/101.0.4951.64 Safari/537.36\"\n"}
{"level":"info","message":"::1 - - [16/May/2022:05:55:15 +0000] \"GET /css/styles.css HTTP/1.1\" 304 - \"http://localhost:3000/users/login\" \"Mozilla/5.0 (X11; Linux x86_64) AppleWebKit/537.36 (KHTML, like Gecko) Chrome/101.0.4951.64 Safari/537.36\"\n"}
{"level":"info","message":"::1 - - [16/May/2022:05:55:15 +0000] \"GET /css/bootstrap-rtl.css HTTP/1.1\" 304 - \"http://localhost:3000/users/login\" \"Mozilla/5.0 (X11; Linux x86_64) AppleWebKit/537.36 (KHTML, like Gecko) Chrome/101.0.4951.64 Safari/537.36\"\n"}
{"level":"info","message":"::1 - - [16/May/2022:05:55:15 +0000] \"GET /css/font-awesome.css HTTP/1.1\" 304 - \"http://localhost:3000/users/login\" \"Mozilla/5.0 (X11; Linux x86_64) AppleWebKit/537.36 (KHTML, like Gecko) Chrome/101.0.4951.64 Safari/537.36\"\n"}
{"level":"info","message":"::1 - - [16/May/2022:05:55:15 +0000] \"GET /css/signin.css HTTP/1.1\" 304 - \"http://localhost:3000/users/login\" \"Mozilla/5.0 (X11; Linux x86_64) AppleWebKit/537.36 (KHTML, like Gecko) Chrome/101.0.4951.64 Safari/537.36\"\n"}
{"level":"info","message":"::1 - - [16/May/2022:05:55:15 +0000] \"GET /js/jquery.slim.min.js HTTP/1.1\" 304 - \"http://localhost:3000/users/login\" \"Mozilla/5.0 (X11; Linux x86_64) AppleWebKit/537.36 (KHTML, like Gecko) Chrome/101.0.4951.64 Safari/537.36\"\n"}
{"level":"info","message":"::1 - - [16/May/2022:05:55:15 +0000] \"GET /js/bootstrap.min.js HTTP/1.1\" 304 - \"http://localhost:3000/users/login\" \"Mozilla/5.0 (X11; Linux x86_64) AppleWebKit/537.36 (KHTML, like Gecko) Chrome/101.0.4951.64 Safari/537.36\"\n"}
{"level":"info","message":"::1 - - [16/May/2022:05:56:15 +0000] \"GET /users/login HTTP/1.1\" 200 2078 \"http://localhost:3000/users/login\" \"Mozilla/5.0 (X11; Linux x86_64) AppleWebKit/537.36 (KHTML, like Gecko) Chrome/101.0.4951.64 Safari/537.36\"\n"}
{"level":"info","message":"::1 - - [16/May/2022:05:56:15 +0000] \"GET /css/styles.css HTTP/1.1\" 304 - \"http://localhost:3000/users/login\" \"Mozilla/5.0 (X11; Linux x86_64) AppleWebKit/537.36 (KHTML, like Gecko) Chrome/101.0.4951.64 Safari/537.36\"\n"}
{"level":"info","message":"::1 - - [16/May/2022:05:56:15 +0000] \"GET /css/bootstrap-rtl.css HTTP/1.1\" 304 - \"http://localhost:3000/users/login\" \"Mozilla/5.0 (X11; Linux x86_64) AppleWebKit/537.36 (KHTML, like Gecko) Chrome/101.0.4951.64 Safari/537.36\"\n"}
{"level":"info","message":"::1 - - [16/May/2022:05:56:15 +0000] \"GET /css/font-awesome.css HTTP/1.1\" 304 - \"http://localhost:3000/users/login\" \"Mozilla/5.0 (X11; Linux x86_64) AppleWebKit/537.36 (KHTML, like Gecko) Chrome/101.0.4951.64 Safari/537.36\"\n"}
{"level":"info","message":"::1 - - [16/May/2022:05:56:15 +0000] \"GET /css/signin.css HTTP/1.1\" 304 - \"http://localhost:3000/users/login\" \"Mozilla/5.0 (X11; Linux x86_64) AppleWebKit/537.36 (KHTML, like Gecko) Chrome/101.0.4951.64 Safari/537.36\"\n"}
{"level":"info","message":"::1 - - [16/May/2022:05:56:15 +0000] \"GET /js/jquery.slim.min.js HTTP/1.1\" 304 - \"http://localhost:3000/users/login\" \"Mozilla/5.0 (X11; Linux x86_64) AppleWebKit/537.36 (KHTML, like Gecko) Chrome/101.0.4951.64 Safari/537.36\"\n"}
{"level":"info","message":"::1 - - [16/May/2022:05:56:15 +0000] \"GET /js/bootstrap.min.js HTTP/1.1\" 304 - \"http://localhost:3000/users/login\" \"Mozilla/5.0 (X11; Linux x86_64) AppleWebKit/537.36 (KHTML, like Gecko) Chrome/101.0.4951.64 Safari/537.36\"\n"}
{"level":"info","message":"::1 - - [16/May/2022:05:56:16 +0000] \"GET /favicon.ico HTTP/1.1\" 304 - \"http://localhost:3000/users/login\" \"Mozilla/5.0 (X11; Linux x86_64) AppleWebKit/537.36 (KHTML, like Gecko) Chrome/101.0.4951.64 Safari/537.36\"\n"}
{"level":"info","message":"::1 - - [16/May/2022:05:56:22 +0000] \"POST /users/login HTTP/1.1\" 302 68 \"http://localhost:3000/users/login\" \"Mozilla/5.0 (X11; Linux x86_64) AppleWebKit/537.36 (KHTML, like Gecko) Chrome/101.0.4951.64 Safari/537.36\"\n"}
{"level":"info","message":"::1 - - [16/May/2022:05:56:22 +0000] \"GET /users/login HTTP/1.1\" 200 2385 \"http://localhost:3000/users/login\" \"Mozilla/5.0 (X11; Linux x86_64) AppleWebKit/537.36 (KHTML, like Gecko) Chrome/101.0.4951.64 Safari/537.36\"\n"}
{"level":"info","message":"::1 - - [16/May/2022:05:56:22 +0000] \"GET /css/bootstrap-rtl.css HTTP/1.1\" 304 - \"http://localhost:3000/users/login\" \"Mozilla/5.0 (X11; Linux x86_64) AppleWebKit/537.36 (KHTML, like Gecko) Chrome/101.0.4951.64 Safari/537.36\"\n"}
{"level":"info","message":"::1 - - [16/May/2022:05:56:22 +0000] \"GET /css/styles.css HTTP/1.1\" 304 - \"http://localhost:3000/users/login\" \"Mozilla/5.0 (X11; Linux x86_64) AppleWebKit/537.36 (KHTML, like Gecko) Chrome/101.0.4951.64 Safari/537.36\"\n"}
{"level":"info","message":"::1 - - [16/May/2022:05:56:22 +0000] \"GET /css/font-awesome.css HTTP/1.1\" 304 - \"http://localhost:3000/users/login\" \"Mozilla/5.0 (X11; Linux x86_64) AppleWebKit/537.36 (KHTML, like Gecko) Chrome/101.0.4951.64 Safari/537.36\"\n"}
{"level":"info","message":"::1 - - [16/May/2022:05:56:22 +0000] \"GET /css/signin.css HTTP/1.1\" 304 - \"http://localhost:3000/users/login\" \"Mozilla/5.0 (X11; Linux x86_64) AppleWebKit/537.36 (KHTML, like Gecko) Chrome/101.0.4951.64 Safari/537.36\"\n"}
{"level":"info","message":"::1 - - [16/May/2022:05:56:22 +0000] \"GET /js/jquery.slim.min.js HTTP/1.1\" 304 - \"http://localhost:3000/users/login\" \"Mozilla/5.0 (X11; Linux x86_64) AppleWebKit/537.36 (KHTML, like Gecko) Chrome/101.0.4951.64 Safari/537.36\"\n"}
{"level":"info","message":"::1 - - [16/May/2022:05:56:22 +0000] \"GET /js/bootstrap.min.js HTTP/1.1\" 304 - \"http://localhost:3000/users/login\" \"Mozilla/5.0 (X11; Linux x86_64) AppleWebKit/537.36 (KHTML, like Gecko) Chrome/101.0.4951.64 Safari/537.36\"\n"}
{"level":"info","message":"::1 - - [16/May/2022:05:57:59 +0000] \"GET /users/login HTTP/1.1\" 200 2078 \"http://localhost:3000/users/login\" \"Mozilla/5.0 (X11; Linux x86_64) AppleWebKit/537.36 (KHTML, like Gecko) Chrome/101.0.4951.64 Safari/537.36\"\n"}
{"level":"info","message":"::1 - - [16/May/2022:05:57:59 +0000] \"GET /css/styles.css HTTP/1.1\" 304 - \"http://localhost:3000/users/login\" \"Mozilla/5.0 (X11; Linux x86_64) AppleWebKit/537.36 (KHTML, like Gecko) Chrome/101.0.4951.64 Safari/537.36\"\n"}
{"level":"info","message":"::1 - - [16/May/2022:05:57:59 +0000] \"GET /css/bootstrap-rtl.css HTTP/1.1\" 304 - \"http://localhost:3000/users/login\" \"Mozilla/5.0 (X11; Linux x86_64) AppleWebKit/537.36 (KHTML, like Gecko) Chrome/101.0.4951.64 Safari/537.36\"\n"}
{"level":"info","message":"::1 - - [16/May/2022:05:57:59 +0000] \"GET /css/font-awesome.css HTTP/1.1\" 304 - \"http://localhost:3000/users/login\" \"Mozilla/5.0 (X11; Linux x86_64) AppleWebKit/537.36 (KHTML, like Gecko) Chrome/101.0.4951.64 Safari/537.36\"\n"}
{"level":"info","message":"::1 - - [16/May/2022:05:57:59 +0000] \"GET /css/signin.css HTTP/1.1\" 304 - \"http://localhost:3000/users/login\" \"Mozilla/5.0 (X11; Linux x86_64) AppleWebKit/537.36 (KHTML, like Gecko) Chrome/101.0.4951.64 Safari/537.36\"\n"}
{"level":"info","message":"::1 - - [16/May/2022:05:57:59 +0000] \"GET /js/jquery.slim.min.js HTTP/1.1\" 304 - \"http://localhost:3000/users/login\" \"Mozilla/5.0 (X11; Linux x86_64) AppleWebKit/537.36 (KHTML, like Gecko) Chrome/101.0.4951.64 Safari/537.36\"\n"}
{"level":"info","message":"::1 - - [16/May/2022:05:57:59 +0000] \"GET /js/bootstrap.min.js HTTP/1.1\" 304 - \"http://localhost:3000/users/login\" \"Mozilla/5.0 (X11; Linux x86_64) AppleWebKit/537.36 (KHTML, like Gecko) Chrome/101.0.4951.64 Safari/537.36\"\n"}
{"level":"info","message":"::1 - - [16/May/2022:05:58:00 +0000] \"GET /favicon.ico HTTP/1.1\" 304 - \"http://localhost:3000/users/login\" \"Mozilla/5.0 (X11; Linux x86_64) AppleWebKit/537.36 (KHTML, like Gecko) Chrome/101.0.4951.64 Safari/537.36\"\n"}
{"level":"info","message":"::1 - - [16/May/2022:05:58:06 +0000] \"POST /users/login HTTP/1.1\" 302 64 \"http://localhost:3000/users/login\" \"Mozilla/5.0 (X11; Linux x86_64) AppleWebKit/537.36 (KHTML, like Gecko) Chrome/101.0.4951.64 Safari/537.36\"\n"}
{"level":"info","message":"::1 - - [16/May/2022:05:58:06 +0000] \"GET /dashboard HTTP/1.1\" 200 4744 \"http://localhost:3000/users/login\" \"Mozilla/5.0 (X11; Linux x86_64) AppleWebKit/537.36 (KHTML, like Gecko) Chrome/101.0.4951.64 Safari/537.36\"\n"}
{"level":"info","message":"::1 - - [16/May/2022:05:58:06 +0000] \"GET /css/bootstrap-rtl.css HTTP/1.1\" 304 - \"http://localhost:3000/dashboard\" \"Mozilla/5.0 (X11; Linux x86_64) AppleWebKit/537.36 (KHTML, like Gecko) Chrome/101.0.4951.64 Safari/537.36\"\n"}
{"level":"info","message":"::1 - - [16/May/2022:05:58:06 +0000] \"GET /css/font-awesome.css HTTP/1.1\" 304 - \"http://localhost:3000/dashboard\" \"Mozilla/5.0 (X11; Linux x86_64) AppleWebKit/537.36 (KHTML, like Gecko) Chrome/101.0.4951.64 Safari/537.36\"\n"}
{"level":"info","message":"::1 - - [16/May/2022:05:58:06 +0000] \"GET /css/dashboard.css HTTP/1.1\" 304 - \"http://localhost:3000/dashboard\" \"Mozilla/5.0 (X11; Linux x86_64) AppleWebKit/537.36 (KHTML, like Gecko) Chrome/101.0.4951.64 Safari/537.36\"\n"}
{"level":"info","message":"::1 - - [16/May/2022:05:58:06 +0000] \"GET /css/styles.css HTTP/1.1\" 304 - \"http://localhost:3000/dashboard\" \"Mozilla/5.0 (X11; Linux x86_64) AppleWebKit/537.36 (KHTML, like Gecko) Chrome/101.0.4951.64 Safari/537.36\"\n"}
{"level":"info","message":"::1 - - [16/May/2022:05:58:06 +0000] \"GET /js/jquery.slim.min.js HTTP/1.1\" 304 - \"http://localhost:3000/dashboard\" \"Mozilla/5.0 (X11; Linux x86_64) AppleWebKit/537.36 (KHTML, like Gecko) Chrome/101.0.4951.64 Safari/537.36\"\n"}
{"level":"info","message":"::1 - - [16/May/2022:05:58:06 +0000] \"GET /js/bootstrap.bundle.min.js HTTP/1.1\" 200 80951 \"http://localhost:3000/dashboard\" \"Mozilla/5.0 (X11; Linux x86_64) AppleWebKit/537.36 (KHTML, like Gecko) Chrome/101.0.4951.64 Safari/537.36\"\n"}
{"level":"info","message":"::1 - - [16/May/2022:05:58:07 +0000] \"GET /fonts/fontawesome-webfont.woff2?v=4.7.0 HTTP/1.1\" 304 - \"http://localhost:3000/css/font-awesome.css\" \"Mozilla/5.0 (X11; Linux x86_64) AppleWebKit/537.36 (KHTML, like Gecko) Chrome/101.0.4951.64 Safari/537.36\"\n"}
{"level":"info","message":"::1 - - [16/May/2022:05:58:25 +0000] \"GET /dashboard HTTP/1.1\" 304 - \"http://localhost:3000/dashboard\" \"Mozilla/5.0 (X11; Linux x86_64) AppleWebKit/537.36 (KHTML, like Gecko) Chrome/101.0.4951.64 Safari/537.36\"\n"}
{"level":"info","message":"::1 - - [16/May/2022:05:58:25 +0000] \"GET /css/bootstrap-rtl.css HTTP/1.1\" 304 - \"http://localhost:3000/dashboard\" \"Mozilla/5.0 (X11; Linux x86_64) AppleWebKit/537.36 (KHTML, like Gecko) Chrome/101.0.4951.64 Safari/537.36\"\n"}
{"level":"info","message":"::1 - - [16/May/2022:05:58:25 +0000] \"GET /css/font-awesome.css HTTP/1.1\" 304 - \"http://localhost:3000/dashboard\" \"Mozilla/5.0 (X11; Linux x86_64) AppleWebKit/537.36 (KHTML, like Gecko) Chrome/101.0.4951.64 Safari/537.36\"\n"}
{"level":"info","message":"::1 - - [16/May/2022:05:58:25 +0000] \"GET /css/dashboard.css HTTP/1.1\" 304 - \"http://localhost:3000/dashboard\" \"Mozilla/5.0 (X11; Linux x86_64) AppleWebKit/537.36 (KHTML, like Gecko) Chrome/101.0.4951.64 Safari/537.36\"\n"}
{"level":"info","message":"::1 - - [16/May/2022:05:58:25 +0000] \"GET /css/styles.css HTTP/1.1\" 304 - \"http://localhost:3000/dashboard\" \"Mozilla/5.0 (X11; Linux x86_64) AppleWebKit/537.36 (KHTML, like Gecko) Chrome/101.0.4951.64 Safari/537.36\"\n"}
{"level":"info","message":"::1 - - [16/May/2022:05:58:25 +0000] \"GET /js/bootstrap.bundle.min.js HTTP/1.1\" 304 - \"http://localhost:3000/dashboard\" \"Mozilla/5.0 (X11; Linux x86_64) AppleWebKit/537.36 (KHTML, like Gecko) Chrome/101.0.4951.64 Safari/537.36\"\n"}
{"level":"info","message":"::1 - - [16/May/2022:05:58:25 +0000] \"GET /js/jquery.slim.min.js HTTP/1.1\" 304 - \"http://localhost:3000/dashboard\" \"Mozilla/5.0 (X11; Linux x86_64) AppleWebKit/537.36 (KHTML, like Gecko) Chrome/101.0.4951.64 Safari/537.36\"\n"}
{"level":"info","message":"::1 - - [16/May/2022:06:05:57 +0000] \"GET /users/logout HTTP/1.1\" 302 68 \"http://localhost:3000/dashboard\" \"Mozilla/5.0 (X11; Linux x86_64) AppleWebKit/537.36 (KHTML, like Gecko) Chrome/101.0.4951.64 Safari/537.36\"\n"}
{"level":"info","message":"::1 - - [16/May/2022:06:05:57 +0000] \"GET /users/login HTTP/1.1\" 200 2078 \"http://localhost:3000/dashboard\" \"Mozilla/5.0 (X11; Linux x86_64) AppleWebKit/537.36 (KHTML, like Gecko) Chrome/101.0.4951.64 Safari/537.36\"\n"}
{"level":"info","message":"::1 - - [16/May/2022:06:05:57 +0000] \"GET /css/styles.css HTTP/1.1\" 304 - \"http://localhost:3000/users/login\" \"Mozilla/5.0 (X11; Linux x86_64) AppleWebKit/537.36 (KHTML, like Gecko) Chrome/101.0.4951.64 Safari/537.36\"\n"}
{"level":"info","message":"::1 - - [16/May/2022:06:05:57 +0000] \"GET /css/bootstrap-rtl.css HTTP/1.1\" 304 - \"http://localhost:3000/users/login\" \"Mozilla/5.0 (X11; Linux x86_64) AppleWebKit/537.36 (KHTML, like Gecko) Chrome/101.0.4951.64 Safari/537.36\"\n"}
{"level":"info","message":"::1 - - [16/May/2022:06:05:57 +0000] \"GET /css/font-awesome.css HTTP/1.1\" 304 - \"http://localhost:3000/users/login\" \"Mozilla/5.0 (X11; Linux x86_64) AppleWebKit/537.36 (KHTML, like Gecko) Chrome/101.0.4951.64 Safari/537.36\"\n"}
{"level":"info","message":"::1 - - [16/May/2022:06:05:57 +0000] \"GET /js/jquery.slim.min.js HTTP/1.1\" 304 - \"http://localhost:3000/users/login\" \"Mozilla/5.0 (X11; Linux x86_64) AppleWebKit/537.36 (KHTML, like Gecko) Chrome/101.0.4951.64 Safari/537.36\"\n"}
{"level":"info","message":"::1 - - [16/May/2022:06:05:57 +0000] \"GET /css/signin.css HTTP/1.1\" 304 - \"http://localhost:3000/users/login\" \"Mozilla/5.0 (X11; Linux x86_64) AppleWebKit/537.36 (KHTML, like Gecko) Chrome/101.0.4951.64 Safari/537.36\"\n"}
{"level":"info","message":"::1 - - [16/May/2022:06:05:57 +0000] \"GET /js/bootstrap.min.js HTTP/1.1\" 304 - \"http://localhost:3000/users/login\" \"Mozilla/5.0 (X11; Linux x86_64) AppleWebKit/537.36 (KHTML, like Gecko) Chrome/101.0.4951.64 Safari/537.36\"\n"}
{"level":"info","message":"::1 - - [16/May/2022:06:05:57 +0000] \"GET /fonts/BYekan-webfont.woff HTTP/1.1\" 304 - \"http://localhost:3000/css/styles.css\" \"Mozilla/5.0 (X11; Linux x86_64) AppleWebKit/537.36 (KHTML, like Gecko) Chrome/101.0.4951.64 Safari/537.36\"\n"}
{"level":"info","message":"::1 - - [16/May/2022:06:06:00 +0000] \"GET /users/login HTTP/1.1\" 304 - \"http://localhost:3000/dashboard\" \"Mozilla/5.0 (X11; Linux x86_64) AppleWebKit/537.36 (KHTML, like Gecko) Chrome/101.0.4951.64 Safari/537.36\"\n"}
{"level":"info","message":"::1 - - [16/May/2022:06:06:00 +0000] \"GET /css/styles.css HTTP/1.1\" 304 - \"http://localhost:3000/users/login\" \"Mozilla/5.0 (X11; Linux x86_64) AppleWebKit/537.36 (KHTML, like Gecko) Chrome/101.0.4951.64 Safari/537.36\"\n"}
{"level":"info","message":"::1 - - [16/May/2022:06:06:00 +0000] \"GET /css/bootstrap-rtl.css HTTP/1.1\" 304 - \"http://localhost:3000/users/login\" \"Mozilla/5.0 (X11; Linux x86_64) AppleWebKit/537.36 (KHTML, like Gecko) Chrome/101.0.4951.64 Safari/537.36\"\n"}
{"level":"info","message":"::1 - - [16/May/2022:06:06:00 +0000] \"GET /css/font-awesome.css HTTP/1.1\" 304 - \"http://localhost:3000/users/login\" \"Mozilla/5.0 (X11; Linux x86_64) AppleWebKit/537.36 (KHTML, like Gecko) Chrome/101.0.4951.64 Safari/537.36\"\n"}
{"level":"info","message":"::1 - - [16/May/2022:06:06:00 +0000] \"GET /css/signin.css HTTP/1.1\" 304 - \"http://localhost:3000/users/login\" \"Mozilla/5.0 (X11; Linux x86_64) AppleWebKit/537.36 (KHTML, like Gecko) Chrome/101.0.4951.64 Safari/537.36\"\n"}
{"level":"info","message":"::1 - - [16/May/2022:06:06:00 +0000] \"GET /js/jquery.slim.min.js HTTP/1.1\" 304 - \"http://localhost:3000/users/login\" \"Mozilla/5.0 (X11; Linux x86_64) AppleWebKit/537.36 (KHTML, like Gecko) Chrome/101.0.4951.64 Safari/537.36\"\n"}
{"level":"info","message":"::1 - - [16/May/2022:06:06:00 +0000] \"GET /js/bootstrap.min.js HTTP/1.1\" 304 - \"http://localhost:3000/users/login\" \"Mozilla/5.0 (X11; Linux x86_64) AppleWebKit/537.36 (KHTML, like Gecko) Chrome/101.0.4951.64 Safari/537.36\"\n"}
{"level":"info","message":"::1 - - [16/May/2022:06:06:01 +0000] \"GET /favicon.ico HTTP/1.1\" 304 - \"http://localhost:3000/users/login\" \"Mozilla/5.0 (X11; Linux x86_64) AppleWebKit/537.36 (KHTML, like Gecko) Chrome/101.0.4951.64 Safari/537.36\"\n"}
{"level":"info","message":"::1 - - [16/May/2022:06:06:20 +0000] \"POST /users/login HTTP/1.1\" 302 68 \"http://localhost:3000/users/login\" \"Mozilla/5.0 (X11; Linux x86_64) AppleWebKit/537.36 (KHTML, like Gecko) Chrome/101.0.4951.64 Safari/537.36\"\n"}
{"level":"info","message":"::1 - - [16/May/2022:06:06:20 +0000] \"GET /users/login HTTP/1.1\" 200 2385 \"http://localhost:3000/users/login\" \"Mozilla/5.0 (X11; Linux x86_64) AppleWebKit/537.36 (KHTML, like Gecko) Chrome/101.0.4951.64 Safari/537.36\"\n"}
{"level":"info","message":"::1 - - [16/May/2022:06:06:20 +0000] \"GET /css/styles.css HTTP/1.1\" 304 - \"http://localhost:3000/users/login\" \"Mozilla/5.0 (X11; Linux x86_64) AppleWebKit/537.36 (KHTML, like Gecko) Chrome/101.0.4951.64 Safari/537.36\"\n"}
{"level":"info","message":"::1 - - [16/May/2022:06:06:20 +0000] \"GET /css/bootstrap-rtl.css HTTP/1.1\" 304 - \"http://localhost:3000/users/login\" \"Mozilla/5.0 (X11; Linux x86_64) AppleWebKit/537.36 (KHTML, like Gecko) Chrome/101.0.4951.64 Safari/537.36\"\n"}
{"level":"info","message":"::1 - - [16/May/2022:06:06:20 +0000] \"GET /css/signin.css HTTP/1.1\" 304 - \"http://localhost:3000/users/login\" \"Mozilla/5.0 (X11; Linux x86_64) AppleWebKit/537.36 (KHTML, like Gecko) Chrome/101.0.4951.64 Safari/537.36\"\n"}
{"level":"info","message":"::1 - - [16/May/2022:06:06:20 +0000] \"GET /css/font-awesome.css HTTP/1.1\" 304 - \"http://localhost:3000/users/login\" \"Mozilla/5.0 (X11; Linux x86_64) AppleWebKit/537.36 (KHTML, like Gecko) Chrome/101.0.4951.64 Safari/537.36\"\n"}
{"level":"info","message":"::1 - - [16/May/2022:06:06:20 +0000] \"GET /js/jquery.slim.min.js HTTP/1.1\" 304 - \"http://localhost:3000/users/login\" \"Mozilla/5.0 (X11; Linux x86_64) AppleWebKit/537.36 (KHTML, like Gecko) Chrome/101.0.4951.64 Safari/537.36\"\n"}
{"level":"info","message":"::1 - - [16/May/2022:06:06:20 +0000] \"GET /js/bootstrap.min.js HTTP/1.1\" 304 - \"http://localhost:3000/users/login\" \"Mozilla/5.0 (X11; Linux x86_64) AppleWebKit/537.36 (KHTML, like Gecko) Chrome/101.0.4951.64 Safari/537.36\"\n"}
{"level":"info","message":"::1 - - [16/May/2022:06:06:37 +0000] \"GET /users/login HTTP/1.1\" 200 2078 \"http://localhost:3000/users/login\" \"Mozilla/5.0 (X11; Linux x86_64) AppleWebKit/537.36 (KHTML, like Gecko) Chrome/101.0.4951.64 Safari/537.36\"\n"}
{"level":"info","message":"::1 - - [16/May/2022:06:06:37 +0000] \"GET /css/styles.css HTTP/1.1\" 304 - \"http://localhost:3000/users/login\" \"Mozilla/5.0 (X11; Linux x86_64) AppleWebKit/537.36 (KHTML, like Gecko) Chrome/101.0.4951.64 Safari/537.36\"\n"}
{"level":"info","message":"::1 - - [16/May/2022:06:06:37 +0000] \"GET /css/font-awesome.css HTTP/1.1\" 304 - \"http://localhost:3000/users/login\" \"Mozilla/5.0 (X11; Linux x86_64) AppleWebKit/537.36 (KHTML, like Gecko) Chrome/101.0.4951.64 Safari/537.36\"\n"}
{"level":"info","message":"::1 - - [16/May/2022:06:06:37 +0000] \"GET /css/bootstrap-rtl.css HTTP/1.1\" 304 - \"http://localhost:3000/users/login\" \"Mozilla/5.0 (X11; Linux x86_64) AppleWebKit/537.36 (KHTML, like Gecko) Chrome/101.0.4951.64 Safari/537.36\"\n"}
{"level":"info","message":"::1 - - [16/May/2022:06:06:37 +0000] \"GET /css/signin.css HTTP/1.1\" 304 - \"http://localhost:3000/users/login\" \"Mozilla/5.0 (X11; Linux x86_64) AppleWebKit/537.36 (KHTML, like Gecko) Chrome/101.0.4951.64 Safari/537.36\"\n"}
{"level":"info","message":"::1 - - [16/May/2022:06:06:37 +0000] \"GET /js/jquery.slim.min.js HTTP/1.1\" 304 - \"http://localhost:3000/users/login\" \"Mozilla/5.0 (X11; Linux x86_64) AppleWebKit/537.36 (KHTML, like Gecko) Chrome/101.0.4951.64 Safari/537.36\"\n"}
{"level":"info","message":"::1 - - [16/May/2022:06:06:37 +0000] \"GET /js/bootstrap.min.js HTTP/1.1\" 304 - \"http://localhost:3000/users/login\" \"Mozilla/5.0 (X11; Linux x86_64) AppleWebKit/537.36 (KHTML, like Gecko) Chrome/101.0.4951.64 Safari/537.36\"\n"}
{"level":"info","message":"::1 - - [16/May/2022:06:06:37 +0000] \"GET /favicon.ico HTTP/1.1\" 304 - \"http://localhost:3000/users/login\" \"Mozilla/5.0 (X11; Linux x86_64) AppleWebKit/537.36 (KHTML, like Gecko) Chrome/101.0.4951.64 Safari/537.36\"\n"}
{"level":"info","message":"::1 - - [16/May/2022:06:30:18 +0000] \"GET /users/login HTTP/1.1\" 304 - \"-\" \"Mozilla/5.0 (X11; Linux x86_64) AppleWebKit/537.36 (KHTML, like Gecko) Chrome/101.0.4951.64 Safari/537.36\"\n"}
{"level":"info","message":"::1 - - [16/May/2022:06:30:18 +0000] \"GET /css/styles.css HTTP/1.1\" 304 - \"http://localhost:3000/users/login\" \"Mozilla/5.0 (X11; Linux x86_64) AppleWebKit/537.36 (KHTML, like Gecko) Chrome/101.0.4951.64 Safari/537.36\"\n"}
{"level":"info","message":"::1 - - [16/May/2022:06:30:18 +0000] \"GET /css/bootstrap-rtl.css HTTP/1.1\" 304 - \"http://localhost:3000/users/login\" \"Mozilla/5.0 (X11; Linux x86_64) AppleWebKit/537.36 (KHTML, like Gecko) Chrome/101.0.4951.64 Safari/537.36\"\n"}
{"level":"info","message":"::1 - - [16/May/2022:06:30:18 +0000] \"GET /css/signin.css HTTP/1.1\" 304 - \"http://localhost:3000/users/login\" \"Mozilla/5.0 (X11; Linux x86_64) AppleWebKit/537.36 (KHTML, like Gecko) Chrome/101.0.4951.64 Safari/537.36\"\n"}
{"level":"info","message":"::1 - - [16/May/2022:06:30:18 +0000] \"GET /js/bootstrap.min.js HTTP/1.1\" 304 - \"http://localhost:3000/users/login\" \"Mozilla/5.0 (X11; Linux x86_64) AppleWebKit/537.36 (KHTML, like Gecko) Chrome/101.0.4951.64 Safari/537.36\"\n"}
{"level":"info","message":"::1 - - [16/May/2022:06:30:18 +0000] \"GET /js/jquery.slim.min.js HTTP/1.1\" 304 - \"http://localhost:3000/users/login\" \"Mozilla/5.0 (X11; Linux x86_64) AppleWebKit/537.36 (KHTML, like Gecko) Chrome/101.0.4951.64 Safari/537.36\"\n"}
{"level":"info","message":"::1 - - [16/May/2022:06:30:18 +0000] \"GET /css/font-awesome.css HTTP/1.1\" 304 - \"http://localhost:3000/users/login\" \"Mozilla/5.0 (X11; Linux x86_64) AppleWebKit/537.36 (KHTML, like Gecko) Chrome/101.0.4951.64 Safari/537.36\"\n"}
{"level":"info","message":"::1 - - [16/May/2022:06:30:18 +0000] \"GET /fonts/BYekan-webfont.woff HTTP/1.1\" 304 - \"http://localhost:3000/css/styles.css\" \"Mozilla/5.0 (X11; Linux x86_64) AppleWebKit/537.36 (KHTML, like Gecko) Chrome/101.0.4951.64 Safari/537.36\"\n"}
{"level":"info","message":"::1 - - [16/May/2022:06:30:37 +0000] \"POST /users/login HTTP/1.1\" 302 68 \"http://localhost:3000/users/login\" \"Mozilla/5.0 (X11; Linux x86_64) AppleWebKit/537.36 (KHTML, like Gecko) Chrome/101.0.4951.64 Safari/537.36\"\n"}
{"level":"info","message":"::1 - - [16/May/2022:06:30:37 +0000] \"GET /users/login HTTP/1.1\" 200 2385 \"http://localhost:3000/users/login\" \"Mozilla/5.0 (X11; Linux x86_64) AppleWebKit/537.36 (KHTML, like Gecko) Chrome/101.0.4951.64 Safari/537.36\"\n"}
{"level":"info","message":"::1 - - [16/May/2022:06:30:37 +0000] \"GET /css/styles.css HTTP/1.1\" 304 - \"http://localhost:3000/users/login\" \"Mozilla/5.0 (X11; Linux x86_64) AppleWebKit/537.36 (KHTML, like Gecko) Chrome/101.0.4951.64 Safari/537.36\"\n"}
{"level":"info","message":"::1 - - [16/May/2022:06:30:37 +0000] \"GET /css/bootstrap-rtl.css HTTP/1.1\" 304 - \"http://localhost:3000/users/login\" \"Mozilla/5.0 (X11; Linux x86_64) AppleWebKit/537.36 (KHTML, like Gecko) Chrome/101.0.4951.64 Safari/537.36\"\n"}
{"level":"info","message":"::1 - - [16/May/2022:06:30:37 +0000] \"GET /css/font-awesome.css HTTP/1.1\" 304 - \"http://localhost:3000/users/login\" \"Mozilla/5.0 (X11; Linux x86_64) AppleWebKit/537.36 (KHTML, like Gecko) Chrome/101.0.4951.64 Safari/537.36\"\n"}
{"level":"info","message":"::1 - - [16/May/2022:06:30:37 +0000] \"GET /css/signin.css HTTP/1.1\" 304 - \"http://localhost:3000/users/login\" \"Mozilla/5.0 (X11; Linux x86_64) AppleWebKit/537.36 (KHTML, like Gecko) Chrome/101.0.4951.64 Safari/537.36\"\n"}
{"level":"info","message":"::1 - - [16/May/2022:06:30:37 +0000] \"GET /js/jquery.slim.min.js HTTP/1.1\" 304 - \"http://localhost:3000/users/login\" \"Mozilla/5.0 (X11; Linux x86_64) AppleWebKit/537.36 (KHTML, like Gecko) Chrome/101.0.4951.64 Safari/537.36\"\n"}
{"level":"info","message":"::1 - - [16/May/2022:06:30:37 +0000] \"GET /js/bootstrap.min.js HTTP/1.1\" 304 - \"http://localhost:3000/users/login\" \"Mozilla/5.0 (X11; Linux x86_64) AppleWebKit/537.36 (KHTML, like Gecko) Chrome/101.0.4951.64 Safari/537.36\"\n"}
{"level":"info","message":"::1 - - [16/May/2022:06:30:37 +0000] \"GET /fonts/BYekan-webfont.woff HTTP/1.1\" 304 - \"http://localhost:3000/css/styles.css\" \"Mozilla/5.0 (X11; Linux x86_64) AppleWebKit/537.36 (KHTML, like Gecko) Chrome/101.0.4951.64 Safari/537.36\"\n"}
{"level":"info","message":"::1 - - [16/May/2022:06:35:20 +0000] \"GET /users/login HTTP/1.1\" 200 2078 \"http://localhost:3000/users/login\" \"Mozilla/5.0 (X11; Linux x86_64) AppleWebKit/537.36 (KHTML, like Gecko) Chrome/101.0.4951.64 Safari/537.36\"\n"}
{"level":"info","message":"::1 - - [16/May/2022:06:35:20 +0000] \"GET /css/styles.css HTTP/1.1\" 304 - \"http://localhost:3000/users/login\" \"Mozilla/5.0 (X11; Linux x86_64) AppleWebKit/537.36 (KHTML, like Gecko) Chrome/101.0.4951.64 Safari/537.36\"\n"}
{"level":"info","message":"::1 - - [16/May/2022:06:35:20 +0000] \"GET /css/bootstrap-rtl.css HTTP/1.1\" 304 - \"http://localhost:3000/users/login\" \"Mozilla/5.0 (X11; Linux x86_64) AppleWebKit/537.36 (KHTML, like Gecko) Chrome/101.0.4951.64 Safari/537.36\"\n"}
{"level":"info","message":"::1 - - [16/May/2022:06:35:20 +0000] \"GET /css/font-awesome.css HTTP/1.1\" 304 - \"http://localhost:3000/users/login\" \"Mozilla/5.0 (X11; Linux x86_64) AppleWebKit/537.36 (KHTML, like Gecko) Chrome/101.0.4951.64 Safari/537.36\"\n"}
{"level":"info","message":"::1 - - [16/May/2022:06:35:20 +0000] \"GET /css/signin.css HTTP/1.1\" 304 - \"http://localhost:3000/users/login\" \"Mozilla/5.0 (X11; Linux x86_64) AppleWebKit/537.36 (KHTML, like Gecko) Chrome/101.0.4951.64 Safari/537.36\"\n"}
{"level":"info","message":"::1 - - [16/May/2022:06:35:20 +0000] \"GET /js/bootstrap.min.js HTTP/1.1\" 304 - \"http://localhost:3000/users/login\" \"Mozilla/5.0 (X11; Linux x86_64) AppleWebKit/537.36 (KHTML, like Gecko) Chrome/101.0.4951.64 Safari/537.36\"\n"}
{"level":"info","message":"::1 - - [16/May/2022:06:35:20 +0000] \"GET /js/jquery.slim.min.js HTTP/1.1\" 304 - \"http://localhost:3000/users/login\" \"Mozilla/5.0 (X11; Linux x86_64) AppleWebKit/537.36 (KHTML, like Gecko) Chrome/101.0.4951.64 Safari/537.36\"\n"}
{"level":"info","message":"::1 - - [16/May/2022:06:35:20 +0000] \"GET /fonts/BYekan-webfont.woff HTTP/1.1\" 304 - \"http://localhost:3000/css/styles.css\" \"Mozilla/5.0 (X11; Linux x86_64) AppleWebKit/537.36 (KHTML, like Gecko) Chrome/101.0.4951.64 Safari/537.36\"\n"}
{"level":"info","message":"::1 - - [16/May/2022:06:35:21 +0000] \"GET /favicon.ico HTTP/1.1\" 304 - \"http://localhost:3000/users/login\" \"Mozilla/5.0 (X11; Linux x86_64) AppleWebKit/537.36 (KHTML, like Gecko) Chrome/101.0.4951.64 Safari/537.36\"\n"}
{"level":"info","message":"::1 - - [16/May/2022:06:35:33 +0000] \"POST /users/login HTTP/1.1\" 302 68 \"http://localhost:3000/users/login\" \"Mozilla/5.0 (X11; Linux x86_64) AppleWebKit/537.36 (KHTML, like Gecko) Chrome/101.0.4951.64 Safari/537.36\"\n"}
{"level":"info","message":"::1 - - [16/May/2022:06:35:33 +0000] \"GET /users/login HTTP/1.1\" 200 2385 \"http://localhost:3000/users/login\" \"Mozilla/5.0 (X11; Linux x86_64) AppleWebKit/537.36 (KHTML, like Gecko) Chrome/101.0.4951.64 Safari/537.36\"\n"}
{"level":"info","message":"::1 - - [16/May/2022:06:35:33 +0000] \"GET /css/styles.css HTTP/1.1\" 304 - \"http://localhost:3000/users/login\" \"Mozilla/5.0 (X11; Linux x86_64) AppleWebKit/537.36 (KHTML, like Gecko) Chrome/101.0.4951.64 Safari/537.36\"\n"}
{"level":"info","message":"::1 - - [16/May/2022:06:35:33 +0000] \"GET /css/bootstrap-rtl.css HTTP/1.1\" 304 - \"http://localhost:3000/users/login\" \"Mozilla/5.0 (X11; Linux x86_64) AppleWebKit/537.36 (KHTML, like Gecko) Chrome/101.0.4951.64 Safari/537.36\"\n"}
{"level":"info","message":"::1 - - [16/May/2022:06:35:33 +0000] \"GET /css/font-awesome.css HTTP/1.1\" 304 - \"http://localhost:3000/users/login\" \"Mozilla/5.0 (X11; Linux x86_64) AppleWebKit/537.36 (KHTML, like Gecko) Chrome/101.0.4951.64 Safari/537.36\"\n"}
{"level":"info","message":"::1 - - [16/May/2022:06:35:33 +0000] \"GET /css/signin.css HTTP/1.1\" 304 - \"http://localhost:3000/users/login\" \"Mozilla/5.0 (X11; Linux x86_64) AppleWebKit/537.36 (KHTML, like Gecko) Chrome/101.0.4951.64 Safari/537.36\"\n"}
{"level":"info","message":"::1 - - [16/May/2022:06:35:33 +0000] \"GET /js/jquery.slim.min.js HTTP/1.1\" 304 - \"http://localhost:3000/users/login\" \"Mozilla/5.0 (X11; Linux x86_64) AppleWebKit/537.36 (KHTML, like Gecko) Chrome/101.0.4951.64 Safari/537.36\"\n"}
{"level":"info","message":"::1 - - [16/May/2022:06:35:33 +0000] \"GET /js/bootstrap.min.js HTTP/1.1\" 304 - \"http://localhost:3000/users/login\" \"Mozilla/5.0 (X11; Linux x86_64) AppleWebKit/537.36 (KHTML, like Gecko) Chrome/101.0.4951.64 Safari/537.36\"\n"}
{"level":"info","message":"::1 - - [16/May/2022:06:39:58 +0000] \"GET /users/login HTTP/1.1\" 200 2078 \"http://localhost:3000/users/login\" \"Mozilla/5.0 (X11; Linux x86_64) AppleWebKit/537.36 (KHTML, like Gecko) Chrome/101.0.4951.64 Safari/537.36\"\n"}
{"level":"info","message":"::1 - - [16/May/2022:06:39:58 +0000] \"GET /css/styles.css HTTP/1.1\" 304 - \"http://localhost:3000/users/login\" \"Mozilla/5.0 (X11; Linux x86_64) AppleWebKit/537.36 (KHTML, like Gecko) Chrome/101.0.4951.64 Safari/537.36\"\n"}
{"level":"info","message":"::1 - - [16/May/2022:06:39:58 +0000] \"GET /css/font-awesome.css HTTP/1.1\" 304 - \"http://localhost:3000/users/login\" \"Mozilla/5.0 (X11; Linux x86_64) AppleWebKit/537.36 (KHTML, like Gecko) Chrome/101.0.4951.64 Safari/537.36\"\n"}
{"level":"info","message":"::1 - - [16/May/2022:06:39:58 +0000] \"GET /css/bootstrap-rtl.css HTTP/1.1\" 304 - \"http://localhost:3000/users/login\" \"Mozilla/5.0 (X11; Linux x86_64) AppleWebKit/537.36 (KHTML, like Gecko) Chrome/101.0.4951.64 Safari/537.36\"\n"}
{"level":"info","message":"::1 - - [16/May/2022:06:39:58 +0000] \"GET /css/signin.css HTTP/1.1\" 304 - \"http://localhost:3000/users/login\" \"Mozilla/5.0 (X11; Linux x86_64) AppleWebKit/537.36 (KHTML, like Gecko) Chrome/101.0.4951.64 Safari/537.36\"\n"}
{"level":"info","message":"::1 - - [16/May/2022:06:39:58 +0000] \"GET /js/jquery.slim.min.js HTTP/1.1\" 304 - \"http://localhost:3000/users/login\" \"Mozilla/5.0 (X11; Linux x86_64) AppleWebKit/537.36 (KHTML, like Gecko) Chrome/101.0.4951.64 Safari/537.36\"\n"}
{"level":"info","message":"::1 - - [16/May/2022:06:39:58 +0000] \"GET /js/bootstrap.min.js HTTP/1.1\" 304 - \"http://localhost:3000/users/login\" \"Mozilla/5.0 (X11; Linux x86_64) AppleWebKit/537.36 (KHTML, like Gecko) Chrome/101.0.4951.64 Safari/537.36\"\n"}
{"level":"info","message":"::1 - - [16/May/2022:06:39:58 +0000] \"GET /fonts/BYekan-webfont.woff HTTP/1.1\" 304 - \"http://localhost:3000/css/styles.css\" \"Mozilla/5.0 (X11; Linux x86_64) AppleWebKit/537.36 (KHTML, like Gecko) Chrome/101.0.4951.64 Safari/537.36\"\n"}
{"level":"info","message":"::1 - - [16/May/2022:06:39:59 +0000] \"GET /favicon.ico HTTP/1.1\" 304 - \"http://localhost:3000/users/login\" \"Mozilla/5.0 (X11; Linux x86_64) AppleWebKit/537.36 (KHTML, like Gecko) Chrome/101.0.4951.64 Safari/537.36\"\n"}
{"level":"info","message":"::1 - - [16/May/2022:06:40:11 +0000] \"POST /users/login HTTP/1.1\" 302 68 \"http://localhost:3000/users/login\" \"Mozilla/5.0 (X11; Linux x86_64) AppleWebKit/537.36 (KHTML, like Gecko) Chrome/101.0.4951.64 Safari/537.36\"\n"}
{"level":"info","message":"::1 - - [16/May/2022:06:40:11 +0000] \"GET /users/login HTTP/1.1\" 200 2385 \"http://localhost:3000/users/login\" \"Mozilla/5.0 (X11; Linux x86_64) AppleWebKit/537.36 (KHTML, like Gecko) Chrome/101.0.4951.64 Safari/537.36\"\n"}
{"level":"info","message":"::1 - - [16/May/2022:06:40:11 +0000] \"GET /css/styles.css HTTP/1.1\" 304 - \"http://localhost:3000/users/login\" \"Mozilla/5.0 (X11; Linux x86_64) AppleWebKit/537.36 (KHTML, like Gecko) Chrome/101.0.4951.64 Safari/537.36\"\n"}
{"level":"info","message":"::1 - - [16/May/2022:06:40:11 +0000] \"GET /css/bootstrap-rtl.css HTTP/1.1\" 304 - \"http://localhost:3000/users/login\" \"Mozilla/5.0 (X11; Linux x86_64) AppleWebKit/537.36 (KHTML, like Gecko) Chrome/101.0.4951.64 Safari/537.36\"\n"}
{"level":"info","message":"::1 - - [16/May/2022:06:40:11 +0000] \"GET /js/jquery.slim.min.js HTTP/1.1\" 304 - \"http://localhost:3000/users/login\" \"Mozilla/5.0 (X11; Linux x86_64) AppleWebKit/537.36 (KHTML, like Gecko) Chrome/101.0.4951.64 Safari/537.36\"\n"}
{"level":"info","message":"::1 - - [16/May/2022:06:40:11 +0000] \"GET /css/font-awesome.css HTTP/1.1\" 304 - \"http://localhost:3000/users/login\" \"Mozilla/5.0 (X11; Linux x86_64) AppleWebKit/537.36 (KHTML, like Gecko) Chrome/101.0.4951.64 Safari/537.36\"\n"}
{"level":"info","message":"::1 - - [16/May/2022:06:40:11 +0000] \"GET /css/signin.css HTTP/1.1\" 304 - \"http://localhost:3000/users/login\" \"Mozilla/5.0 (X11; Linux x86_64) AppleWebKit/537.36 (KHTML, like Gecko) Chrome/101.0.4951.64 Safari/537.36\"\n"}
{"level":"info","message":"::1 - - [16/May/2022:06:40:11 +0000] \"GET /js/bootstrap.min.js HTTP/1.1\" 304 - \"http://localhost:3000/users/login\" \"Mozilla/5.0 (X11; Linux x86_64) AppleWebKit/537.36 (KHTML, like Gecko) Chrome/101.0.4951.64 Safari/537.36\"\n"}
{"level":"info","message":"::1 - - [16/May/2022:06:40:11 +0000] \"GET /fonts/BYekan-webfont.woff HTTP/1.1\" 304 - \"http://localhost:3000/css/styles.css\" \"Mozilla/5.0 (X11; Linux x86_64) AppleWebKit/537.36 (KHTML, like Gecko) Chrome/101.0.4951.64 Safari/537.36\"\n"}
{"date":"Mon May 16 2022 11:13:38 GMT+0430 (Iran Daylight Time)","error":{},"exception":true,"level":"error","message":"uncaughtException: Route.get() requires a callback function but got a [object Undefined]\nError: Route.get() requires a callback function but got a [object Undefined]\n    at Route.<computed> [as get] (/home/ahoora/Documents/courses/weblog-project/node_modules/express/lib/router/route.js:202:15)\n    at Function.proto.<computed> [as get] (/home/ahoora/Documents/courses/weblog-project/node_modules/express/lib/router/index.js:516:19)\n    at Object.<anonymous> (/home/ahoora/Documents/courses/weblog-project/routes/users.js:26:8)\n    at Module._compile (node:internal/modules/cjs/loader:1099:14)\n    at Object.Module._extensions..js (node:internal/modules/cjs/loader:1153:10)\n    at Module.load (node:internal/modules/cjs/loader:975:32)\n    at Function.Module._load (node:internal/modules/cjs/loader:822:12)\n    at Module.require (node:internal/modules/cjs/loader:999:19)\n    at require (node:internal/modules/cjs/helpers:102:18)\n    at Object.<anonymous> (/home/ahoora/Documents/courses/weblog-project/app.js:72:19)\n    at Module._compile (node:internal/modules/cjs/loader:1099:14)\n    at Object.Module._extensions..js (node:internal/modules/cjs/loader:1153:10)\n    at Module.load (node:internal/modules/cjs/loader:975:32)\n    at Function.Module._load (node:internal/modules/cjs/loader:822:12)\n    at Function.executeUserEntryPoint [as runMain] (node:internal/modules/run_main:77:12)\n    at node:internal/main/run_main_module:17:47","os":{"loadavg":[1.6,1.75,1.81],"uptime":5029.87},"process":{"argv":["/usr/bin/node","/home/ahoora/Documents/courses/weblog-project/app.js"],"cwd":"/home/ahoora/Documents/courses/weblog-project","execPath":"/usr/bin/node","gid":1000,"memoryUsage":{"arrayBuffers":19525997,"external":20604628,"heapTotal":58687488,"heapUsed":33587672,"rss":87339008},"pid":16642,"uid":1000,"version":"v17.9.0"},"stack":"Error: Route.get() requires a callback function but got a [object Undefined]\n    at Route.<computed> [as get] (/home/ahoora/Documents/courses/weblog-project/node_modules/express/lib/router/route.js:202:15)\n    at Function.proto.<computed> [as get] (/home/ahoora/Documents/courses/weblog-project/node_modules/express/lib/router/index.js:516:19)\n    at Object.<anonymous> (/home/ahoora/Documents/courses/weblog-project/routes/users.js:26:8)\n    at Module._compile (node:internal/modules/cjs/loader:1099:14)\n    at Object.Module._extensions..js (node:internal/modules/cjs/loader:1153:10)\n    at Module.load (node:internal/modules/cjs/loader:975:32)\n    at Function.Module._load (node:internal/modules/cjs/loader:822:12)\n    at Module.require (node:internal/modules/cjs/loader:999:19)\n    at require (node:internal/modules/cjs/helpers:102:18)\n    at Object.<anonymous> (/home/ahoora/Documents/courses/weblog-project/app.js:72:19)\n    at Module._compile (node:internal/modules/cjs/loader:1099:14)\n    at Object.Module._extensions..js (node:internal/modules/cjs/loader:1153:10)\n    at Module.load (node:internal/modules/cjs/loader:975:32)\n    at Function.Module._load (node:internal/modules/cjs/loader:822:12)\n    at Function.executeUserEntryPoint [as runMain] (node:internal/modules/run_main:77:12)\n    at node:internal/main/run_main_module:17:47","trace":[{"column":15,"file":"/home/ahoora/Documents/courses/weblog-project/node_modules/express/lib/router/route.js","function":"Route.<computed> [as get]","line":202,"method":"<computed> [as get]","native":false},{"column":19,"file":"/home/ahoora/Documents/courses/weblog-project/node_modules/express/lib/router/index.js","function":"Function.proto.<computed> [as get]","line":516,"method":"<computed> [as get]","native":false},{"column":8,"file":"/home/ahoora/Documents/courses/weblog-project/routes/users.js","function":null,"line":26,"method":null,"native":false},{"column":14,"file":"node:internal/modules/cjs/loader","function":"Module._compile","line":1099,"method":"_compile","native":false},{"column":10,"file":"node:internal/modules/cjs/loader","function":"Module._extensions..js","line":1153,"method":".js","native":false},{"column":32,"file":"node:internal/modules/cjs/loader","function":"Module.load","line":975,"method":"load","native":false},{"column":12,"file":"node:internal/modules/cjs/loader","function":"Module._load","line":822,"method":"_load","native":false},{"column":19,"file":"node:internal/modules/cjs/loader","function":"Module.require","line":999,"method":"require","native":false},{"column":18,"file":"node:internal/modules/cjs/helpers","function":"require","line":102,"method":null,"native":false},{"column":19,"file":"/home/ahoora/Documents/courses/weblog-project/app.js","function":null,"line":72,"method":null,"native":false},{"column":14,"file":"node:internal/modules/cjs/loader","function":"Module._compile","line":1099,"method":"_compile","native":false},{"column":10,"file":"node:internal/modules/cjs/loader","function":"Module._extensions..js","line":1153,"method":".js","native":false},{"column":32,"file":"node:internal/modules/cjs/loader","function":"Module.load","line":975,"method":"load","native":false},{"column":12,"file":"node:internal/modules/cjs/loader","function":"Module._load","line":822,"method":"_load","native":false},{"column":12,"file":"node:internal/modules/run_main","function":"Function.executeUserEntryPoint [as runMain]","line":77,"method":"executeUserEntryPoint [as runMain]","native":false},{"column":47,"file":"node:internal/main/run_main_module","function":null,"line":17,"method":null,"native":false}]}
{"date":"Mon May 16 2022 11:15:56 GMT+0430 (Iran Daylight Time)","error":{},"exception":true,"level":"error","message":"uncaughtException: Route.get() requires a callback function but got a [object Undefined]\nError: Route.get() requires a callback function but got a [object Undefined]\n    at Route.<computed> [as get] (/home/ahoora/Documents/courses/weblog-project/node_modules/express/lib/router/route.js:202:15)\n    at Function.proto.<computed> [as get] (/home/ahoora/Documents/courses/weblog-project/node_modules/express/lib/router/index.js:516:19)\n    at Object.<anonymous> (/home/ahoora/Documents/courses/weblog-project/routes/users.js:26:8)\n    at Module._compile (node:internal/modules/cjs/loader:1099:14)\n    at Object.Module._extensions..js (node:internal/modules/cjs/loader:1153:10)\n    at Module.load (node:internal/modules/cjs/loader:975:32)\n    at Function.Module._load (node:internal/modules/cjs/loader:822:12)\n    at Module.require (node:internal/modules/cjs/loader:999:19)\n    at require (node:internal/modules/cjs/helpers:102:18)\n    at Object.<anonymous> (/home/ahoora/Documents/courses/weblog-project/app.js:72:19)\n    at Module._compile (node:internal/modules/cjs/loader:1099:14)\n    at Object.Module._extensions..js (node:internal/modules/cjs/loader:1153:10)\n    at Module.load (node:internal/modules/cjs/loader:975:32)\n    at Function.Module._load (node:internal/modules/cjs/loader:822:12)\n    at Function.executeUserEntryPoint [as runMain] (node:internal/modules/run_main:77:12)\n    at node:internal/main/run_main_module:17:47","os":{"loadavg":[1.52,1.66,1.77],"uptime":5167.58},"process":{"argv":["/usr/bin/node","/home/ahoora/Documents/courses/weblog-project/app.js"],"cwd":"/home/ahoora/Documents/courses/weblog-project","execPath":"/usr/bin/node","gid":1000,"memoryUsage":{"arrayBuffers":19512750,"external":20591381,"heapTotal":58687488,"heapUsed":33569384,"rss":87642112},"pid":16875,"uid":1000,"version":"v17.9.0"},"stack":"Error: Route.get() requires a callback function but got a [object Undefined]\n    at Route.<computed> [as get] (/home/ahoora/Documents/courses/weblog-project/node_modules/express/lib/router/route.js:202:15)\n    at Function.proto.<computed> [as get] (/home/ahoora/Documents/courses/weblog-project/node_modules/express/lib/router/index.js:516:19)\n    at Object.<anonymous> (/home/ahoora/Documents/courses/weblog-project/routes/users.js:26:8)\n    at Module._compile (node:internal/modules/cjs/loader:1099:14)\n    at Object.Module._extensions..js (node:internal/modules/cjs/loader:1153:10)\n    at Module.load (node:internal/modules/cjs/loader:975:32)\n    at Function.Module._load (node:internal/modules/cjs/loader:822:12)\n    at Module.require (node:internal/modules/cjs/loader:999:19)\n    at require (node:internal/modules/cjs/helpers:102:18)\n    at Object.<anonymous> (/home/ahoora/Documents/courses/weblog-project/app.js:72:19)\n    at Module._compile (node:internal/modules/cjs/loader:1099:14)\n    at Object.Module._extensions..js (node:internal/modules/cjs/loader:1153:10)\n    at Module.load (node:internal/modules/cjs/loader:975:32)\n    at Function.Module._load (node:internal/modules/cjs/loader:822:12)\n    at Function.executeUserEntryPoint [as runMain] (node:internal/modules/run_main:77:12)\n    at node:internal/main/run_main_module:17:47","trace":[{"column":15,"file":"/home/ahoora/Documents/courses/weblog-project/node_modules/express/lib/router/route.js","function":"Route.<computed> [as get]","line":202,"method":"<computed> [as get]","native":false},{"column":19,"file":"/home/ahoora/Documents/courses/weblog-project/node_modules/express/lib/router/index.js","function":"Function.proto.<computed> [as get]","line":516,"method":"<computed> [as get]","native":false},{"column":8,"file":"/home/ahoora/Documents/courses/weblog-project/routes/users.js","function":null,"line":26,"method":null,"native":false},{"column":14,"file":"node:internal/modules/cjs/loader","function":"Module._compile","line":1099,"method":"_compile","native":false},{"column":10,"file":"node:internal/modules/cjs/loader","function":"Module._extensions..js","line":1153,"method":".js","native":false},{"column":32,"file":"node:internal/modules/cjs/loader","function":"Module.load","line":975,"method":"load","native":false},{"column":12,"file":"node:internal/modules/cjs/loader","function":"Module._load","line":822,"method":"_load","native":false},{"column":19,"file":"node:internal/modules/cjs/loader","function":"Module.require","line":999,"method":"require","native":false},{"column":18,"file":"node:internal/modules/cjs/helpers","function":"require","line":102,"method":null,"native":false},{"column":19,"file":"/home/ahoora/Documents/courses/weblog-project/app.js","function":null,"line":72,"method":null,"native":false},{"column":14,"file":"node:internal/modules/cjs/loader","function":"Module._compile","line":1099,"method":"_compile","native":false},{"column":10,"file":"node:internal/modules/cjs/loader","function":"Module._extensions..js","line":1153,"method":".js","native":false},{"column":32,"file":"node:internal/modules/cjs/loader","function":"Module.load","line":975,"method":"load","native":false},{"column":12,"file":"node:internal/modules/cjs/loader","function":"Module._load","line":822,"method":"_load","native":false},{"column":12,"file":"node:internal/modules/run_main","function":"Function.executeUserEntryPoint [as runMain]","line":77,"method":"executeUserEntryPoint [as runMain]","native":false},{"column":47,"file":"node:internal/main/run_main_module","function":null,"line":17,"method":null,"native":false}]}
{"level":"info","message":"::ffff:127.0.0.1 - - [16/May/2022:06:49:49 +0000] \"GET /users/login HTTP/1.1\" 200 2078 \"-\" \"Mozilla/5.0 (X11; Ubuntu; Linux x86_64; rv:100.0) Gecko/20100101 Firefox/100.0\"\n"}
{"level":"info","message":"::ffff:127.0.0.1 - - [16/May/2022:06:49:49 +0000] \"GET /css/styles.css HTTP/1.1\" 304 - \"http://localhost:3000/users/login\" \"Mozilla/5.0 (X11; Ubuntu; Linux x86_64; rv:100.0) Gecko/20100101 Firefox/100.0\"\n"}
{"level":"info","message":"::ffff:127.0.0.1 - - [16/May/2022:06:49:49 +0000] \"GET /css/font-awesome.css HTTP/1.1\" 304 - \"http://localhost:3000/users/login\" \"Mozilla/5.0 (X11; Ubuntu; Linux x86_64; rv:100.0) Gecko/20100101 Firefox/100.0\"\n"}
{"level":"info","message":"::ffff:127.0.0.1 - - [16/May/2022:06:49:49 +0000] \"GET /css/bootstrap-rtl.css HTTP/1.1\" 304 - \"http://localhost:3000/users/login\" \"Mozilla/5.0 (X11; Ubuntu; Linux x86_64; rv:100.0) Gecko/20100101 Firefox/100.0\"\n"}
{"level":"info","message":"::ffff:127.0.0.1 - - [16/May/2022:06:49:49 +0000] \"GET /js/jquery.slim.min.js HTTP/1.1\" 304 - \"http://localhost:3000/users/login\" \"Mozilla/5.0 (X11; Ubuntu; Linux x86_64; rv:100.0) Gecko/20100101 Firefox/100.0\"\n"}
{"level":"info","message":"::ffff:127.0.0.1 - - [16/May/2022:06:49:49 +0000] \"GET /js/bootstrap.min.js HTTP/1.1\" 304 - \"http://localhost:3000/users/login\" \"Mozilla/5.0 (X11; Ubuntu; Linux x86_64; rv:100.0) Gecko/20100101 Firefox/100.0\"\n"}
{"level":"info","message":"::ffff:127.0.0.1 - - [16/May/2022:06:49:49 +0000] \"GET /css/signin.css HTTP/1.1\" 304 - \"http://localhost:3000/users/login\" \"Mozilla/5.0 (X11; Ubuntu; Linux x86_64; rv:100.0) Gecko/20100101 Firefox/100.0\"\n"}
{"level":"info","message":"::ffff:127.0.0.1 - - [16/May/2022:06:49:49 +0000] \"GET /fonts/BYekan-webfont.woff HTTP/1.1\" 200 20240 \"http://localhost:3000/css/styles.css\" \"Mozilla/5.0 (X11; Ubuntu; Linux x86_64; rv:100.0) Gecko/20100101 Firefox/100.0\"\n"}
{"level":"info","message":"::ffff:127.0.0.1 - - [16/May/2022:06:49:50 +0000] \"GET /favicon.ico HTTP/1.1\" - - \"http://localhost:3000/users/login\" \"Mozilla/5.0 (X11; Ubuntu; Linux x86_64; rv:100.0) Gecko/20100101 Firefox/100.0\"\n"}
{"level":"info","message":"::1 - - [16/May/2022:06:52:37 +0000] \"POST /users/login HTTP/1.1\" 302 68 \"http://localhost:3000/users/login\" \"Mozilla/5.0 (X11; Linux x86_64) AppleWebKit/537.36 (KHTML, like Gecko) Chrome/101.0.4951.64 Safari/537.36\"\n"}
{"level":"info","message":"::1 - - [16/May/2022:06:52:37 +0000] \"GET /users/login HTTP/1.1\" 200 2385 \"http://localhost:3000/users/login\" \"Mozilla/5.0 (X11; Linux x86_64) AppleWebKit/537.36 (KHTML, like Gecko) Chrome/101.0.4951.64 Safari/537.36\"\n"}
{"level":"info","message":"::1 - - [16/May/2022:06:52:37 +0000] \"GET /css/styles.css HTTP/1.1\" 304 - \"http://localhost:3000/users/login\" \"Mozilla/5.0 (X11; Linux x86_64) AppleWebKit/537.36 (KHTML, like Gecko) Chrome/101.0.4951.64 Safari/537.36\"\n"}
{"level":"info","message":"::1 - - [16/May/2022:06:52:37 +0000] \"GET /css/font-awesome.css HTTP/1.1\" 304 - \"http://localhost:3000/users/login\" \"Mozilla/5.0 (X11; Linux x86_64) AppleWebKit/537.36 (KHTML, like Gecko) Chrome/101.0.4951.64 Safari/537.36\"\n"}
{"level":"info","message":"::1 - - [16/May/2022:06:52:37 +0000] \"GET /css/bootstrap-rtl.css HTTP/1.1\" 304 - \"http://localhost:3000/users/login\" \"Mozilla/5.0 (X11; Linux x86_64) AppleWebKit/537.36 (KHTML, like Gecko) Chrome/101.0.4951.64 Safari/537.36\"\n"}
{"level":"info","message":"::1 - - [16/May/2022:06:52:37 +0000] \"GET /css/signin.css HTTP/1.1\" 304 - \"http://localhost:3000/users/login\" \"Mozilla/5.0 (X11; Linux x86_64) AppleWebKit/537.36 (KHTML, like Gecko) Chrome/101.0.4951.64 Safari/537.36\"\n"}
{"level":"info","message":"::1 - - [16/May/2022:06:52:37 +0000] \"GET /js/jquery.slim.min.js HTTP/1.1\" 304 - \"http://localhost:3000/users/login\" \"Mozilla/5.0 (X11; Linux x86_64) AppleWebKit/537.36 (KHTML, like Gecko) Chrome/101.0.4951.64 Safari/537.36\"\n"}
{"level":"info","message":"::1 - - [16/May/2022:06:52:37 +0000] \"GET /js/bootstrap.min.js HTTP/1.1\" 304 - \"http://localhost:3000/users/login\" \"Mozilla/5.0 (X11; Linux x86_64) AppleWebKit/537.36 (KHTML, like Gecko) Chrome/101.0.4951.64 Safari/537.36\"\n"}
{"level":"info","message":"::1 - - [16/May/2022:06:52:37 +0000] \"GET /fonts/BYekan-webfont.woff HTTP/1.1\" 304 - \"http://localhost:3000/css/styles.css\" \"Mozilla/5.0 (X11; Linux x86_64) AppleWebKit/537.36 (KHTML, like Gecko) Chrome/101.0.4951.64 Safari/537.36\"\n"}
{"level":"info","message":"::1 - - [16/May/2022:06:52:38 +0000] \"GET /favicon.ico HTTP/1.1\" 304 - \"http://localhost:3000/users/login\" \"Mozilla/5.0 (X11; Linux x86_64) AppleWebKit/537.36 (KHTML, like Gecko) Chrome/101.0.4951.64 Safari/537.36\"\n"}
{"level":"info","message":"::1 - - [16/May/2022:06:52:59 +0000] \"POST /users/login HTTP/1.1\" 302 68 \"http://localhost:3000/users/login\" \"Mozilla/5.0 (X11; Linux x86_64) AppleWebKit/537.36 (KHTML, like Gecko) Chrome/101.0.4951.64 Safari/537.36\"\n"}
{"level":"info","message":"::1 - - [16/May/2022:06:52:59 +0000] \"GET /users/login HTTP/1.1\" 200 2385 \"http://localhost:3000/users/login\" \"Mozilla/5.0 (X11; Linux x86_64) AppleWebKit/537.36 (KHTML, like Gecko) Chrome/101.0.4951.64 Safari/537.36\"\n"}
{"level":"info","message":"::1 - - [16/May/2022:06:52:59 +0000] \"GET /css/styles.css HTTP/1.1\" 304 - \"http://localhost:3000/users/login\" \"Mozilla/5.0 (X11; Linux x86_64) AppleWebKit/537.36 (KHTML, like Gecko) Chrome/101.0.4951.64 Safari/537.36\"\n"}
{"level":"info","message":"::1 - - [16/May/2022:06:52:59 +0000] \"GET /css/signin.css HTTP/1.1\" 304 - \"http://localhost:3000/users/login\" \"Mozilla/5.0 (X11; Linux x86_64) AppleWebKit/537.36 (KHTML, like Gecko) Chrome/101.0.4951.64 Safari/537.36\"\n"}
{"level":"info","message":"::1 - - [16/May/2022:06:52:59 +0000] \"GET /css/bootstrap-rtl.css HTTP/1.1\" 304 - \"http://localhost:3000/users/login\" \"Mozilla/5.0 (X11; Linux x86_64) AppleWebKit/537.36 (KHTML, like Gecko) Chrome/101.0.4951.64 Safari/537.36\"\n"}
{"level":"info","message":"::1 - - [16/May/2022:06:52:59 +0000] \"GET /css/font-awesome.css HTTP/1.1\" 304 - \"http://localhost:3000/users/login\" \"Mozilla/5.0 (X11; Linux x86_64) AppleWebKit/537.36 (KHTML, like Gecko) Chrome/101.0.4951.64 Safari/537.36\"\n"}
{"level":"info","message":"::1 - - [16/May/2022:06:52:59 +0000] \"GET /js/jquery.slim.min.js HTTP/1.1\" 304 - \"http://localhost:3000/users/login\" \"Mozilla/5.0 (X11; Linux x86_64) AppleWebKit/537.36 (KHTML, like Gecko) Chrome/101.0.4951.64 Safari/537.36\"\n"}
{"level":"info","message":"::1 - - [16/May/2022:06:52:59 +0000] \"GET /js/bootstrap.min.js HTTP/1.1\" 304 - \"http://localhost:3000/users/login\" \"Mozilla/5.0 (X11; Linux x86_64) AppleWebKit/537.36 (KHTML, like Gecko) Chrome/101.0.4951.64 Safari/537.36\"\n"}
{"level":"info","message":"::ffff:127.0.0.1 - - [16/May/2022:09:42:55 +0000] \"POST /users/login HTTP/1.1\" 302 68 \"http://localhost:3000/users/login\" \"Mozilla/5.0 (X11; Ubuntu; Linux x86_64; rv:100.0) Gecko/20100101 Firefox/100.0\"\n"}
{"level":"info","message":"::ffff:127.0.0.1 - - [16/May/2022:09:42:55 +0000] \"GET /users/login HTTP/1.1\" 200 2385 \"http://localhost:3000/users/login\" \"Mozilla/5.0 (X11; Ubuntu; Linux x86_64; rv:100.0) Gecko/20100101 Firefox/100.0\"\n"}
{"level":"info","message":"::ffff:127.0.0.1 - - [16/May/2022:09:42:55 +0000] \"GET /css/styles.css HTTP/1.1\" 304 - \"http://localhost:3000/users/login\" \"Mozilla/5.0 (X11; Ubuntu; Linux x86_64; rv:100.0) Gecko/20100101 Firefox/100.0\"\n"}
{"level":"info","message":"::ffff:127.0.0.1 - - [16/May/2022:09:42:55 +0000] \"GET /css/font-awesome.css HTTP/1.1\" 304 - \"http://localhost:3000/users/login\" \"Mozilla/5.0 (X11; Ubuntu; Linux x86_64; rv:100.0) Gecko/20100101 Firefox/100.0\"\n"}
{"level":"info","message":"::ffff:127.0.0.1 - - [16/May/2022:09:42:55 +0000] \"GET /css/bootstrap-rtl.css HTTP/1.1\" 304 - \"http://localhost:3000/users/login\" \"Mozilla/5.0 (X11; Ubuntu; Linux x86_64; rv:100.0) Gecko/20100101 Firefox/100.0\"\n"}
{"level":"info","message":"::ffff:127.0.0.1 - - [16/May/2022:09:42:55 +0000] \"GET /css/signin.css HTTP/1.1\" 304 - \"http://localhost:3000/users/login\" \"Mozilla/5.0 (X11; Ubuntu; Linux x86_64; rv:100.0) Gecko/20100101 Firefox/100.0\"\n"}
{"level":"info","message":"::ffff:127.0.0.1 - - [16/May/2022:09:42:55 +0000] \"GET /js/jquery.slim.min.js HTTP/1.1\" 304 - \"http://localhost:3000/users/login\" \"Mozilla/5.0 (X11; Ubuntu; Linux x86_64; rv:100.0) Gecko/20100101 Firefox/100.0\"\n"}
{"level":"info","message":"::ffff:127.0.0.1 - - [16/May/2022:09:42:55 +0000] \"GET /js/bootstrap.min.js HTTP/1.1\" 304 - \"http://localhost:3000/users/login\" \"Mozilla/5.0 (X11; Ubuntu; Linux x86_64; rv:100.0) Gecko/20100101 Firefox/100.0\"\n"}
{"level":"info","message":"::1 - - [16/May/2022:09:54:19 +0000] \"GET / HTTP/1.1\" 304 - \"-\" \"Mozilla/5.0 (X11; Linux x86_64) AppleWebKit/537.36 (KHTML, like Gecko) Chrome/101.0.4951.64 Safari/537.36\"\n"}
{"level":"info","message":"::1 - - [16/May/2022:09:54:19 +0000] \"GET /css/styles.css HTTP/1.1\" 304 - \"http://localhost:3000/\" \"Mozilla/5.0 (X11; Linux x86_64) AppleWebKit/537.36 (KHTML, like Gecko) Chrome/101.0.4951.64 Safari/537.36\"\n"}
{"level":"info","message":"::1 - - [16/May/2022:09:54:19 +0000] \"GET /css/font-awesome.css HTTP/1.1\" 304 - \"http://localhost:3000/\" \"Mozilla/5.0 (X11; Linux x86_64) AppleWebKit/537.36 (KHTML, like Gecko) Chrome/101.0.4951.64 Safari/537.36\"\n"}
{"level":"info","message":"::1 - - [16/May/2022:09:54:19 +0000] \"GET /css/bootstrap-rtl.css HTTP/1.1\" 304 - \"http://localhost:3000/\" \"Mozilla/5.0 (X11; Linux x86_64) AppleWebKit/537.36 (KHTML, like Gecko) Chrome/101.0.4951.64 Safari/537.36\"\n"}
{"level":"info","message":"::1 - - [16/May/2022:09:54:19 +0000] \"GET /js/jquery.slim.min.js HTTP/1.1\" 304 - \"http://localhost:3000/\" \"Mozilla/5.0 (X11; Linux x86_64) AppleWebKit/537.36 (KHTML, like Gecko) Chrome/101.0.4951.64 Safari/537.36\"\n"}
{"level":"info","message":"::1 - - [16/May/2022:09:54:19 +0000] \"GET /js/bootstrap.min.js HTTP/1.1\" 304 - \"http://localhost:3000/\" \"Mozilla/5.0 (X11; Linux x86_64) AppleWebKit/537.36 (KHTML, like Gecko) Chrome/101.0.4951.64 Safari/537.36\"\n"}
{"level":"info","message":"::1 - - [16/May/2022:09:54:19 +0000] \"GET /uploads/thumbnails/Pk1u6hini_index.jpeg HTTP/1.1\" 304 - \"http://localhost:3000/\" \"Mozilla/5.0 (X11; Linux x86_64) AppleWebKit/537.36 (KHTML, like Gecko) Chrome/101.0.4951.64 Safari/537.36\"\n"}
{"level":"info","message":"::1 - - [16/May/2022:09:54:19 +0000] \"GET /uploads/thumbnails/HWyrcXSaK_how-easy-is-it-to-learn-german.png HTTP/1.1\" 304 - \"http://localhost:3000/\" \"Mozilla/5.0 (X11; Linux x86_64) AppleWebKit/537.36 (KHTML, like Gecko) Chrome/101.0.4951.64 Safari/537.36\"\n"}
{"level":"info","message":"::1 - - [16/May/2022:09:54:19 +0000] \"GET /uploads/thumbnails/ncep0ZsQs_german.jpeg HTTP/1.1\" 304 - \"http://localhost:3000/\" \"Mozilla/5.0 (X11; Linux x86_64) AppleWebKit/537.36 (KHTML, like Gecko) Chrome/101.0.4951.64 Safari/537.36\"\n"}
{"level":"info","message":"::1 - - [16/May/2022:09:54:19 +0000] \"GET /uploads/thumbnails/ HTTP/1.1\" 304 - \"http://localhost:3000/\" \"Mozilla/5.0 (X11; Linux x86_64) AppleWebKit/537.36 (KHTML, like Gecko) Chrome/101.0.4951.64 Safari/537.36\"\n"}
{"level":"info","message":"::1 - - [16/May/2022:09:54:19 +0000] \"GET /uploads/YGBzTYXGO_german.jpeg HTTP/1.1\" 304 - \"http://localhost:3000/\" \"Mozilla/5.0 (X11; Linux x86_64) AppleWebKit/537.36 (KHTML, like Gecko) Chrome/101.0.4951.64 Safari/537.36\"\n"}
{"level":"info","message":"::1 - - [16/May/2022:09:54:19 +0000] \"GET /fonts/BYekan-webfont.woff HTTP/1.1\" 304 - \"http://localhost:3000/css/styles.css\" \"Mozilla/5.0 (X11; Linux x86_64) AppleWebKit/537.36 (KHTML, like Gecko) Chrome/101.0.4951.64 Safari/537.36\"\n"}
{"level":"info","message":"::1 - - [16/May/2022:09:54:30 +0000] \"GET /users/login HTTP/1.1\" 200 2078 \"-\" \"Mozilla/5.0 (X11; Linux x86_64) AppleWebKit/537.36 (KHTML, like Gecko) Chrome/101.0.4951.64 Safari/537.36\"\n"}
{"level":"info","message":"::1 - - [16/May/2022:09:54:30 +0000] \"GET /css/styles.css HTTP/1.1\" 304 - \"http://localhost:3000/users/login\" \"Mozilla/5.0 (X11; Linux x86_64) AppleWebKit/537.36 (KHTML, like Gecko) Chrome/101.0.4951.64 Safari/537.36\"\n"}
{"level":"info","message":"::1 - - [16/May/2022:09:54:30 +0000] \"GET /css/bootstrap-rtl.css HTTP/1.1\" 304 - \"http://localhost:3000/users/login\" \"Mozilla/5.0 (X11; Linux x86_64) AppleWebKit/537.36 (KHTML, like Gecko) Chrome/101.0.4951.64 Safari/537.36\"\n"}
{"level":"info","message":"::1 - - [16/May/2022:09:54:30 +0000] \"GET /css/font-awesome.css HTTP/1.1\" 304 - \"http://localhost:3000/users/login\" \"Mozilla/5.0 (X11; Linux x86_64) AppleWebKit/537.36 (KHTML, like Gecko) Chrome/101.0.4951.64 Safari/537.36\"\n"}
{"level":"info","message":"::1 - - [16/May/2022:09:54:30 +0000] \"GET /css/signin.css HTTP/1.1\" 304 - \"http://localhost:3000/users/login\" \"Mozilla/5.0 (X11; Linux x86_64) AppleWebKit/537.36 (KHTML, like Gecko) Chrome/101.0.4951.64 Safari/537.36\"\n"}
{"level":"info","message":"::1 - - [16/May/2022:09:54:30 +0000] \"GET /js/jquery.slim.min.js HTTP/1.1\" 304 - \"http://localhost:3000/users/login\" \"Mozilla/5.0 (X11; Linux x86_64) AppleWebKit/537.36 (KHTML, like Gecko) Chrome/101.0.4951.64 Safari/537.36\"\n"}
{"level":"info","message":"::1 - - [16/May/2022:09:54:30 +0000] \"GET /js/bootstrap.min.js HTTP/1.1\" 304 - \"http://localhost:3000/users/login\" \"Mozilla/5.0 (X11; Linux x86_64) AppleWebKit/537.36 (KHTML, like Gecko) Chrome/101.0.4951.64 Safari/537.36\"\n"}
{"level":"info","message":"::1 - - [16/May/2022:09:54:30 +0000] \"GET /css/styles.css HTTP/1.1\" 304 - \"http://localhost:3000/users/login\" \"Mozilla/5.0 (X11; Linux x86_64) AppleWebKit/537.36 (KHTML, like Gecko) Chrome/101.0.4951.64 Safari/537.36\"\n"}
{"level":"info","message":"::1 - - [16/May/2022:09:54:30 +0000] \"GET /css/bootstrap-rtl.css HTTP/1.1\" 304 - \"http://localhost:3000/users/login\" \"Mozilla/5.0 (X11; Linux x86_64) AppleWebKit/537.36 (KHTML, like Gecko) Chrome/101.0.4951.64 Safari/537.36\"\n"}
{"level":"info","message":"::1 - - [16/May/2022:09:54:30 +0000] \"GET /js/jquery.slim.min.js HTTP/1.1\" 304 - \"http://localhost:3000/users/login\" \"Mozilla/5.0 (X11; Linux x86_64) AppleWebKit/537.36 (KHTML, like Gecko) Chrome/101.0.4951.64 Safari/537.36\"\n"}
{"level":"info","message":"::1 - - [16/May/2022:09:54:30 +0000] \"GET /js/bootstrap.min.js HTTP/1.1\" 304 - \"http://localhost:3000/users/login\" \"Mozilla/5.0 (X11; Linux x86_64) AppleWebKit/537.36 (KHTML, like Gecko) Chrome/101.0.4951.64 Safari/537.36\"\n"}
{"level":"info","message":"::1 - - [16/May/2022:09:54:30 +0000] \"GET /css/font-awesome.css HTTP/1.1\" 304 - \"http://localhost:3000/users/login\" \"Mozilla/5.0 (X11; Linux x86_64) AppleWebKit/537.36 (KHTML, like Gecko) Chrome/101.0.4951.64 Safari/537.36\"\n"}
{"level":"info","message":"::1 - - [16/May/2022:09:54:37 +0000] \"POST /users/login HTTP/1.1\" 302 68 \"http://localhost:3000/users/login\" \"Mozilla/5.0 (X11; Linux x86_64) AppleWebKit/537.36 (KHTML, like Gecko) Chrome/101.0.4951.64 Safari/537.36\"\n"}
{"level":"info","message":"::1 - - [16/May/2022:09:54:37 +0000] \"GET /users/login HTTP/1.1\" 200 2385 \"http://localhost:3000/users/login\" \"Mozilla/5.0 (X11; Linux x86_64) AppleWebKit/537.36 (KHTML, like Gecko) Chrome/101.0.4951.64 Safari/537.36\"\n"}
{"level":"info","message":"::1 - - [16/May/2022:09:54:37 +0000] \"GET /css/styles.css HTTP/1.1\" 304 - \"http://localhost:3000/users/login\" \"Mozilla/5.0 (X11; Linux x86_64) AppleWebKit/537.36 (KHTML, like Gecko) Chrome/101.0.4951.64 Safari/537.36\"\n"}
{"level":"info","message":"::1 - - [16/May/2022:09:54:37 +0000] \"GET /css/bootstrap-rtl.css HTTP/1.1\" 304 - \"http://localhost:3000/users/login\" \"Mozilla/5.0 (X11; Linux x86_64) AppleWebKit/537.36 (KHTML, like Gecko) Chrome/101.0.4951.64 Safari/537.36\"\n"}
{"level":"info","message":"::1 - - [16/May/2022:09:54:37 +0000] \"GET /js/bootstrap.min.js HTTP/1.1\" 304 - \"http://localhost:3000/users/login\" \"Mozilla/5.0 (X11; Linux x86_64) AppleWebKit/537.36 (KHTML, like Gecko) Chrome/101.0.4951.64 Safari/537.36\"\n"}
{"level":"info","message":"::1 - - [16/May/2022:09:54:37 +0000] \"GET /css/font-awesome.css HTTP/1.1\" 304 - \"http://localhost:3000/users/login\" \"Mozilla/5.0 (X11; Linux x86_64) AppleWebKit/537.36 (KHTML, like Gecko) Chrome/101.0.4951.64 Safari/537.36\"\n"}
{"level":"info","message":"::1 - - [16/May/2022:09:54:37 +0000] \"GET /css/signin.css HTTP/1.1\" 304 - \"http://localhost:3000/users/login\" \"Mozilla/5.0 (X11; Linux x86_64) AppleWebKit/537.36 (KHTML, like Gecko) Chrome/101.0.4951.64 Safari/537.36\"\n"}
{"level":"info","message":"::1 - - [16/May/2022:09:54:37 +0000] \"GET /js/jquery.slim.min.js HTTP/1.1\" 304 - \"http://localhost:3000/users/login\" \"Mozilla/5.0 (X11; Linux x86_64) AppleWebKit/537.36 (KHTML, like Gecko) Chrome/101.0.4951.64 Safari/537.36\"\n"}
{"level":"info","message":"::1 - - [17/May/2022:06:43:35 +0000] \"GET / HTTP/1.1\" 304 - \"-\" \"Mozilla/5.0 (X11; Linux x86_64) AppleWebKit/537.36 (KHTML, like Gecko) Chrome/101.0.4951.64 Safari/537.36\"\n"}
{"level":"info","message":"::1 - - [17/May/2022:06:43:35 +0000] \"GET /css/styles.css HTTP/1.1\" 304 - \"http://localhost:3000/\" \"Mozilla/5.0 (X11; Linux x86_64) AppleWebKit/537.36 (KHTML, like Gecko) Chrome/101.0.4951.64 Safari/537.36\"\n"}
{"level":"info","message":"::1 - - [17/May/2022:06:43:35 +0000] \"GET /css/bootstrap-rtl.css HTTP/1.1\" 304 - \"http://localhost:3000/\" \"Mozilla/5.0 (X11; Linux x86_64) AppleWebKit/537.36 (KHTML, like Gecko) Chrome/101.0.4951.64 Safari/537.36\"\n"}
{"level":"info","message":"::1 - - [17/May/2022:06:43:35 +0000] \"GET /css/font-awesome.css HTTP/1.1\" 304 - \"http://localhost:3000/\" \"Mozilla/5.0 (X11; Linux x86_64) AppleWebKit/537.36 (KHTML, like Gecko) Chrome/101.0.4951.64 Safari/537.36\"\n"}
{"level":"info","message":"::1 - - [17/May/2022:06:43:35 +0000] \"GET /js/jquery.slim.min.js HTTP/1.1\" 304 - \"http://localhost:3000/\" \"Mozilla/5.0 (X11; Linux x86_64) AppleWebKit/537.36 (KHTML, like Gecko) Chrome/101.0.4951.64 Safari/537.36\"\n"}
{"level":"info","message":"::1 - - [17/May/2022:06:43:36 +0000] \"GET /js/bootstrap.min.js HTTP/1.1\" 304 - \"http://localhost:3000/\" \"Mozilla/5.0 (X11; Linux x86_64) AppleWebKit/537.36 (KHTML, like Gecko) Chrome/101.0.4951.64 Safari/537.36\"\n"}
{"level":"info","message":"::1 - - [17/May/2022:06:43:36 +0000] \"GET /uploads/thumbnails/Pk1u6hini_index.jpeg HTTP/1.1\" 304 - \"http://localhost:3000/\" \"Mozilla/5.0 (X11; Linux x86_64) AppleWebKit/537.36 (KHTML, like Gecko) Chrome/101.0.4951.64 Safari/537.36\"\n"}
{"level":"info","message":"::1 - - [17/May/2022:06:43:36 +0000] \"GET /uploads/thumbnails/HWyrcXSaK_how-easy-is-it-to-learn-german.png HTTP/1.1\" 304 - \"http://localhost:3000/\" \"Mozilla/5.0 (X11; Linux x86_64) AppleWebKit/537.36 (KHTML, like Gecko) Chrome/101.0.4951.64 Safari/537.36\"\n"}
{"level":"info","message":"::1 - - [17/May/2022:06:43:36 +0000] \"GET /uploads/thumbnails/ncep0ZsQs_german.jpeg HTTP/1.1\" 304 - \"http://localhost:3000/\" \"Mozilla/5.0 (X11; Linux x86_64) AppleWebKit/537.36 (KHTML, like Gecko) Chrome/101.0.4951.64 Safari/537.36\"\n"}
{"level":"info","message":"::1 - - [17/May/2022:06:43:36 +0000] \"GET /uploads/thumbnails/ HTTP/1.1\" 304 - \"http://localhost:3000/\" \"Mozilla/5.0 (X11; Linux x86_64) AppleWebKit/537.36 (KHTML, like Gecko) Chrome/101.0.4951.64 Safari/537.36\"\n"}
{"level":"info","message":"::1 - - [17/May/2022:06:43:36 +0000] \"GET /uploads/YGBzTYXGO_german.jpeg HTTP/1.1\" 304 - \"http://localhost:3000/\" \"Mozilla/5.0 (X11; Linux x86_64) AppleWebKit/537.36 (KHTML, like Gecko) Chrome/101.0.4951.64 Safari/537.36\"\n"}
{"level":"info","message":"::1 - - [17/May/2022:06:43:36 +0000] \"GET /fonts/BYekan-webfont.woff HTTP/1.1\" 304 - \"http://localhost:3000/css/styles.css\" \"Mozilla/5.0 (X11; Linux x86_64) AppleWebKit/537.36 (KHTML, like Gecko) Chrome/101.0.4951.64 Safari/537.36\"\n"}
{"level":"info","message":"::1 - - [17/May/2022:06:43:42 +0000] \"GET /users/login HTTP/1.1\" 200 2078 \"-\" \"Mozilla/5.0 (X11; Linux x86_64) AppleWebKit/537.36 (KHTML, like Gecko) Chrome/101.0.4951.64 Safari/537.36\"\n"}
{"level":"info","message":"::1 - - [17/May/2022:06:43:42 +0000] \"GET /css/styles.css HTTP/1.1\" 304 - \"http://localhost:3000/users/login\" \"Mozilla/5.0 (X11; Linux x86_64) AppleWebKit/537.36 (KHTML, like Gecko) Chrome/101.0.4951.64 Safari/537.36\"\n"}
{"level":"info","message":"::1 - - [17/May/2022:06:43:42 +0000] \"GET /css/font-awesome.css HTTP/1.1\" 304 - \"http://localhost:3000/users/login\" \"Mozilla/5.0 (X11; Linux x86_64) AppleWebKit/537.36 (KHTML, like Gecko) Chrome/101.0.4951.64 Safari/537.36\"\n"}
{"level":"info","message":"::1 - - [17/May/2022:06:43:42 +0000] \"GET /css/bootstrap-rtl.css HTTP/1.1\" 304 - \"http://localhost:3000/users/login\" \"Mozilla/5.0 (X11; Linux x86_64) AppleWebKit/537.36 (KHTML, like Gecko) Chrome/101.0.4951.64 Safari/537.36\"\n"}
{"level":"info","message":"::1 - - [17/May/2022:06:43:42 +0000] \"GET /css/signin.css HTTP/1.1\" 304 - \"http://localhost:3000/users/login\" \"Mozilla/5.0 (X11; Linux x86_64) AppleWebKit/537.36 (KHTML, like Gecko) Chrome/101.0.4951.64 Safari/537.36\"\n"}
{"level":"info","message":"::1 - - [17/May/2022:06:43:42 +0000] \"GET /js/jquery.slim.min.js HTTP/1.1\" 304 - \"http://localhost:3000/users/login\" \"Mozilla/5.0 (X11; Linux x86_64) AppleWebKit/537.36 (KHTML, like Gecko) Chrome/101.0.4951.64 Safari/537.36\"\n"}
{"level":"info","message":"::1 - - [17/May/2022:06:43:42 +0000] \"GET /js/bootstrap.min.js HTTP/1.1\" 304 - \"http://localhost:3000/users/login\" \"Mozilla/5.0 (X11; Linux x86_64) AppleWebKit/537.36 (KHTML, like Gecko) Chrome/101.0.4951.64 Safari/537.36\"\n"}
{"level":"info","message":"::1 - - [17/May/2022:06:43:42 +0000] \"GET /css/styles.css HTTP/1.1\" 304 - \"http://localhost:3000/users/login\" \"Mozilla/5.0 (X11; Linux x86_64) AppleWebKit/537.36 (KHTML, like Gecko) Chrome/101.0.4951.64 Safari/537.36\"\n"}
{"level":"info","message":"::1 - - [17/May/2022:06:43:42 +0000] \"GET /css/bootstrap-rtl.css HTTP/1.1\" 304 - \"http://localhost:3000/users/login\" \"Mozilla/5.0 (X11; Linux x86_64) AppleWebKit/537.36 (KHTML, like Gecko) Chrome/101.0.4951.64 Safari/537.36\"\n"}
{"level":"info","message":"::1 - - [17/May/2022:06:43:42 +0000] \"GET /css/font-awesome.css HTTP/1.1\" 304 - \"http://localhost:3000/users/login\" \"Mozilla/5.0 (X11; Linux x86_64) AppleWebKit/537.36 (KHTML, like Gecko) Chrome/101.0.4951.64 Safari/537.36\"\n"}
{"level":"info","message":"::1 - - [17/May/2022:06:43:42 +0000] \"GET /js/jquery.slim.min.js HTTP/1.1\" 304 - \"http://localhost:3000/users/login\" \"Mozilla/5.0 (X11; Linux x86_64) AppleWebKit/537.36 (KHTML, like Gecko) Chrome/101.0.4951.64 Safari/537.36\"\n"}
{"level":"info","message":"::1 - - [17/May/2022:06:43:42 +0000] \"GET /js/bootstrap.min.js HTTP/1.1\" 304 - \"http://localhost:3000/users/login\" \"Mozilla/5.0 (X11; Linux x86_64) AppleWebKit/537.36 (KHTML, like Gecko) Chrome/101.0.4951.64 Safari/537.36\"\n"}
{"level":"info","message":"::1 - - [17/May/2022:06:43:54 +0000] \"POST /users/login HTTP/1.1\" 302 68 \"http://localhost:3000/users/login\" \"Mozilla/5.0 (X11; Linux x86_64) AppleWebKit/537.36 (KHTML, like Gecko) Chrome/101.0.4951.64 Safari/537.36\"\n"}
{"level":"info","message":"::1 - - [17/May/2022:06:43:54 +0000] \"GET /users/login HTTP/1.1\" 200 2385 \"http://localhost:3000/users/login\" \"Mozilla/5.0 (X11; Linux x86_64) AppleWebKit/537.36 (KHTML, like Gecko) Chrome/101.0.4951.64 Safari/537.36\"\n"}
{"level":"info","message":"::1 - - [17/May/2022:06:43:54 +0000] \"GET /css/styles.css HTTP/1.1\" 304 - \"http://localhost:3000/users/login\" \"Mozilla/5.0 (X11; Linux x86_64) AppleWebKit/537.36 (KHTML, like Gecko) Chrome/101.0.4951.64 Safari/537.36\"\n"}
{"level":"info","message":"::1 - - [17/May/2022:06:43:54 +0000] \"GET /css/bootstrap-rtl.css HTTP/1.1\" 304 - \"http://localhost:3000/users/login\" \"Mozilla/5.0 (X11; Linux x86_64) AppleWebKit/537.36 (KHTML, like Gecko) Chrome/101.0.4951.64 Safari/537.36\"\n"}
{"level":"info","message":"::1 - - [17/May/2022:06:43:54 +0000] \"GET /css/font-awesome.css HTTP/1.1\" 304 - \"http://localhost:3000/users/login\" \"Mozilla/5.0 (X11; Linux x86_64) AppleWebKit/537.36 (KHTML, like Gecko) Chrome/101.0.4951.64 Safari/537.36\"\n"}
{"level":"info","message":"::1 - - [17/May/2022:06:43:54 +0000] \"GET /css/signin.css HTTP/1.1\" 304 - \"http://localhost:3000/users/login\" \"Mozilla/5.0 (X11; Linux x86_64) AppleWebKit/537.36 (KHTML, like Gecko) Chrome/101.0.4951.64 Safari/537.36\"\n"}
{"level":"info","message":"::1 - - [17/May/2022:06:43:54 +0000] \"GET /js/jquery.slim.min.js HTTP/1.1\" 304 - \"http://localhost:3000/users/login\" \"Mozilla/5.0 (X11; Linux x86_64) AppleWebKit/537.36 (KHTML, like Gecko) Chrome/101.0.4951.64 Safari/537.36\"\n"}
{"level":"info","message":"::1 - - [17/May/2022:06:43:54 +0000] \"GET /js/bootstrap.min.js HTTP/1.1\" 304 - \"http://localhost:3000/users/login\" \"Mozilla/5.0 (X11; Linux x86_64) AppleWebKit/537.36 (KHTML, like Gecko) Chrome/101.0.4951.64 Safari/537.36\"\n"}
{"level":"info","message":"::1 - - [17/May/2022:06:46:26 +0000] \"GET /users/login HTTP/1.1\" 200 2078 \"http://localhost:3000/users/login\" \"Mozilla/5.0 (X11; Linux x86_64) AppleWebKit/537.36 (KHTML, like Gecko) Chrome/101.0.4951.64 Safari/537.36\"\n"}
{"level":"info","message":"::1 - - [17/May/2022:06:46:26 +0000] \"GET /css/styles.css HTTP/1.1\" 304 - \"http://localhost:3000/users/login\" \"Mozilla/5.0 (X11; Linux x86_64) AppleWebKit/537.36 (KHTML, like Gecko) Chrome/101.0.4951.64 Safari/537.36\"\n"}
{"level":"info","message":"::1 - - [17/May/2022:06:46:26 +0000] \"GET /css/bootstrap-rtl.css HTTP/1.1\" 304 - \"http://localhost:3000/users/login\" \"Mozilla/5.0 (X11; Linux x86_64) AppleWebKit/537.36 (KHTML, like Gecko) Chrome/101.0.4951.64 Safari/537.36\"\n"}
{"level":"info","message":"::1 - - [17/May/2022:06:46:26 +0000] \"GET /css/font-awesome.css HTTP/1.1\" 304 - \"http://localhost:3000/users/login\" \"Mozilla/5.0 (X11; Linux x86_64) AppleWebKit/537.36 (KHTML, like Gecko) Chrome/101.0.4951.64 Safari/537.36\"\n"}
{"level":"info","message":"::1 - - [17/May/2022:06:46:26 +0000] \"GET /css/signin.css HTTP/1.1\" 304 - \"http://localhost:3000/users/login\" \"Mozilla/5.0 (X11; Linux x86_64) AppleWebKit/537.36 (KHTML, like Gecko) Chrome/101.0.4951.64 Safari/537.36\"\n"}
{"level":"info","message":"::1 - - [17/May/2022:06:46:26 +0000] \"GET /js/jquery.slim.min.js HTTP/1.1\" 304 - \"http://localhost:3000/users/login\" \"Mozilla/5.0 (X11; Linux x86_64) AppleWebKit/537.36 (KHTML, like Gecko) Chrome/101.0.4951.64 Safari/537.36\"\n"}
{"level":"info","message":"::1 - - [17/May/2022:06:46:26 +0000] \"GET /js/bootstrap.min.js HTTP/1.1\" 304 - \"http://localhost:3000/users/login\" \"Mozilla/5.0 (X11; Linux x86_64) AppleWebKit/537.36 (KHTML, like Gecko) Chrome/101.0.4951.64 Safari/537.36\"\n"}
{"level":"info","message":"::1 - - [17/May/2022:06:46:26 +0000] \"GET /fonts/BYekan-webfont.woff HTTP/1.1\" 304 - \"http://localhost:3000/css/styles.css\" \"Mozilla/5.0 (X11; Linux x86_64) AppleWebKit/537.36 (KHTML, like Gecko) Chrome/101.0.4951.64 Safari/537.36\"\n"}
{"level":"info","message":"::1 - - [17/May/2022:06:46:27 +0000] \"GET /favicon.ico HTTP/1.1\" 304 - \"http://localhost:3000/users/login\" \"Mozilla/5.0 (X11; Linux x86_64) AppleWebKit/537.36 (KHTML, like Gecko) Chrome/101.0.4951.64 Safari/537.36\"\n"}
{"level":"info","message":"::1 - - [17/May/2022:06:46:41 +0000] \"POST /users/login HTTP/1.1\" 302 68 \"http://localhost:3000/users/login\" \"Mozilla/5.0 (X11; Linux x86_64) AppleWebKit/537.36 (KHTML, like Gecko) Chrome/101.0.4951.64 Safari/537.36\"\n"}
{"level":"info","message":"::1 - - [17/May/2022:06:46:41 +0000] \"GET /users/login HTTP/1.1\" 200 2385 \"http://localhost:3000/users/login\" \"Mozilla/5.0 (X11; Linux x86_64) AppleWebKit/537.36 (KHTML, like Gecko) Chrome/101.0.4951.64 Safari/537.36\"\n"}
{"level":"info","message":"::1 - - [17/May/2022:06:46:41 +0000] \"GET /css/styles.css HTTP/1.1\" 304 - \"http://localhost:3000/users/login\" \"Mozilla/5.0 (X11; Linux x86_64) AppleWebKit/537.36 (KHTML, like Gecko) Chrome/101.0.4951.64 Safari/537.36\"\n"}
{"level":"info","message":"::1 - - [17/May/2022:06:46:41 +0000] \"GET /css/bootstrap-rtl.css HTTP/1.1\" 304 - \"http://localhost:3000/users/login\" \"Mozilla/5.0 (X11; Linux x86_64) AppleWebKit/537.36 (KHTML, like Gecko) Chrome/101.0.4951.64 Safari/537.36\"\n"}
{"level":"info","message":"::1 - - [17/May/2022:06:46:41 +0000] \"GET /css/signin.css HTTP/1.1\" 304 - \"http://localhost:3000/users/login\" \"Mozilla/5.0 (X11; Linux x86_64) AppleWebKit/537.36 (KHTML, like Gecko) Chrome/101.0.4951.64 Safari/537.36\"\n"}
{"level":"info","message":"::1 - - [17/May/2022:06:46:41 +0000] \"GET /css/font-awesome.css HTTP/1.1\" 304 - \"http://localhost:3000/users/login\" \"Mozilla/5.0 (X11; Linux x86_64) AppleWebKit/537.36 (KHTML, like Gecko) Chrome/101.0.4951.64 Safari/537.36\"\n"}
{"level":"info","message":"::1 - - [17/May/2022:06:46:41 +0000] \"GET /js/jquery.slim.min.js HTTP/1.1\" 304 - \"http://localhost:3000/users/login\" \"Mozilla/5.0 (X11; Linux x86_64) AppleWebKit/537.36 (KHTML, like Gecko) Chrome/101.0.4951.64 Safari/537.36\"\n"}
{"level":"info","message":"::1 - - [17/May/2022:06:46:41 +0000] \"GET /js/bootstrap.min.js HTTP/1.1\" 304 - \"http://localhost:3000/users/login\" \"Mozilla/5.0 (X11; Linux x86_64) AppleWebKit/537.36 (KHTML, like Gecko) Chrome/101.0.4951.64 Safari/537.36\"\n"}
{"level":"info","message":"::1 - - [17/May/2022:06:46:41 +0000] \"GET /fonts/BYekan-webfont.woff HTTP/1.1\" 304 - \"http://localhost:3000/css/styles.css\" \"Mozilla/5.0 (X11; Linux x86_64) AppleWebKit/537.36 (KHTML, like Gecko) Chrome/101.0.4951.64 Safari/537.36\"\n"}
{"level":"info","message":"::1 - - [17/May/2022:06:58:43 +0000] \"GET /users/login HTTP/1.1\" 200 2078 \"http://localhost:3000/users/login\" \"Mozilla/5.0 (X11; Linux x86_64) AppleWebKit/537.36 (KHTML, like Gecko) Chrome/101.0.4951.64 Safari/537.36\"\n"}
{"level":"info","message":"::1 - - [17/May/2022:06:58:43 +0000] \"GET /css/styles.css HTTP/1.1\" 304 - \"http://localhost:3000/users/login\" \"Mozilla/5.0 (X11; Linux x86_64) AppleWebKit/537.36 (KHTML, like Gecko) Chrome/101.0.4951.64 Safari/537.36\"\n"}
{"level":"info","message":"::1 - - [17/May/2022:06:58:43 +0000] \"GET /css/bootstrap-rtl.css HTTP/1.1\" 304 - \"http://localhost:3000/users/login\" \"Mozilla/5.0 (X11; Linux x86_64) AppleWebKit/537.36 (KHTML, like Gecko) Chrome/101.0.4951.64 Safari/537.36\"\n"}
{"level":"info","message":"::1 - - [17/May/2022:06:58:43 +0000] \"GET /css/signin.css HTTP/1.1\" 304 - \"http://localhost:3000/users/login\" \"Mozilla/5.0 (X11; Linux x86_64) AppleWebKit/537.36 (KHTML, like Gecko) Chrome/101.0.4951.64 Safari/537.36\"\n"}
{"level":"info","message":"::1 - - [17/May/2022:06:58:43 +0000] \"GET /css/font-awesome.css HTTP/1.1\" 304 - \"http://localhost:3000/users/login\" \"Mozilla/5.0 (X11; Linux x86_64) AppleWebKit/537.36 (KHTML, like Gecko) Chrome/101.0.4951.64 Safari/537.36\"\n"}
{"level":"info","message":"::1 - - [17/May/2022:06:58:43 +0000] \"GET /js/jquery.slim.min.js HTTP/1.1\" 304 - \"http://localhost:3000/users/login\" \"Mozilla/5.0 (X11; Linux x86_64) AppleWebKit/537.36 (KHTML, like Gecko) Chrome/101.0.4951.64 Safari/537.36\"\n"}
{"level":"info","message":"::1 - - [17/May/2022:06:58:43 +0000] \"GET /js/bootstrap.min.js HTTP/1.1\" 304 - \"http://localhost:3000/users/login\" \"Mozilla/5.0 (X11; Linux x86_64) AppleWebKit/537.36 (KHTML, like Gecko) Chrome/101.0.4951.64 Safari/537.36\"\n"}
{"level":"info","message":"::1 - - [17/May/2022:06:58:43 +0000] \"GET /fonts/BYekan-webfont.woff HTTP/1.1\" 304 - \"http://localhost:3000/css/styles.css\" \"Mozilla/5.0 (X11; Linux x86_64) AppleWebKit/537.36 (KHTML, like Gecko) Chrome/101.0.4951.64 Safari/537.36\"\n"}
{"level":"info","message":"::1 - - [17/May/2022:06:58:44 +0000] \"GET /favicon.ico HTTP/1.1\" 304 - \"http://localhost:3000/users/login\" \"Mozilla/5.0 (X11; Linux x86_64) AppleWebKit/537.36 (KHTML, like Gecko) Chrome/101.0.4951.64 Safari/537.36\"\n"}
{"level":"info","message":"::1 - - [17/May/2022:06:58:52 +0000] \"POST /users/login HTTP/1.1\" 302 68 \"http://localhost:3000/users/login\" \"Mozilla/5.0 (X11; Linux x86_64) AppleWebKit/537.36 (KHTML, like Gecko) Chrome/101.0.4951.64 Safari/537.36\"\n"}
{"level":"info","message":"::1 - - [17/May/2022:06:58:52 +0000] \"GET /users/login HTTP/1.1\" 200 2385 \"http://localhost:3000/users/login\" \"Mozilla/5.0 (X11; Linux x86_64) AppleWebKit/537.36 (KHTML, like Gecko) Chrome/101.0.4951.64 Safari/537.36\"\n"}
{"level":"info","message":"::1 - - [17/May/2022:06:58:52 +0000] \"GET /css/styles.css HTTP/1.1\" 304 - \"http://localhost:3000/users/login\" \"Mozilla/5.0 (X11; Linux x86_64) AppleWebKit/537.36 (KHTML, like Gecko) Chrome/101.0.4951.64 Safari/537.36\"\n"}
{"level":"info","message":"::1 - - [17/May/2022:06:58:52 +0000] \"GET /css/bootstrap-rtl.css HTTP/1.1\" 304 - \"http://localhost:3000/users/login\" \"Mozilla/5.0 (X11; Linux x86_64) AppleWebKit/537.36 (KHTML, like Gecko) Chrome/101.0.4951.64 Safari/537.36\"\n"}
{"level":"info","message":"::1 - - [17/May/2022:06:58:52 +0000] \"GET /css/font-awesome.css HTTP/1.1\" 304 - \"http://localhost:3000/users/login\" \"Mozilla/5.0 (X11; Linux x86_64) AppleWebKit/537.36 (KHTML, like Gecko) Chrome/101.0.4951.64 Safari/537.36\"\n"}
{"level":"info","message":"::1 - - [17/May/2022:06:58:52 +0000] \"GET /css/signin.css HTTP/1.1\" 304 - \"http://localhost:3000/users/login\" \"Mozilla/5.0 (X11; Linux x86_64) AppleWebKit/537.36 (KHTML, like Gecko) Chrome/101.0.4951.64 Safari/537.36\"\n"}
{"level":"info","message":"::1 - - [17/May/2022:06:58:52 +0000] \"GET /js/jquery.slim.min.js HTTP/1.1\" 304 - \"http://localhost:3000/users/login\" \"Mozilla/5.0 (X11; Linux x86_64) AppleWebKit/537.36 (KHTML, like Gecko) Chrome/101.0.4951.64 Safari/537.36\"\n"}
{"level":"info","message":"::1 - - [17/May/2022:06:58:52 +0000] \"GET /js/bootstrap.min.js HTTP/1.1\" 304 - \"http://localhost:3000/users/login\" \"Mozilla/5.0 (X11; Linux x86_64) AppleWebKit/537.36 (KHTML, like Gecko) Chrome/101.0.4951.64 Safari/537.36\"\n"}
{"level":"info","message":"::1 - - [17/May/2022:06:58:52 +0000] \"GET /fonts/BYekan-webfont.woff HTTP/1.1\" 304 - \"http://localhost:3000/css/styles.css\" \"Mozilla/5.0 (X11; Linux x86_64) AppleWebKit/537.36 (KHTML, like Gecko) Chrome/101.0.4951.64 Safari/537.36\"\n"}
{"level":"info","message":"::1 - - [17/May/2022:07:01:53 +0000] \"GET /users/login HTTP/1.1\" 200 2078 \"http://localhost:3000/users/login\" \"Mozilla/5.0 (X11; Linux x86_64) AppleWebKit/537.36 (KHTML, like Gecko) Chrome/101.0.4951.64 Safari/537.36\"\n"}
{"level":"info","message":"::1 - - [17/May/2022:07:01:53 +0000] \"GET /css/styles.css HTTP/1.1\" 304 - \"http://localhost:3000/users/login\" \"Mozilla/5.0 (X11; Linux x86_64) AppleWebKit/537.36 (KHTML, like Gecko) Chrome/101.0.4951.64 Safari/537.36\"\n"}
{"level":"info","message":"::1 - - [17/May/2022:07:01:53 +0000] \"GET /css/font-awesome.css HTTP/1.1\" 304 - \"http://localhost:3000/users/login\" \"Mozilla/5.0 (X11; Linux x86_64) AppleWebKit/537.36 (KHTML, like Gecko) Chrome/101.0.4951.64 Safari/537.36\"\n"}
{"level":"info","message":"::1 - - [17/May/2022:07:01:53 +0000] \"GET /css/bootstrap-rtl.css HTTP/1.1\" 304 - \"http://localhost:3000/users/login\" \"Mozilla/5.0 (X11; Linux x86_64) AppleWebKit/537.36 (KHTML, like Gecko) Chrome/101.0.4951.64 Safari/537.36\"\n"}
{"level":"info","message":"::1 - - [17/May/2022:07:01:53 +0000] \"GET /css/signin.css HTTP/1.1\" 304 - \"http://localhost:3000/users/login\" \"Mozilla/5.0 (X11; Linux x86_64) AppleWebKit/537.36 (KHTML, like Gecko) Chrome/101.0.4951.64 Safari/537.36\"\n"}
{"level":"info","message":"::1 - - [17/May/2022:07:01:53 +0000] \"GET /js/jquery.slim.min.js HTTP/1.1\" 304 - \"http://localhost:3000/users/login\" \"Mozilla/5.0 (X11; Linux x86_64) AppleWebKit/537.36 (KHTML, like Gecko) Chrome/101.0.4951.64 Safari/537.36\"\n"}
{"level":"info","message":"::1 - - [17/May/2022:07:01:53 +0000] \"GET /js/bootstrap.min.js HTTP/1.1\" 304 - \"http://localhost:3000/users/login\" \"Mozilla/5.0 (X11; Linux x86_64) AppleWebKit/537.36 (KHTML, like Gecko) Chrome/101.0.4951.64 Safari/537.36\"\n"}
{"level":"info","message":"::1 - - [17/May/2022:07:01:53 +0000] \"GET /fonts/BYekan-webfont.woff HTTP/1.1\" 304 - \"http://localhost:3000/css/styles.css\" \"Mozilla/5.0 (X11; Linux x86_64) AppleWebKit/537.36 (KHTML, like Gecko) Chrome/101.0.4951.64 Safari/537.36\"\n"}
{"level":"info","message":"::1 - - [17/May/2022:07:01:53 +0000] \"GET /favicon.ico HTTP/1.1\" 304 - \"http://localhost:3000/users/login\" \"Mozilla/5.0 (X11; Linux x86_64) AppleWebKit/537.36 (KHTML, like Gecko) Chrome/101.0.4951.64 Safari/537.36\"\n"}
{"level":"info","message":"::1 - - [17/May/2022:07:02:00 +0000] \"POST /users/login HTTP/1.1\" 302 68 \"http://localhost:3000/users/login\" \"Mozilla/5.0 (X11; Linux x86_64) AppleWebKit/537.36 (KHTML, like Gecko) Chrome/101.0.4951.64 Safari/537.36\"\n"}
{"level":"info","message":"::1 - - [17/May/2022:07:02:00 +0000] \"GET /users/login HTTP/1.1\" 200 2385 \"http://localhost:3000/users/login\" \"Mozilla/5.0 (X11; Linux x86_64) AppleWebKit/537.36 (KHTML, like Gecko) Chrome/101.0.4951.64 Safari/537.36\"\n"}
{"level":"info","message":"::1 - - [17/May/2022:07:02:00 +0000] \"GET /css/styles.css HTTP/1.1\" 304 - \"http://localhost:3000/users/login\" \"Mozilla/5.0 (X11; Linux x86_64) AppleWebKit/537.36 (KHTML, like Gecko) Chrome/101.0.4951.64 Safari/537.36\"\n"}
{"level":"info","message":"::1 - - [17/May/2022:07:02:00 +0000] \"GET /css/bootstrap-rtl.css HTTP/1.1\" 304 - \"http://localhost:3000/users/login\" \"Mozilla/5.0 (X11; Linux x86_64) AppleWebKit/537.36 (KHTML, like Gecko) Chrome/101.0.4951.64 Safari/537.36\"\n"}
{"level":"info","message":"::1 - - [17/May/2022:07:02:00 +0000] \"GET /js/jquery.slim.min.js HTTP/1.1\" 304 - \"http://localhost:3000/users/login\" \"Mozilla/5.0 (X11; Linux x86_64) AppleWebKit/537.36 (KHTML, like Gecko) Chrome/101.0.4951.64 Safari/537.36\"\n"}
{"level":"info","message":"::1 - - [17/May/2022:07:02:00 +0000] \"GET /css/font-awesome.css HTTP/1.1\" 304 - \"http://localhost:3000/users/login\" \"Mozilla/5.0 (X11; Linux x86_64) AppleWebKit/537.36 (KHTML, like Gecko) Chrome/101.0.4951.64 Safari/537.36\"\n"}
{"level":"info","message":"::1 - - [17/May/2022:07:02:00 +0000] \"GET /js/bootstrap.min.js HTTP/1.1\" 304 - \"http://localhost:3000/users/login\" \"Mozilla/5.0 (X11; Linux x86_64) AppleWebKit/537.36 (KHTML, like Gecko) Chrome/101.0.4951.64 Safari/537.36\"\n"}
{"level":"info","message":"::1 - - [17/May/2022:07:02:00 +0000] \"GET /css/signin.css HTTP/1.1\" 304 - \"http://localhost:3000/users/login\" \"Mozilla/5.0 (X11; Linux x86_64) AppleWebKit/537.36 (KHTML, like Gecko) Chrome/101.0.4951.64 Safari/537.36\"\n"}
{"level":"info","message":"::1 - - [17/May/2022:07:04:08 +0000] \"POST /users/login HTTP/1.1\" 302 68 \"http://localhost:3000/users/login\" \"Mozilla/5.0 (X11; Linux x86_64) AppleWebKit/537.36 (KHTML, like Gecko) Chrome/101.0.4951.64 Safari/537.36\"\n"}
{"level":"info","message":"::1 - - [17/May/2022:07:04:08 +0000] \"GET /users/login HTTP/1.1\" 200 2385 \"http://localhost:3000/users/login\" \"Mozilla/5.0 (X11; Linux x86_64) AppleWebKit/537.36 (KHTML, like Gecko) Chrome/101.0.4951.64 Safari/537.36\"\n"}
{"level":"info","message":"::1 - - [17/May/2022:07:04:09 +0000] \"GET /css/styles.css HTTP/1.1\" 304 - \"http://localhost:3000/users/login\" \"Mozilla/5.0 (X11; Linux x86_64) AppleWebKit/537.36 (KHTML, like Gecko) Chrome/101.0.4951.64 Safari/537.36\"\n"}
{"level":"info","message":"::1 - - [17/May/2022:07:04:09 +0000] \"GET /css/bootstrap-rtl.css HTTP/1.1\" 304 - \"http://localhost:3000/users/login\" \"Mozilla/5.0 (X11; Linux x86_64) AppleWebKit/537.36 (KHTML, like Gecko) Chrome/101.0.4951.64 Safari/537.36\"\n"}
{"level":"info","message":"::1 - - [17/May/2022:07:04:09 +0000] \"GET /css/font-awesome.css HTTP/1.1\" 304 - \"http://localhost:3000/users/login\" \"Mozilla/5.0 (X11; Linux x86_64) AppleWebKit/537.36 (KHTML, like Gecko) Chrome/101.0.4951.64 Safari/537.36\"\n"}
{"level":"info","message":"::1 - - [17/May/2022:07:04:09 +0000] \"GET /css/signin.css HTTP/1.1\" 304 - \"http://localhost:3000/users/login\" \"Mozilla/5.0 (X11; Linux x86_64) AppleWebKit/537.36 (KHTML, like Gecko) Chrome/101.0.4951.64 Safari/537.36\"\n"}
{"level":"info","message":"::1 - - [17/May/2022:07:04:09 +0000] \"GET /js/bootstrap.min.js HTTP/1.1\" 304 - \"http://localhost:3000/users/login\" \"Mozilla/5.0 (X11; Linux x86_64) AppleWebKit/537.36 (KHTML, like Gecko) Chrome/101.0.4951.64 Safari/537.36\"\n"}
{"level":"info","message":"::1 - - [17/May/2022:07:04:09 +0000] \"GET /js/jquery.slim.min.js HTTP/1.1\" 304 - \"http://localhost:3000/users/login\" \"Mozilla/5.0 (X11; Linux x86_64) AppleWebKit/537.36 (KHTML, like Gecko) Chrome/101.0.4951.64 Safari/537.36\"\n"}
{"level":"info","message":"::1 - - [17/May/2022:07:12:30 +0000] \"GET /users/login HTTP/1.1\" 200 2078 \"http://localhost:3000/users/login\" \"Mozilla/5.0 (X11; Linux x86_64) AppleWebKit/537.36 (KHTML, like Gecko) Chrome/101.0.4951.64 Safari/537.36\"\n"}
{"level":"info","message":"::1 - - [17/May/2022:07:12:30 +0000] \"GET /css/styles.css HTTP/1.1\" 304 - \"http://localhost:3000/users/login\" \"Mozilla/5.0 (X11; Linux x86_64) AppleWebKit/537.36 (KHTML, like Gecko) Chrome/101.0.4951.64 Safari/537.36\"\n"}
{"level":"info","message":"::1 - - [17/May/2022:07:12:30 +0000] \"GET /css/font-awesome.css HTTP/1.1\" 304 - \"http://localhost:3000/users/login\" \"Mozilla/5.0 (X11; Linux x86_64) AppleWebKit/537.36 (KHTML, like Gecko) Chrome/101.0.4951.64 Safari/537.36\"\n"}
{"level":"info","message":"::1 - - [17/May/2022:07:12:30 +0000] \"GET /css/bootstrap-rtl.css HTTP/1.1\" 304 - \"http://localhost:3000/users/login\" \"Mozilla/5.0 (X11; Linux x86_64) AppleWebKit/537.36 (KHTML, like Gecko) Chrome/101.0.4951.64 Safari/537.36\"\n"}
{"level":"info","message":"::1 - - [17/May/2022:07:12:30 +0000] \"GET /css/signin.css HTTP/1.1\" 304 - \"http://localhost:3000/users/login\" \"Mozilla/5.0 (X11; Linux x86_64) AppleWebKit/537.36 (KHTML, like Gecko) Chrome/101.0.4951.64 Safari/537.36\"\n"}
{"level":"info","message":"::1 - - [17/May/2022:07:12:30 +0000] \"GET /js/bootstrap.min.js HTTP/1.1\" 304 - \"http://localhost:3000/users/login\" \"Mozilla/5.0 (X11; Linux x86_64) AppleWebKit/537.36 (KHTML, like Gecko) Chrome/101.0.4951.64 Safari/537.36\"\n"}
{"level":"info","message":"::1 - - [17/May/2022:07:12:30 +0000] \"GET /js/jquery.slim.min.js HTTP/1.1\" 304 - \"http://localhost:3000/users/login\" \"Mozilla/5.0 (X11; Linux x86_64) AppleWebKit/537.36 (KHTML, like Gecko) Chrome/101.0.4951.64 Safari/537.36\"\n"}
{"level":"info","message":"::1 - - [17/May/2022:07:12:30 +0000] \"GET /fonts/BYekan-webfont.woff HTTP/1.1\" 304 - \"http://localhost:3000/css/styles.css\" \"Mozilla/5.0 (X11; Linux x86_64) AppleWebKit/537.36 (KHTML, like Gecko) Chrome/101.0.4951.64 Safari/537.36\"\n"}
{"level":"info","message":"::1 - - [17/May/2022:07:12:31 +0000] \"GET /favicon.ico HTTP/1.1\" 304 - \"http://localhost:3000/users/login\" \"Mozilla/5.0 (X11; Linux x86_64) AppleWebKit/537.36 (KHTML, like Gecko) Chrome/101.0.4951.64 Safari/537.36\"\n"}
{"level":"info","message":"::1 - - [17/May/2022:07:12:36 +0000] \"POST /users/login HTTP/1.1\" 302 68 \"http://localhost:3000/users/login\" \"Mozilla/5.0 (X11; Linux x86_64) AppleWebKit/537.36 (KHTML, like Gecko) Chrome/101.0.4951.64 Safari/537.36\"\n"}
{"level":"info","message":"::1 - - [17/May/2022:07:12:36 +0000] \"GET /users/login HTTP/1.1\" 200 2390 \"http://localhost:3000/users/login\" \"Mozilla/5.0 (X11; Linux x86_64) AppleWebKit/537.36 (KHTML, like Gecko) Chrome/101.0.4951.64 Safari/537.36\"\n"}
{"level":"info","message":"::1 - - [17/May/2022:07:12:36 +0000] \"GET /css/styles.css HTTP/1.1\" 304 - \"http://localhost:3000/users/login\" \"Mozilla/5.0 (X11; Linux x86_64) AppleWebKit/537.36 (KHTML, like Gecko) Chrome/101.0.4951.64 Safari/537.36\"\n"}
{"level":"info","message":"::1 - - [17/May/2022:07:12:36 +0000] \"GET /css/font-awesome.css HTTP/1.1\" 304 - \"http://localhost:3000/users/login\" \"Mozilla/5.0 (X11; Linux x86_64) AppleWebKit/537.36 (KHTML, like Gecko) Chrome/101.0.4951.64 Safari/537.36\"\n"}
{"level":"info","message":"::1 - - [17/May/2022:07:12:36 +0000] \"GET /css/signin.css HTTP/1.1\" 304 - \"http://localhost:3000/users/login\" \"Mozilla/5.0 (X11; Linux x86_64) AppleWebKit/537.36 (KHTML, like Gecko) Chrome/101.0.4951.64 Safari/537.36\"\n"}
{"level":"info","message":"::1 - - [17/May/2022:07:12:36 +0000] \"GET /js/jquery.slim.min.js HTTP/1.1\" 304 - \"http://localhost:3000/users/login\" \"Mozilla/5.0 (X11; Linux x86_64) AppleWebKit/537.36 (KHTML, like Gecko) Chrome/101.0.4951.64 Safari/537.36\"\n"}
{"level":"info","message":"::1 - - [17/May/2022:07:12:36 +0000] \"GET /css/bootstrap-rtl.css HTTP/1.1\" 304 - \"http://localhost:3000/users/login\" \"Mozilla/5.0 (X11; Linux x86_64) AppleWebKit/537.36 (KHTML, like Gecko) Chrome/101.0.4951.64 Safari/537.36\"\n"}
{"level":"info","message":"::1 - - [17/May/2022:07:12:36 +0000] \"GET /js/bootstrap.min.js HTTP/1.1\" 304 - \"http://localhost:3000/users/login\" \"Mozilla/5.0 (X11; Linux x86_64) AppleWebKit/537.36 (KHTML, like Gecko) Chrome/101.0.4951.64 Safari/537.36\"\n"}
{"level":"info","message":"::1 - - [17/May/2022:07:16:04 +0000] \"GET /users/login HTTP/1.1\" 200 2078 \"http://localhost:3000/users/login\" \"Mozilla/5.0 (X11; Linux x86_64) AppleWebKit/537.36 (KHTML, like Gecko) Chrome/101.0.4951.64 Safari/537.36\"\n"}
{"level":"info","message":"::1 - - [17/May/2022:07:16:04 +0000] \"GET /css/styles.css HTTP/1.1\" 304 - \"http://localhost:3000/users/login\" \"Mozilla/5.0 (X11; Linux x86_64) AppleWebKit/537.36 (KHTML, like Gecko) Chrome/101.0.4951.64 Safari/537.36\"\n"}
{"level":"info","message":"::1 - - [17/May/2022:07:16:04 +0000] \"GET /css/font-awesome.css HTTP/1.1\" 304 - \"http://localhost:3000/users/login\" \"Mozilla/5.0 (X11; Linux x86_64) AppleWebKit/537.36 (KHTML, like Gecko) Chrome/101.0.4951.64 Safari/537.36\"\n"}
{"level":"info","message":"::1 - - [17/May/2022:07:16:04 +0000] \"GET /css/bootstrap-rtl.css HTTP/1.1\" 304 - \"http://localhost:3000/users/login\" \"Mozilla/5.0 (X11; Linux x86_64) AppleWebKit/537.36 (KHTML, like Gecko) Chrome/101.0.4951.64 Safari/537.36\"\n"}
{"level":"info","message":"::1 - - [17/May/2022:07:16:04 +0000] \"GET /css/signin.css HTTP/1.1\" 304 - \"http://localhost:3000/users/login\" \"Mozilla/5.0 (X11; Linux x86_64) AppleWebKit/537.36 (KHTML, like Gecko) Chrome/101.0.4951.64 Safari/537.36\"\n"}
{"level":"info","message":"::1 - - [17/May/2022:07:16:04 +0000] \"GET /js/jquery.slim.min.js HTTP/1.1\" 304 - \"http://localhost:3000/users/login\" \"Mozilla/5.0 (X11; Linux x86_64) AppleWebKit/537.36 (KHTML, like Gecko) Chrome/101.0.4951.64 Safari/537.36\"\n"}
{"level":"info","message":"::1 - - [17/May/2022:07:16:04 +0000] \"GET /js/bootstrap.min.js HTTP/1.1\" 304 - \"http://localhost:3000/users/login\" \"Mozilla/5.0 (X11; Linux x86_64) AppleWebKit/537.36 (KHTML, like Gecko) Chrome/101.0.4951.64 Safari/537.36\"\n"}
{"level":"info","message":"::1 - - [17/May/2022:07:16:04 +0000] \"GET /favicon.ico HTTP/1.1\" 304 - \"http://localhost:3000/users/login\" \"Mozilla/5.0 (X11; Linux x86_64) AppleWebKit/537.36 (KHTML, like Gecko) Chrome/101.0.4951.64 Safari/537.36\"\n"}
{"level":"info","message":"::1 - - [17/May/2022:07:16:08 +0000] \"POST /users/login HTTP/1.1\" 302 68 \"http://localhost:3000/users/login\" \"Mozilla/5.0 (X11; Linux x86_64) AppleWebKit/537.36 (KHTML, like Gecko) Chrome/101.0.4951.64 Safari/537.36\"\n"}
{"level":"info","message":"::1 - - [17/May/2022:07:16:08 +0000] \"GET /users/login HTTP/1.1\" 200 2390 \"http://localhost:3000/users/login\" \"Mozilla/5.0 (X11; Linux x86_64) AppleWebKit/537.36 (KHTML, like Gecko) Chrome/101.0.4951.64 Safari/537.36\"\n"}
{"level":"info","message":"::1 - - [17/May/2022:07:16:08 +0000] \"GET /css/styles.css HTTP/1.1\" 304 - \"http://localhost:3000/users/login\" \"Mozilla/5.0 (X11; Linux x86_64) AppleWebKit/537.36 (KHTML, like Gecko) Chrome/101.0.4951.64 Safari/537.36\"\n"}
{"level":"info","message":"::1 - - [17/May/2022:07:16:08 +0000] \"GET /css/font-awesome.css HTTP/1.1\" 304 - \"http://localhost:3000/users/login\" \"Mozilla/5.0 (X11; Linux x86_64) AppleWebKit/537.36 (KHTML, like Gecko) Chrome/101.0.4951.64 Safari/537.36\"\n"}
{"level":"info","message":"::1 - - [17/May/2022:07:16:08 +0000] \"GET /css/bootstrap-rtl.css HTTP/1.1\" 304 - \"http://localhost:3000/users/login\" \"Mozilla/5.0 (X11; Linux x86_64) AppleWebKit/537.36 (KHTML, like Gecko) Chrome/101.0.4951.64 Safari/537.36\"\n"}
{"level":"info","message":"::1 - - [17/May/2022:07:16:08 +0000] \"GET /css/signin.css HTTP/1.1\" 304 - \"http://localhost:3000/users/login\" \"Mozilla/5.0 (X11; Linux x86_64) AppleWebKit/537.36 (KHTML, like Gecko) Chrome/101.0.4951.64 Safari/537.36\"\n"}
{"level":"info","message":"::1 - - [17/May/2022:07:16:08 +0000] \"GET /js/jquery.slim.min.js HTTP/1.1\" 304 - \"http://localhost:3000/users/login\" \"Mozilla/5.0 (X11; Linux x86_64) AppleWebKit/537.36 (KHTML, like Gecko) Chrome/101.0.4951.64 Safari/537.36\"\n"}
{"level":"info","message":"::1 - - [17/May/2022:07:16:08 +0000] \"GET /js/bootstrap.min.js HTTP/1.1\" 304 - \"http://localhost:3000/users/login\" \"Mozilla/5.0 (X11; Linux x86_64) AppleWebKit/537.36 (KHTML, like Gecko) Chrome/101.0.4951.64 Safari/537.36\"\n"}
{"level":"info","message":"::1 - - [17/May/2022:07:17:05 +0000] \"GET /users/login HTTP/1.1\" 200 2078 \"http://localhost:3000/users/login\" \"Mozilla/5.0 (X11; Linux x86_64) AppleWebKit/537.36 (KHTML, like Gecko) Chrome/101.0.4951.64 Safari/537.36\"\n"}
{"level":"info","message":"::1 - - [17/May/2022:07:17:05 +0000] \"GET /css/styles.css HTTP/1.1\" 304 - \"http://localhost:3000/users/login\" \"Mozilla/5.0 (X11; Linux x86_64) AppleWebKit/537.36 (KHTML, like Gecko) Chrome/101.0.4951.64 Safari/537.36\"\n"}
{"level":"info","message":"::1 - - [17/May/2022:07:17:05 +0000] \"GET /css/bootstrap-rtl.css HTTP/1.1\" 304 - \"http://localhost:3000/users/login\" \"Mozilla/5.0 (X11; Linux x86_64) AppleWebKit/537.36 (KHTML, like Gecko) Chrome/101.0.4951.64 Safari/537.36\"\n"}
{"level":"info","message":"::1 - - [17/May/2022:07:17:05 +0000] \"GET /css/font-awesome.css HTTP/1.1\" 304 - \"http://localhost:3000/users/login\" \"Mozilla/5.0 (X11; Linux x86_64) AppleWebKit/537.36 (KHTML, like Gecko) Chrome/101.0.4951.64 Safari/537.36\"\n"}
{"level":"info","message":"::1 - - [17/May/2022:07:17:05 +0000] \"GET /css/signin.css HTTP/1.1\" 304 - \"http://localhost:3000/users/login\" \"Mozilla/5.0 (X11; Linux x86_64) AppleWebKit/537.36 (KHTML, like Gecko) Chrome/101.0.4951.64 Safari/537.36\"\n"}
{"level":"info","message":"::1 - - [17/May/2022:07:17:05 +0000] \"GET /js/bootstrap.min.js HTTP/1.1\" 304 - \"http://localhost:3000/users/login\" \"Mozilla/5.0 (X11; Linux x86_64) AppleWebKit/537.36 (KHTML, like Gecko) Chrome/101.0.4951.64 Safari/537.36\"\n"}
{"level":"info","message":"::1 - - [17/May/2022:07:17:05 +0000] \"GET /js/jquery.slim.min.js HTTP/1.1\" 304 - \"http://localhost:3000/users/login\" \"Mozilla/5.0 (X11; Linux x86_64) AppleWebKit/537.36 (KHTML, like Gecko) Chrome/101.0.4951.64 Safari/537.36\"\n"}
{"level":"info","message":"::1 - - [17/May/2022:07:17:05 +0000] \"GET /favicon.ico HTTP/1.1\" 304 - \"http://localhost:3000/users/login\" \"Mozilla/5.0 (X11; Linux x86_64) AppleWebKit/537.36 (KHTML, like Gecko) Chrome/101.0.4951.64 Safari/537.36\"\n"}
{"level":"info","message":"::1 - - [17/May/2022:07:17:09 +0000] \"POST /users/login HTTP/1.1\" 302 68 \"http://localhost:3000/users/login\" \"Mozilla/5.0 (X11; Linux x86_64) AppleWebKit/537.36 (KHTML, like Gecko) Chrome/101.0.4951.64 Safari/537.36\"\n"}
{"level":"info","message":"::1 - - [17/May/2022:07:17:09 +0000] \"GET /users/login HTTP/1.1\" 200 2390 \"http://localhost:3000/users/login\" \"Mozilla/5.0 (X11; Linux x86_64) AppleWebKit/537.36 (KHTML, like Gecko) Chrome/101.0.4951.64 Safari/537.36\"\n"}
{"level":"info","message":"::1 - - [17/May/2022:07:17:09 +0000] \"GET /css/styles.css HTTP/1.1\" 304 - \"http://localhost:3000/users/login\" \"Mozilla/5.0 (X11; Linux x86_64) AppleWebKit/537.36 (KHTML, like Gecko) Chrome/101.0.4951.64 Safari/537.36\"\n"}
{"level":"info","message":"::1 - - [17/May/2022:07:17:09 +0000] \"GET /css/font-awesome.css HTTP/1.1\" 304 - \"http://localhost:3000/users/login\" \"Mozilla/5.0 (X11; Linux x86_64) AppleWebKit/537.36 (KHTML, like Gecko) Chrome/101.0.4951.64 Safari/537.36\"\n"}
{"level":"info","message":"::1 - - [17/May/2022:07:17:09 +0000] \"GET /css/bootstrap-rtl.css HTTP/1.1\" 304 - \"http://localhost:3000/users/login\" \"Mozilla/5.0 (X11; Linux x86_64) AppleWebKit/537.36 (KHTML, like Gecko) Chrome/101.0.4951.64 Safari/537.36\"\n"}
{"level":"info","message":"::1 - - [17/May/2022:07:17:09 +0000] \"GET /css/signin.css HTTP/1.1\" 304 - \"http://localhost:3000/users/login\" \"Mozilla/5.0 (X11; Linux x86_64) AppleWebKit/537.36 (KHTML, like Gecko) Chrome/101.0.4951.64 Safari/537.36\"\n"}
{"level":"info","message":"::1 - - [17/May/2022:07:17:09 +0000] \"GET /js/jquery.slim.min.js HTTP/1.1\" 304 - \"http://localhost:3000/users/login\" \"Mozilla/5.0 (X11; Linux x86_64) AppleWebKit/537.36 (KHTML, like Gecko) Chrome/101.0.4951.64 Safari/537.36\"\n"}
{"level":"info","message":"::1 - - [17/May/2022:07:17:09 +0000] \"GET /js/bootstrap.min.js HTTP/1.1\" 304 - \"http://localhost:3000/users/login\" \"Mozilla/5.0 (X11; Linux x86_64) AppleWebKit/537.36 (KHTML, like Gecko) Chrome/101.0.4951.64 Safari/537.36\"\n"}
{"level":"info","message":"::1 - - [17/May/2022:07:17:38 +0000] \"POST /users/login HTTP/1.1\" 302 68 \"http://localhost:3000/users/login\" \"Mozilla/5.0 (X11; Linux x86_64) AppleWebKit/537.36 (KHTML, like Gecko) Chrome/101.0.4951.64 Safari/537.36\"\n"}
{"level":"info","message":"::1 - - [17/May/2022:07:17:38 +0000] \"GET /users/login HTTP/1.1\" 200 2385 \"http://localhost:3000/users/login\" \"Mozilla/5.0 (X11; Linux x86_64) AppleWebKit/537.36 (KHTML, like Gecko) Chrome/101.0.4951.64 Safari/537.36\"\n"}
{"level":"info","message":"::1 - - [17/May/2022:07:17:38 +0000] \"GET /css/styles.css HTTP/1.1\" 304 - \"http://localhost:3000/users/login\" \"Mozilla/5.0 (X11; Linux x86_64) AppleWebKit/537.36 (KHTML, like Gecko) Chrome/101.0.4951.64 Safari/537.36\"\n"}
{"level":"info","message":"::1 - - [17/May/2022:07:17:38 +0000] \"GET /css/bootstrap-rtl.css HTTP/1.1\" 304 - \"http://localhost:3000/users/login\" \"Mozilla/5.0 (X11; Linux x86_64) AppleWebKit/537.36 (KHTML, like Gecko) Chrome/101.0.4951.64 Safari/537.36\"\n"}
{"level":"info","message":"::1 - - [17/May/2022:07:17:38 +0000] \"GET /css/font-awesome.css HTTP/1.1\" 304 - \"http://localhost:3000/users/login\" \"Mozilla/5.0 (X11; Linux x86_64) AppleWebKit/537.36 (KHTML, like Gecko) Chrome/101.0.4951.64 Safari/537.36\"\n"}
{"level":"info","message":"::1 - - [17/May/2022:07:17:38 +0000] \"GET /css/signin.css HTTP/1.1\" 304 - \"http://localhost:3000/users/login\" \"Mozilla/5.0 (X11; Linux x86_64) AppleWebKit/537.36 (KHTML, like Gecko) Chrome/101.0.4951.64 Safari/537.36\"\n"}
{"level":"info","message":"::1 - - [17/May/2022:07:17:38 +0000] \"GET /js/jquery.slim.min.js HTTP/1.1\" 304 - \"http://localhost:3000/users/login\" \"Mozilla/5.0 (X11; Linux x86_64) AppleWebKit/537.36 (KHTML, like Gecko) Chrome/101.0.4951.64 Safari/537.36\"\n"}
{"level":"info","message":"::1 - - [17/May/2022:07:17:38 +0000] \"GET /js/bootstrap.min.js HTTP/1.1\" 304 - \"http://localhost:3000/users/login\" \"Mozilla/5.0 (X11; Linux x86_64) AppleWebKit/537.36 (KHTML, like Gecko) Chrome/101.0.4951.64 Safari/537.36\"\n"}
{"level":"info","message":"::1 - - [17/May/2022:07:18:52 +0000] \"POST /users/login HTTP/1.1\" 302 68 \"http://localhost:3000/users/login\" \"Mozilla/5.0 (X11; Linux x86_64) AppleWebKit/537.36 (KHTML, like Gecko) Chrome/101.0.4951.64 Safari/537.36\"\n"}
{"level":"info","message":"::1 - - [17/May/2022:07:18:52 +0000] \"GET /users/login HTTP/1.1\" 200 2385 \"http://localhost:3000/users/login\" \"Mozilla/5.0 (X11; Linux x86_64) AppleWebKit/537.36 (KHTML, like Gecko) Chrome/101.0.4951.64 Safari/537.36\"\n"}
{"level":"info","message":"::1 - - [17/May/2022:07:18:52 +0000] \"GET /css/styles.css HTTP/1.1\" 304 - \"http://localhost:3000/users/login\" \"Mozilla/5.0 (X11; Linux x86_64) AppleWebKit/537.36 (KHTML, like Gecko) Chrome/101.0.4951.64 Safari/537.36\"\n"}
{"level":"info","message":"::1 - - [17/May/2022:07:18:52 +0000] \"GET /css/bootstrap-rtl.css HTTP/1.1\" 304 - \"http://localhost:3000/users/login\" \"Mozilla/5.0 (X11; Linux x86_64) AppleWebKit/537.36 (KHTML, like Gecko) Chrome/101.0.4951.64 Safari/537.36\"\n"}
{"level":"info","message":"::1 - - [17/May/2022:07:18:52 +0000] \"GET /css/font-awesome.css HTTP/1.1\" 304 - \"http://localhost:3000/users/login\" \"Mozilla/5.0 (X11; Linux x86_64) AppleWebKit/537.36 (KHTML, like Gecko) Chrome/101.0.4951.64 Safari/537.36\"\n"}
{"level":"info","message":"::1 - - [17/May/2022:07:18:52 +0000] \"GET /js/bootstrap.min.js HTTP/1.1\" 304 - \"http://localhost:3000/users/login\" \"Mozilla/5.0 (X11; Linux x86_64) AppleWebKit/537.36 (KHTML, like Gecko) Chrome/101.0.4951.64 Safari/537.36\"\n"}
{"level":"info","message":"::1 - - [17/May/2022:07:18:52 +0000] \"GET /css/signin.css HTTP/1.1\" 304 - \"http://localhost:3000/users/login\" \"Mozilla/5.0 (X11; Linux x86_64) AppleWebKit/537.36 (KHTML, like Gecko) Chrome/101.0.4951.64 Safari/537.36\"\n"}
{"level":"info","message":"::1 - - [17/May/2022:07:18:52 +0000] \"GET /js/jquery.slim.min.js HTTP/1.1\" 304 - \"http://localhost:3000/users/login\" \"Mozilla/5.0 (X11; Linux x86_64) AppleWebKit/537.36 (KHTML, like Gecko) Chrome/101.0.4951.64 Safari/537.36\"\n"}
{"level":"info","message":"::1 - - [17/May/2022:07:25:28 +0000] \"GET /users/login HTTP/1.1\" 200 2078 \"http://localhost:3000/users/login\" \"Mozilla/5.0 (X11; Linux x86_64) AppleWebKit/537.36 (KHTML, like Gecko) Chrome/101.0.4951.64 Safari/537.36\"\n"}
{"level":"info","message":"::1 - - [17/May/2022:07:25:28 +0000] \"GET /css/styles.css HTTP/1.1\" 304 - \"http://localhost:3000/users/login\" \"Mozilla/5.0 (X11; Linux x86_64) AppleWebKit/537.36 (KHTML, like Gecko) Chrome/101.0.4951.64 Safari/537.36\"\n"}
{"level":"info","message":"::1 - - [17/May/2022:07:25:28 +0000] \"GET /css/signin.css HTTP/1.1\" 304 - \"http://localhost:3000/users/login\" \"Mozilla/5.0 (X11; Linux x86_64) AppleWebKit/537.36 (KHTML, like Gecko) Chrome/101.0.4951.64 Safari/537.36\"\n"}
{"level":"info","message":"::1 - - [17/May/2022:07:25:28 +0000] \"GET /css/bootstrap-rtl.css HTTP/1.1\" 304 - \"http://localhost:3000/users/login\" \"Mozilla/5.0 (X11; Linux x86_64) AppleWebKit/537.36 (KHTML, like Gecko) Chrome/101.0.4951.64 Safari/537.36\"\n"}
{"level":"info","message":"::1 - - [17/May/2022:07:25:28 +0000] \"GET /css/font-awesome.css HTTP/1.1\" 304 - \"http://localhost:3000/users/login\" \"Mozilla/5.0 (X11; Linux x86_64) AppleWebKit/537.36 (KHTML, like Gecko) Chrome/101.0.4951.64 Safari/537.36\"\n"}
{"level":"info","message":"::1 - - [17/May/2022:07:25:28 +0000] \"GET /js/jquery.slim.min.js HTTP/1.1\" 304 - \"http://localhost:3000/users/login\" \"Mozilla/5.0 (X11; Linux x86_64) AppleWebKit/537.36 (KHTML, like Gecko) Chrome/101.0.4951.64 Safari/537.36\"\n"}
{"level":"info","message":"::1 - - [17/May/2022:07:25:28 +0000] \"GET /js/bootstrap.min.js HTTP/1.1\" 304 - \"http://localhost:3000/users/login\" \"Mozilla/5.0 (X11; Linux x86_64) AppleWebKit/537.36 (KHTML, like Gecko) Chrome/101.0.4951.64 Safari/537.36\"\n"}
{"level":"info","message":"::1 - - [17/May/2022:07:25:29 +0000] \"GET /fonts/BYekan-webfont.woff HTTP/1.1\" 304 - \"http://localhost:3000/css/styles.css\" \"Mozilla/5.0 (X11; Linux x86_64) AppleWebKit/537.36 (KHTML, like Gecko) Chrome/101.0.4951.64 Safari/537.36\"\n"}
{"level":"info","message":"::1 - - [17/May/2022:07:25:29 +0000] \"GET /favicon.ico HTTP/1.1\" 304 - \"http://localhost:3000/users/login\" \"Mozilla/5.0 (X11; Linux x86_64) AppleWebKit/537.36 (KHTML, like Gecko) Chrome/101.0.4951.64 Safari/537.36\"\n"}
{"level":"info","message":"::1 - - [17/May/2022:07:25:35 +0000] \"POST /users/login HTTP/1.1\" 302 68 \"http://localhost:3000/users/login\" \"Mozilla/5.0 (X11; Linux x86_64) AppleWebKit/537.36 (KHTML, like Gecko) Chrome/101.0.4951.64 Safari/537.36\"\n"}
{"level":"info","message":"::1 - - [17/May/2022:07:25:35 +0000] \"GET /users/login HTTP/1.1\" 200 2385 \"http://localhost:3000/users/login\" \"Mozilla/5.0 (X11; Linux x86_64) AppleWebKit/537.36 (KHTML, like Gecko) Chrome/101.0.4951.64 Safari/537.36\"\n"}
{"level":"info","message":"::1 - - [17/May/2022:07:25:35 +0000] \"GET /css/styles.css HTTP/1.1\" 304 - \"http://localhost:3000/users/login\" \"Mozilla/5.0 (X11; Linux x86_64) AppleWebKit/537.36 (KHTML, like Gecko) Chrome/101.0.4951.64 Safari/537.36\"\n"}
{"level":"info","message":"::1 - - [17/May/2022:07:25:35 +0000] \"GET /css/bootstrap-rtl.css HTTP/1.1\" 304 - \"http://localhost:3000/users/login\" \"Mozilla/5.0 (X11; Linux x86_64) AppleWebKit/537.36 (KHTML, like Gecko) Chrome/101.0.4951.64 Safari/537.36\"\n"}
{"level":"info","message":"::1 - - [17/May/2022:07:25:35 +0000] \"GET /css/font-awesome.css HTTP/1.1\" 304 - \"http://localhost:3000/users/login\" \"Mozilla/5.0 (X11; Linux x86_64) AppleWebKit/537.36 (KHTML, like Gecko) Chrome/101.0.4951.64 Safari/537.36\"\n"}
{"level":"info","message":"::1 - - [17/May/2022:07:25:35 +0000] \"GET /css/signin.css HTTP/1.1\" 304 - \"http://localhost:3000/users/login\" \"Mozilla/5.0 (X11; Linux x86_64) AppleWebKit/537.36 (KHTML, like Gecko) Chrome/101.0.4951.64 Safari/537.36\"\n"}
{"level":"info","message":"::1 - - [17/May/2022:07:25:35 +0000] \"GET /js/jquery.slim.min.js HTTP/1.1\" 304 - \"http://localhost:3000/users/login\" \"Mozilla/5.0 (X11; Linux x86_64) AppleWebKit/537.36 (KHTML, like Gecko) Chrome/101.0.4951.64 Safari/537.36\"\n"}
{"level":"info","message":"::1 - - [17/May/2022:07:25:35 +0000] \"GET /js/bootstrap.min.js HTTP/1.1\" 304 - \"http://localhost:3000/users/login\" \"Mozilla/5.0 (X11; Linux x86_64) AppleWebKit/537.36 (KHTML, like Gecko) Chrome/101.0.4951.64 Safari/537.36\"\n"}
{"level":"info","message":"::1 - - [17/May/2022:07:26:46 +0000] \"GET /users/login HTTP/1.1\" 200 2078 \"http://localhost:3000/users/login\" \"Mozilla/5.0 (X11; Linux x86_64) AppleWebKit/537.36 (KHTML, like Gecko) Chrome/101.0.4951.64 Safari/537.36\"\n"}
{"level":"info","message":"::1 - - [17/May/2022:07:26:46 +0000] \"GET /css/styles.css HTTP/1.1\" 304 - \"http://localhost:3000/users/login\" \"Mozilla/5.0 (X11; Linux x86_64) AppleWebKit/537.36 (KHTML, like Gecko) Chrome/101.0.4951.64 Safari/537.36\"\n"}
{"level":"info","message":"::1 - - [17/May/2022:07:26:46 +0000] \"GET /css/bootstrap-rtl.css HTTP/1.1\" 304 - \"http://localhost:3000/users/login\" \"Mozilla/5.0 (X11; Linux x86_64) AppleWebKit/537.36 (KHTML, like Gecko) Chrome/101.0.4951.64 Safari/537.36\"\n"}
{"level":"info","message":"::1 - - [17/May/2022:07:26:46 +0000] \"GET /css/font-awesome.css HTTP/1.1\" 304 - \"http://localhost:3000/users/login\" \"Mozilla/5.0 (X11; Linux x86_64) AppleWebKit/537.36 (KHTML, like Gecko) Chrome/101.0.4951.64 Safari/537.36\"\n"}
{"level":"info","message":"::1 - - [17/May/2022:07:26:46 +0000] \"GET /css/signin.css HTTP/1.1\" 304 - \"http://localhost:3000/users/login\" \"Mozilla/5.0 (X11; Linux x86_64) AppleWebKit/537.36 (KHTML, like Gecko) Chrome/101.0.4951.64 Safari/537.36\"\n"}
{"level":"info","message":"::1 - - [17/May/2022:07:26:46 +0000] \"GET /js/jquery.slim.min.js HTTP/1.1\" 304 - \"http://localhost:3000/users/login\" \"Mozilla/5.0 (X11; Linux x86_64) AppleWebKit/537.36 (KHTML, like Gecko) Chrome/101.0.4951.64 Safari/537.36\"\n"}
{"level":"info","message":"::1 - - [17/May/2022:07:26:46 +0000] \"GET /js/bootstrap.min.js HTTP/1.1\" 304 - \"http://localhost:3000/users/login\" \"Mozilla/5.0 (X11; Linux x86_64) AppleWebKit/537.36 (KHTML, like Gecko) Chrome/101.0.4951.64 Safari/537.36\"\n"}
{"level":"info","message":"::1 - - [17/May/2022:07:26:47 +0000] \"GET /favicon.ico HTTP/1.1\" 304 - \"http://localhost:3000/users/login\" \"Mozilla/5.0 (X11; Linux x86_64) AppleWebKit/537.36 (KHTML, like Gecko) Chrome/101.0.4951.64 Safari/537.36\"\n"}
{"level":"info","message":"::1 - - [17/May/2022:07:26:52 +0000] \"POST /users/login HTTP/1.1\" 302 64 \"http://localhost:3000/users/login\" \"Mozilla/5.0 (X11; Linux x86_64) AppleWebKit/537.36 (KHTML, like Gecko) Chrome/101.0.4951.64 Safari/537.36\"\n"}
{"level":"info","message":"::1 - - [17/May/2022:07:26:52 +0000] \"GET /dashboard HTTP/1.1\" 304 - \"http://localhost:3000/users/login\" \"Mozilla/5.0 (X11; Linux x86_64) AppleWebKit/537.36 (KHTML, like Gecko) Chrome/101.0.4951.64 Safari/537.36\"\n"}
{"level":"info","message":"::1 - - [17/May/2022:07:26:52 +0000] \"GET /css/bootstrap-rtl.css HTTP/1.1\" 304 - \"http://localhost:3000/dashboard\" \"Mozilla/5.0 (X11; Linux x86_64) AppleWebKit/537.36 (KHTML, like Gecko) Chrome/101.0.4951.64 Safari/537.36\"\n"}
{"level":"info","message":"::1 - - [17/May/2022:07:26:52 +0000] \"GET /css/styles.css HTTP/1.1\" 304 - \"http://localhost:3000/dashboard\" \"Mozilla/5.0 (X11; Linux x86_64) AppleWebKit/537.36 (KHTML, like Gecko) Chrome/101.0.4951.64 Safari/537.36\"\n"}
{"level":"info","message":"::1 - - [17/May/2022:07:26:52 +0000] \"GET /css/font-awesome.css HTTP/1.1\" 304 - \"http://localhost:3000/dashboard\" \"Mozilla/5.0 (X11; Linux x86_64) AppleWebKit/537.36 (KHTML, like Gecko) Chrome/101.0.4951.64 Safari/537.36\"\n"}
{"level":"info","message":"::1 - - [17/May/2022:07:26:52 +0000] \"GET /css/dashboard.css HTTP/1.1\" 304 - \"http://localhost:3000/dashboard\" \"Mozilla/5.0 (X11; Linux x86_64) AppleWebKit/537.36 (KHTML, like Gecko) Chrome/101.0.4951.64 Safari/537.36\"\n"}
{"level":"info","message":"::1 - - [17/May/2022:07:26:52 +0000] \"GET /js/jquery.slim.min.js HTTP/1.1\" 304 - \"http://localhost:3000/dashboard\" \"Mozilla/5.0 (X11; Linux x86_64) AppleWebKit/537.36 (KHTML, like Gecko) Chrome/101.0.4951.64 Safari/537.36\"\n"}
{"level":"info","message":"::1 - - [17/May/2022:07:26:52 +0000] \"GET /js/bootstrap.bundle.min.js HTTP/1.1\" 304 - \"http://localhost:3000/dashboard\" \"Mozilla/5.0 (X11; Linux x86_64) AppleWebKit/537.36 (KHTML, like Gecko) Chrome/101.0.4951.64 Safari/537.36\"\n"}
{"level":"info","message":"::1 - - [17/May/2022:07:26:52 +0000] \"GET /fonts/fontawesome-webfont.woff2?v=4.7.0 HTTP/1.1\" 304 - \"http://localhost:3000/css/font-awesome.css\" \"Mozilla/5.0 (X11; Linux x86_64) AppleWebKit/537.36 (KHTML, like Gecko) Chrome/101.0.4951.64 Safari/537.36\"\n"}
{"level":"info","message":"::1 - - [17/May/2022:07:28:04 +0000] \"GET /users/logout HTTP/1.1\" 302 68 \"http://localhost:3000/dashboard\" \"Mozilla/5.0 (X11; Linux x86_64) AppleWebKit/537.36 (KHTML, like Gecko) Chrome/101.0.4951.64 Safari/537.36\"\n"}
{"level":"info","message":"::1 - - [17/May/2022:07:28:04 +0000] \"GET /users/login HTTP/1.1\" 200 2078 \"http://localhost:3000/dashboard\" \"Mozilla/5.0 (X11; Linux x86_64) AppleWebKit/537.36 (KHTML, like Gecko) Chrome/101.0.4951.64 Safari/537.36\"\n"}
{"level":"info","message":"::1 - - [17/May/2022:07:28:04 +0000] \"GET /css/styles.css HTTP/1.1\" 304 - \"http://localhost:3000/users/login\" \"Mozilla/5.0 (X11; Linux x86_64) AppleWebKit/537.36 (KHTML, like Gecko) Chrome/101.0.4951.64 Safari/537.36\"\n"}
{"level":"info","message":"::1 - - [17/May/2022:07:28:04 +0000] \"GET /css/bootstrap-rtl.css HTTP/1.1\" 304 - \"http://localhost:3000/users/login\" \"Mozilla/5.0 (X11; Linux x86_64) AppleWebKit/537.36 (KHTML, like Gecko) Chrome/101.0.4951.64 Safari/537.36\"\n"}
{"level":"info","message":"::1 - - [17/May/2022:07:28:04 +0000] \"GET /css/font-awesome.css HTTP/1.1\" 304 - \"http://localhost:3000/users/login\" \"Mozilla/5.0 (X11; Linux x86_64) AppleWebKit/537.36 (KHTML, like Gecko) Chrome/101.0.4951.64 Safari/537.36\"\n"}
{"level":"info","message":"::1 - - [17/May/2022:07:28:04 +0000] \"GET /css/signin.css HTTP/1.1\" 304 - \"http://localhost:3000/users/login\" \"Mozilla/5.0 (X11; Linux x86_64) AppleWebKit/537.36 (KHTML, like Gecko) Chrome/101.0.4951.64 Safari/537.36\"\n"}
{"level":"info","message":"::1 - - [17/May/2022:07:28:04 +0000] \"GET /js/jquery.slim.min.js HTTP/1.1\" 304 - \"http://localhost:3000/users/login\" \"Mozilla/5.0 (X11; Linux x86_64) AppleWebKit/537.36 (KHTML, like Gecko) Chrome/101.0.4951.64 Safari/537.36\"\n"}
{"level":"info","message":"::1 - - [17/May/2022:07:28:04 +0000] \"GET /js/bootstrap.min.js HTTP/1.1\" 304 - \"http://localhost:3000/users/login\" \"Mozilla/5.0 (X11; Linux x86_64) AppleWebKit/537.36 (KHTML, like Gecko) Chrome/101.0.4951.64 Safari/537.36\"\n"}
{"level":"info","message":"::1 - - [17/May/2022:07:28:10 +0000] \"POST /users/login HTTP/1.1\" 302 64 \"http://localhost:3000/users/login\" \"Mozilla/5.0 (X11; Linux x86_64) AppleWebKit/537.36 (KHTML, like Gecko) Chrome/101.0.4951.64 Safari/537.36\"\n"}
{"level":"info","message":"::1 - - [17/May/2022:07:28:10 +0000] \"GET /dashboard HTTP/1.1\" 304 - \"http://localhost:3000/users/login\" \"Mozilla/5.0 (X11; Linux x86_64) AppleWebKit/537.36 (KHTML, like Gecko) Chrome/101.0.4951.64 Safari/537.36\"\n"}
{"level":"info","message":"::1 - - [17/May/2022:07:28:10 +0000] \"GET /css/bootstrap-rtl.css HTTP/1.1\" 304 - \"http://localhost:3000/dashboard\" \"Mozilla/5.0 (X11; Linux x86_64) AppleWebKit/537.36 (KHTML, like Gecko) Chrome/101.0.4951.64 Safari/537.36\"\n"}
{"level":"info","message":"::1 - - [17/May/2022:07:28:10 +0000] \"GET /js/jquery.slim.min.js HTTP/1.1\" 304 - \"http://localhost:3000/dashboard\" \"Mozilla/5.0 (X11; Linux x86_64) AppleWebKit/537.36 (KHTML, like Gecko) Chrome/101.0.4951.64 Safari/537.36\"\n"}
{"level":"info","message":"::1 - - [17/May/2022:07:28:10 +0000] \"GET /css/font-awesome.css HTTP/1.1\" 304 - \"http://localhost:3000/dashboard\" \"Mozilla/5.0 (X11; Linux x86_64) AppleWebKit/537.36 (KHTML, like Gecko) Chrome/101.0.4951.64 Safari/537.36\"\n"}
{"level":"info","message":"::1 - - [17/May/2022:07:28:10 +0000] \"GET /css/dashboard.css HTTP/1.1\" 304 - \"http://localhost:3000/dashboard\" \"Mozilla/5.0 (X11; Linux x86_64) AppleWebKit/537.36 (KHTML, like Gecko) Chrome/101.0.4951.64 Safari/537.36\"\n"}
{"level":"info","message":"::1 - - [17/May/2022:07:28:10 +0000] \"GET /css/styles.css HTTP/1.1\" 304 - \"http://localhost:3000/dashboard\" \"Mozilla/5.0 (X11; Linux x86_64) AppleWebKit/537.36 (KHTML, like Gecko) Chrome/101.0.4951.64 Safari/537.36\"\n"}
{"level":"info","message":"::1 - - [17/May/2022:07:28:10 +0000] \"GET /js/bootstrap.bundle.min.js HTTP/1.1\" 304 - \"http://localhost:3000/dashboard\" \"Mozilla/5.0 (X11; Linux x86_64) AppleWebKit/537.36 (KHTML, like Gecko) Chrome/101.0.4951.64 Safari/537.36\"\n"}
{"level":"info","message":"::1 - - [17/May/2022:07:28:21 +0000] \"GET /users/logout HTTP/1.1\" 302 68 \"http://localhost:3000/dashboard\" \"Mozilla/5.0 (X11; Linux x86_64) AppleWebKit/537.36 (KHTML, like Gecko) Chrome/101.0.4951.64 Safari/537.36\"\n"}
{"level":"info","message":"::1 - - [17/May/2022:07:28:21 +0000] \"GET /users/login HTTP/1.1\" 200 2078 \"http://localhost:3000/dashboard\" \"Mozilla/5.0 (X11; Linux x86_64) AppleWebKit/537.36 (KHTML, like Gecko) Chrome/101.0.4951.64 Safari/537.36\"\n"}
{"level":"info","message":"::1 - - [17/May/2022:07:28:21 +0000] \"GET /css/styles.css HTTP/1.1\" 304 - \"http://localhost:3000/users/login\" \"Mozilla/5.0 (X11; Linux x86_64) AppleWebKit/537.36 (KHTML, like Gecko) Chrome/101.0.4951.64 Safari/537.36\"\n"}
{"level":"info","message":"::1 - - [17/May/2022:07:28:21 +0000] \"GET /css/bootstrap-rtl.css HTTP/1.1\" 304 - \"http://localhost:3000/users/login\" \"Mozilla/5.0 (X11; Linux x86_64) AppleWebKit/537.36 (KHTML, like Gecko) Chrome/101.0.4951.64 Safari/537.36\"\n"}
{"level":"info","message":"::1 - - [17/May/2022:07:28:21 +0000] \"GET /css/font-awesome.css HTTP/1.1\" 304 - \"http://localhost:3000/users/login\" \"Mozilla/5.0 (X11; Linux x86_64) AppleWebKit/537.36 (KHTML, like Gecko) Chrome/101.0.4951.64 Safari/537.36\"\n"}
{"level":"info","message":"::1 - - [17/May/2022:07:28:21 +0000] \"GET /css/signin.css HTTP/1.1\" 304 - \"http://localhost:3000/users/login\" \"Mozilla/5.0 (X11; Linux x86_64) AppleWebKit/537.36 (KHTML, like Gecko) Chrome/101.0.4951.64 Safari/537.36\"\n"}
{"level":"info","message":"::1 - - [17/May/2022:07:28:21 +0000] \"GET /js/jquery.slim.min.js HTTP/1.1\" 304 - \"http://localhost:3000/users/login\" \"Mozilla/5.0 (X11; Linux x86_64) AppleWebKit/537.36 (KHTML, like Gecko) Chrome/101.0.4951.64 Safari/537.36\"\n"}
{"level":"info","message":"::1 - - [17/May/2022:07:28:21 +0000] \"GET /js/bootstrap.min.js HTTP/1.1\" 304 - \"http://localhost:3000/users/login\" \"Mozilla/5.0 (X11; Linux x86_64) AppleWebKit/537.36 (KHTML, like Gecko) Chrome/101.0.4951.64 Safari/537.36\"\n"}
{"level":"info","message":"::1 - - [17/May/2022:07:28:24 +0000] \"GET /users/forget-password HTTP/1.1\" 200 1449 \"http://localhost:3000/users/login\" \"Mozilla/5.0 (X11; Linux x86_64) AppleWebKit/537.36 (KHTML, like Gecko) Chrome/101.0.4951.64 Safari/537.36\"\n"}
{"level":"info","message":"::1 - - [17/May/2022:07:28:24 +0000] \"GET /css/styles.css HTTP/1.1\" 304 - \"http://localhost:3000/users/forget-password\" \"Mozilla/5.0 (X11; Linux x86_64) AppleWebKit/537.36 (KHTML, like Gecko) Chrome/101.0.4951.64 Safari/537.36\"\n"}
{"level":"info","message":"::1 - - [17/May/2022:07:28:24 +0000] \"GET /css/bootstrap-rtl.css HTTP/1.1\" 304 - \"http://localhost:3000/users/forget-password\" \"Mozilla/5.0 (X11; Linux x86_64) AppleWebKit/537.36 (KHTML, like Gecko) Chrome/101.0.4951.64 Safari/537.36\"\n"}
{"level":"info","message":"::1 - - [17/May/2022:07:28:24 +0000] \"GET /css/font-awesome.css HTTP/1.1\" 304 - \"http://localhost:3000/users/forget-password\" \"Mozilla/5.0 (X11; Linux x86_64) AppleWebKit/537.36 (KHTML, like Gecko) Chrome/101.0.4951.64 Safari/537.36\"\n"}
{"level":"info","message":"::1 - - [17/May/2022:07:28:24 +0000] \"GET /css/signin.css HTTP/1.1\" 304 - \"http://localhost:3000/users/forget-password\" \"Mozilla/5.0 (X11; Linux x86_64) AppleWebKit/537.36 (KHTML, like Gecko) Chrome/101.0.4951.64 Safari/537.36\"\n"}
{"level":"info","message":"::1 - - [17/May/2022:07:28:24 +0000] \"GET /js/jquery.slim.min.js HTTP/1.1\" 304 - \"http://localhost:3000/users/forget-password\" \"Mozilla/5.0 (X11; Linux x86_64) AppleWebKit/537.36 (KHTML, like Gecko) Chrome/101.0.4951.64 Safari/537.36\"\n"}
{"level":"info","message":"::1 - - [17/May/2022:07:28:24 +0000] \"GET /js/bootstrap.min.js HTTP/1.1\" 304 - \"http://localhost:3000/users/forget-password\" \"Mozilla/5.0 (X11; Linux x86_64) AppleWebKit/537.36 (KHTML, like Gecko) Chrome/101.0.4951.64 Safari/537.36\"\n"}
{"level":"info","message":"::1 - - [17/May/2022:07:28:28 +0000] \"POST /users/forget-password HTTP/1.1\" 200 1767 \"http://localhost:3000/users/forget-password\" \"Mozilla/5.0 (X11; Linux x86_64) AppleWebKit/537.36 (KHTML, like Gecko) Chrome/101.0.4951.64 Safari/537.36\"\n"}
{"level":"info","message":"::1 - - [17/May/2022:07:28:28 +0000] \"GET /css/styles.css HTTP/1.1\" 304 - \"http://localhost:3000/users/forget-password\" \"Mozilla/5.0 (X11; Linux x86_64) AppleWebKit/537.36 (KHTML, like Gecko) Chrome/101.0.4951.64 Safari/537.36\"\n"}
{"level":"info","message":"::1 - - [17/May/2022:07:28:28 +0000] \"GET /css/bootstrap-rtl.css HTTP/1.1\" 304 - \"http://localhost:3000/users/forget-password\" \"Mozilla/5.0 (X11; Linux x86_64) AppleWebKit/537.36 (KHTML, like Gecko) Chrome/101.0.4951.64 Safari/537.36\"\n"}
{"level":"info","message":"::1 - - [17/May/2022:07:28:28 +0000] \"GET /css/font-awesome.css HTTP/1.1\" 304 - \"http://localhost:3000/users/forget-password\" \"Mozilla/5.0 (X11; Linux x86_64) AppleWebKit/537.36 (KHTML, like Gecko) Chrome/101.0.4951.64 Safari/537.36\"\n"}
{"level":"info","message":"::1 - - [17/May/2022:07:28:28 +0000] \"GET /css/signin.css HTTP/1.1\" 304 - \"http://localhost:3000/users/forget-password\" \"Mozilla/5.0 (X11; Linux x86_64) AppleWebKit/537.36 (KHTML, like Gecko) Chrome/101.0.4951.64 Safari/537.36\"\n"}
{"level":"info","message":"::1 - - [17/May/2022:07:28:28 +0000] \"GET /js/jquery.slim.min.js HTTP/1.1\" 304 - \"http://localhost:3000/users/forget-password\" \"Mozilla/5.0 (X11; Linux x86_64) AppleWebKit/537.36 (KHTML, like Gecko) Chrome/101.0.4951.64 Safari/537.36\"\n"}
{"level":"info","message":"::1 - - [17/May/2022:07:28:28 +0000] \"GET /js/bootstrap.min.js HTTP/1.1\" 304 - \"http://localhost:3000/users/forget-password\" \"Mozilla/5.0 (X11; Linux x86_64) AppleWebKit/537.36 (KHTML, like Gecko) Chrome/101.0.4951.64 Safari/537.36\"\n"}
{"level":"info","message":"::1 - - [17/May/2022:07:28:43 +0000] \"GET /users/reset-password/eyJhbGciOiJIUzI1NiIsInR5cCI6IkpXVCJ9.eyJ1c2VySWQiOiI2MjgxMmM5MmEzNGQ2ZDI1YjZlODQ3NzgiLCJpYXQiOjE2NTI3NzI1MDgsImV4cCI6MTY1Mjc3NjEwOH0.tnfRFwEhBouJheHs_EQug7fs8VVb-83HD7LcovxrMF4 HTTP/1.1\" 200 1757 \"-\" \"Mozilla/5.0 (X11; Linux x86_64) AppleWebKit/537.36 (KHTML, like Gecko) Chrome/101.0.4951.64 Safari/537.36\"\n"}
{"level":"info","message":"::1 - - [17/May/2022:07:28:43 +0000] \"GET /css/styles.css HTTP/1.1\" 304 - \"http://localhost:3000/users/reset-password/eyJhbGciOiJIUzI1NiIsInR5cCI6IkpXVCJ9.eyJ1c2VySWQiOiI2MjgxMmM5MmEzNGQ2ZDI1YjZlODQ3NzgiLCJpYXQiOjE2NTI3NzI1MDgsImV4cCI6MTY1Mjc3NjEwOH0.tnfRFwEhBouJheHs_EQug7fs8VVb-83HD7LcovxrMF4\" \"Mozilla/5.0 (X11; Linux x86_64) AppleWebKit/537.36 (KHTML, like Gecko) Chrome/101.0.4951.64 Safari/537.36\"\n"}
{"level":"info","message":"::1 - - [17/May/2022:07:28:43 +0000] \"GET /css/bootstrap-rtl.css HTTP/1.1\" 304 - \"http://localhost:3000/users/reset-password/eyJhbGciOiJIUzI1NiIsInR5cCI6IkpXVCJ9.eyJ1c2VySWQiOiI2MjgxMmM5MmEzNGQ2ZDI1YjZlODQ3NzgiLCJpYXQiOjE2NTI3NzI1MDgsImV4cCI6MTY1Mjc3NjEwOH0.tnfRFwEhBouJheHs_EQug7fs8VVb-83HD7LcovxrMF4\" \"Mozilla/5.0 (X11; Linux x86_64) AppleWebKit/537.36 (KHTML, like Gecko) Chrome/101.0.4951.64 Safari/537.36\"\n"}
{"level":"info","message":"::1 - - [17/May/2022:07:28:43 +0000] \"GET /css/font-awesome.css HTTP/1.1\" 304 - \"http://localhost:3000/users/reset-password/eyJhbGciOiJIUzI1NiIsInR5cCI6IkpXVCJ9.eyJ1c2VySWQiOiI2MjgxMmM5MmEzNGQ2ZDI1YjZlODQ3NzgiLCJpYXQiOjE2NTI3NzI1MDgsImV4cCI6MTY1Mjc3NjEwOH0.tnfRFwEhBouJheHs_EQug7fs8VVb-83HD7LcovxrMF4\" \"Mozilla/5.0 (X11; Linux x86_64) AppleWebKit/537.36 (KHTML, like Gecko) Chrome/101.0.4951.64 Safari/537.36\"\n"}
{"level":"info","message":"::1 - - [17/May/2022:07:28:43 +0000] \"GET /css/signin.css HTTP/1.1\" 304 - \"http://localhost:3000/users/reset-password/eyJhbGciOiJIUzI1NiIsInR5cCI6IkpXVCJ9.eyJ1c2VySWQiOiI2MjgxMmM5MmEzNGQ2ZDI1YjZlODQ3NzgiLCJpYXQiOjE2NTI3NzI1MDgsImV4cCI6MTY1Mjc3NjEwOH0.tnfRFwEhBouJheHs_EQug7fs8VVb-83HD7LcovxrMF4\" \"Mozilla/5.0 (X11; Linux x86_64) AppleWebKit/537.36 (KHTML, like Gecko) Chrome/101.0.4951.64 Safari/537.36\"\n"}
{"level":"info","message":"::1 - - [17/May/2022:07:28:43 +0000] \"GET /js/jquery.slim.min.js HTTP/1.1\" 304 - \"http://localhost:3000/users/reset-password/eyJhbGciOiJIUzI1NiIsInR5cCI6IkpXVCJ9.eyJ1c2VySWQiOiI2MjgxMmM5MmEzNGQ2ZDI1YjZlODQ3NzgiLCJpYXQiOjE2NTI3NzI1MDgsImV4cCI6MTY1Mjc3NjEwOH0.tnfRFwEhBouJheHs_EQug7fs8VVb-83HD7LcovxrMF4\" \"Mozilla/5.0 (X11; Linux x86_64) AppleWebKit/537.36 (KHTML, like Gecko) Chrome/101.0.4951.64 Safari/537.36\"\n"}
{"level":"info","message":"::1 - - [17/May/2022:07:28:43 +0000] \"GET /js/bootstrap.min.js HTTP/1.1\" 304 - \"http://localhost:3000/users/reset-password/eyJhbGciOiJIUzI1NiIsInR5cCI6IkpXVCJ9.eyJ1c2VySWQiOiI2MjgxMmM5MmEzNGQ2ZDI1YjZlODQ3NzgiLCJpYXQiOjE2NTI3NzI1MDgsImV4cCI6MTY1Mjc3NjEwOH0.tnfRFwEhBouJheHs_EQug7fs8VVb-83HD7LcovxrMF4\" \"Mozilla/5.0 (X11; Linux x86_64) AppleWebKit/537.36 (KHTML, like Gecko) Chrome/101.0.4951.64 Safari/537.36\"\n"}
{"level":"info","message":"::1 - - [17/May/2022:07:28:44 +0000] \"GET /fonts/BYekan-webfont.woff HTTP/1.1\" 304 - \"http://localhost:3000/css/styles.css\" \"Mozilla/5.0 (X11; Linux x86_64) AppleWebKit/537.36 (KHTML, like Gecko) Chrome/101.0.4951.64 Safari/537.36\"\n"}
{"level":"info","message":"::1 - - [17/May/2022:07:28:52 +0000] \"POST /users/reset-password/62812c92a34d6d25b6e84778 HTTP/1.1\" 302 68 \"http://localhost:3000/users/reset-password/eyJhbGciOiJIUzI1NiIsInR5cCI6IkpXVCJ9.eyJ1c2VySWQiOiI2MjgxMmM5MmEzNGQ2ZDI1YjZlODQ3NzgiLCJpYXQiOjE2NTI3NzI1MDgsImV4cCI6MTY1Mjc3NjEwOH0.tnfRFwEhBouJheHs_EQug7fs8VVb-83HD7LcovxrMF4\" \"Mozilla/5.0 (X11; Linux x86_64) AppleWebKit/537.36 (KHTML, like Gecko) Chrome/101.0.4951.64 Safari/537.36\"\n"}
{"level":"info","message":"::1 - - [17/May/2022:07:28:52 +0000] \"GET /users/login HTTP/1.1\" 200 2393 \"http://localhost:3000/users/reset-password/eyJhbGciOiJIUzI1NiIsInR5cCI6IkpXVCJ9.eyJ1c2VySWQiOiI2MjgxMmM5MmEzNGQ2ZDI1YjZlODQ3NzgiLCJpYXQiOjE2NTI3NzI1MDgsImV4cCI6MTY1Mjc3NjEwOH0.tnfRFwEhBouJheHs_EQug7fs8VVb-83HD7LcovxrMF4\" \"Mozilla/5.0 (X11; Linux x86_64) AppleWebKit/537.36 (KHTML, like Gecko) Chrome/101.0.4951.64 Safari/537.36\"\n"}
{"level":"info","message":"::1 - - [17/May/2022:07:28:52 +0000] \"GET /css/styles.css HTTP/1.1\" 304 - \"http://localhost:3000/users/login\" \"Mozilla/5.0 (X11; Linux x86_64) AppleWebKit/537.36 (KHTML, like Gecko) Chrome/101.0.4951.64 Safari/537.36\"\n"}
{"level":"info","message":"::1 - - [17/May/2022:07:28:52 +0000] \"GET /css/font-awesome.css HTTP/1.1\" 304 - \"http://localhost:3000/users/login\" \"Mozilla/5.0 (X11; Linux x86_64) AppleWebKit/537.36 (KHTML, like Gecko) Chrome/101.0.4951.64 Safari/537.36\"\n"}
{"level":"info","message":"::1 - - [17/May/2022:07:28:52 +0000] \"GET /css/bootstrap-rtl.css HTTP/1.1\" 304 - \"http://localhost:3000/users/login\" \"Mozilla/5.0 (X11; Linux x86_64) AppleWebKit/537.36 (KHTML, like Gecko) Chrome/101.0.4951.64 Safari/537.36\"\n"}
{"level":"info","message":"::1 - - [17/May/2022:07:28:52 +0000] \"GET /css/signin.css HTTP/1.1\" 304 - \"http://localhost:3000/users/login\" \"Mozilla/5.0 (X11; Linux x86_64) AppleWebKit/537.36 (KHTML, like Gecko) Chrome/101.0.4951.64 Safari/537.36\"\n"}
{"level":"info","message":"::1 - - [17/May/2022:07:28:52 +0000] \"GET /js/jquery.slim.min.js HTTP/1.1\" 304 - \"http://localhost:3000/users/login\" \"Mozilla/5.0 (X11; Linux x86_64) AppleWebKit/537.36 (KHTML, like Gecko) Chrome/101.0.4951.64 Safari/537.36\"\n"}
{"level":"info","message":"::1 - - [17/May/2022:07:28:52 +0000] \"GET /js/bootstrap.min.js HTTP/1.1\" 304 - \"http://localhost:3000/users/login\" \"Mozilla/5.0 (X11; Linux x86_64) AppleWebKit/537.36 (KHTML, like Gecko) Chrome/101.0.4951.64 Safari/537.36\"\n"}
{"level":"info","message":"::1 - - [17/May/2022:07:29:04 +0000] \"POST /users/login HTTP/1.1\" 302 64 \"http://localhost:3000/users/login\" \"Mozilla/5.0 (X11; Linux x86_64) AppleWebKit/537.36 (KHTML, like Gecko) Chrome/101.0.4951.64 Safari/537.36\"\n"}
{"level":"info","message":"::1 - - [17/May/2022:07:29:04 +0000] \"GET /dashboard HTTP/1.1\" 304 - \"http://localhost:3000/users/login\" \"Mozilla/5.0 (X11; Linux x86_64) AppleWebKit/537.36 (KHTML, like Gecko) Chrome/101.0.4951.64 Safari/537.36\"\n"}
{"level":"info","message":"::1 - - [17/May/2022:07:29:04 +0000] \"GET /css/bootstrap-rtl.css HTTP/1.1\" 304 - \"http://localhost:3000/dashboard\" \"Mozilla/5.0 (X11; Linux x86_64) AppleWebKit/537.36 (KHTML, like Gecko) Chrome/101.0.4951.64 Safari/537.36\"\n"}
{"level":"info","message":"::1 - - [17/May/2022:07:29:04 +0000] \"GET /css/font-awesome.css HTTP/1.1\" 304 - \"http://localhost:3000/dashboard\" \"Mozilla/5.0 (X11; Linux x86_64) AppleWebKit/537.36 (KHTML, like Gecko) Chrome/101.0.4951.64 Safari/537.36\"\n"}
{"level":"info","message":"::1 - - [17/May/2022:07:29:04 +0000] \"GET /css/dashboard.css HTTP/1.1\" 304 - \"http://localhost:3000/dashboard\" \"Mozilla/5.0 (X11; Linux x86_64) AppleWebKit/537.36 (KHTML, like Gecko) Chrome/101.0.4951.64 Safari/537.36\"\n"}
{"level":"info","message":"::1 - - [17/May/2022:07:29:04 +0000] \"GET /css/styles.css HTTP/1.1\" 304 - \"http://localhost:3000/dashboard\" \"Mozilla/5.0 (X11; Linux x86_64) AppleWebKit/537.36 (KHTML, like Gecko) Chrome/101.0.4951.64 Safari/537.36\"\n"}
{"level":"info","message":"::1 - - [17/May/2022:07:29:04 +0000] \"GET /js/jquery.slim.min.js HTTP/1.1\" 304 - \"http://localhost:3000/dashboard\" \"Mozilla/5.0 (X11; Linux x86_64) AppleWebKit/537.36 (KHTML, like Gecko) Chrome/101.0.4951.64 Safari/537.36\"\n"}
{"level":"info","message":"::1 - - [17/May/2022:07:29:04 +0000] \"GET /js/bootstrap.bundle.min.js HTTP/1.1\" 304 - \"http://localhost:3000/dashboard\" \"Mozilla/5.0 (X11; Linux x86_64) AppleWebKit/537.36 (KHTML, like Gecko) Chrome/101.0.4951.64 Safari/537.36\"\n"}
{"level":"info","message":"::1 - - [17/May/2022:07:29:04 +0000] \"GET /fonts/fontawesome-webfont.woff2?v=4.7.0 HTTP/1.1\" 304 - \"http://localhost:3000/css/font-awesome.css\" \"Mozilla/5.0 (X11; Linux x86_64) AppleWebKit/537.36 (KHTML, like Gecko) Chrome/101.0.4951.64 Safari/537.36\"\n"}
{"level":"info","message":"::1 - - [17/May/2022:07:31:44 +0000] \"GET /dashboard HTTP/1.1\" 304 - \"http://localhost:3000/dashboard\" \"Mozilla/5.0 (X11; Linux x86_64) AppleWebKit/537.36 (KHTML, like Gecko) Chrome/101.0.4951.64 Safari/537.36\"\n"}
{"level":"info","message":"::1 - - [17/May/2022:07:31:44 +0000] \"GET /css/bootstrap-rtl.css HTTP/1.1\" 304 - \"http://localhost:3000/dashboard\" \"Mozilla/5.0 (X11; Linux x86_64) AppleWebKit/537.36 (KHTML, like Gecko) Chrome/101.0.4951.64 Safari/537.36\"\n"}
{"level":"info","message":"::1 - - [17/May/2022:07:31:44 +0000] \"GET /css/font-awesome.css HTTP/1.1\" 304 - \"http://localhost:3000/dashboard\" \"Mozilla/5.0 (X11; Linux x86_64) AppleWebKit/537.36 (KHTML, like Gecko) Chrome/101.0.4951.64 Safari/537.36\"\n"}
{"level":"info","message":"::1 - - [17/May/2022:07:31:44 +0000] \"GET /css/dashboard.css HTTP/1.1\" 304 - \"http://localhost:3000/dashboard\" \"Mozilla/5.0 (X11; Linux x86_64) AppleWebKit/537.36 (KHTML, like Gecko) Chrome/101.0.4951.64 Safari/537.36\"\n"}
{"level":"info","message":"::1 - - [17/May/2022:07:31:44 +0000] \"GET /css/styles.css HTTP/1.1\" 304 - \"http://localhost:3000/dashboard\" \"Mozilla/5.0 (X11; Linux x86_64) AppleWebKit/537.36 (KHTML, like Gecko) Chrome/101.0.4951.64 Safari/537.36\"\n"}
{"level":"info","message":"::1 - - [17/May/2022:07:31:44 +0000] \"GET /js/jquery.slim.min.js HTTP/1.1\" 304 - \"http://localhost:3000/dashboard\" \"Mozilla/5.0 (X11; Linux x86_64) AppleWebKit/537.36 (KHTML, like Gecko) Chrome/101.0.4951.64 Safari/537.36\"\n"}
{"level":"info","message":"::1 - - [17/May/2022:07:31:44 +0000] \"GET /js/bootstrap.bundle.min.js HTTP/1.1\" 304 - \"http://localhost:3000/dashboard\" \"Mozilla/5.0 (X11; Linux x86_64) AppleWebKit/537.36 (KHTML, like Gecko) Chrome/101.0.4951.64 Safari/537.36\"\n"}
{"level":"info","message":"::1 - - [17/May/2022:08:01:41 +0000] \"GET / HTTP/1.1\" 304 - \"-\" \"Mozilla/5.0 (X11; Linux x86_64) AppleWebKit/537.36 (KHTML, like Gecko) Chrome/101.0.4951.64 Safari/537.36\"\n"}
{"level":"info","message":"::1 - - [17/May/2022:08:01:41 +0000] \"GET /css/styles.css HTTP/1.1\" 304 - \"http://localhost:3000/\" \"Mozilla/5.0 (X11; Linux x86_64) AppleWebKit/537.36 (KHTML, like Gecko) Chrome/101.0.4951.64 Safari/537.36\"\n"}
{"level":"info","message":"::1 - - [17/May/2022:08:01:41 +0000] \"GET /css/bootstrap-rtl.css HTTP/1.1\" 304 - \"http://localhost:3000/\" \"Mozilla/5.0 (X11; Linux x86_64) AppleWebKit/537.36 (KHTML, like Gecko) Chrome/101.0.4951.64 Safari/537.36\"\n"}
{"level":"info","message":"::1 - - [17/May/2022:08:01:41 +0000] \"GET /js/jquery.slim.min.js HTTP/1.1\" 304 - \"http://localhost:3000/\" \"Mozilla/5.0 (X11; Linux x86_64) AppleWebKit/537.36 (KHTML, like Gecko) Chrome/101.0.4951.64 Safari/537.36\"\n"}
{"level":"info","message":"::1 - - [17/May/2022:08:01:41 +0000] \"GET /css/font-awesome.css HTTP/1.1\" 304 - \"http://localhost:3000/\" \"Mozilla/5.0 (X11; Linux x86_64) AppleWebKit/537.36 (KHTML, like Gecko) Chrome/101.0.4951.64 Safari/537.36\"\n"}
{"level":"info","message":"::1 - - [17/May/2022:08:01:41 +0000] \"GET /js/bootstrap.min.js HTTP/1.1\" 304 - \"http://localhost:3000/\" \"Mozilla/5.0 (X11; Linux x86_64) AppleWebKit/537.36 (KHTML, like Gecko) Chrome/101.0.4951.64 Safari/537.36\"\n"}
{"level":"info","message":"::1 - - [17/May/2022:08:01:41 +0000] \"GET /uploads/thumbnails/Pk1u6hini_index.jpeg HTTP/1.1\" 304 - \"http://localhost:3000/\" \"Mozilla/5.0 (X11; Linux x86_64) AppleWebKit/537.36 (KHTML, like Gecko) Chrome/101.0.4951.64 Safari/537.36\"\n"}
{"level":"info","message":"::1 - - [17/May/2022:08:01:41 +0000] \"GET /uploads/thumbnails/HWyrcXSaK_how-easy-is-it-to-learn-german.png HTTP/1.1\" 304 - \"http://localhost:3000/\" \"Mozilla/5.0 (X11; Linux x86_64) AppleWebKit/537.36 (KHTML, like Gecko) Chrome/101.0.4951.64 Safari/537.36\"\n"}
{"level":"info","message":"::1 - - [17/May/2022:08:01:41 +0000] \"GET /uploads/thumbnails/ HTTP/1.1\" 304 - \"http://localhost:3000/\" \"Mozilla/5.0 (X11; Linux x86_64) AppleWebKit/537.36 (KHTML, like Gecko) Chrome/101.0.4951.64 Safari/537.36\"\n"}
{"level":"info","message":"::1 - - [17/May/2022:08:01:41 +0000] \"GET /uploads/thumbnails/ncep0ZsQs_german.jpeg HTTP/1.1\" 304 - \"http://localhost:3000/\" \"Mozilla/5.0 (X11; Linux x86_64) AppleWebKit/537.36 (KHTML, like Gecko) Chrome/101.0.4951.64 Safari/537.36\"\n"}
{"level":"info","message":"::1 - - [17/May/2022:08:01:41 +0000] \"GET /uploads/YGBzTYXGO_german.jpeg HTTP/1.1\" 304 - \"http://localhost:3000/\" \"Mozilla/5.0 (X11; Linux x86_64) AppleWebKit/537.36 (KHTML, like Gecko) Chrome/101.0.4951.64 Safari/537.36\"\n"}
{"level":"info","message":"::1 - - [17/May/2022:08:01:41 +0000] \"GET /fonts/BYekan-webfont.woff HTTP/1.1\" 304 - \"http://localhost:3000/css/styles.css\" \"Mozilla/5.0 (X11; Linux x86_64) AppleWebKit/537.36 (KHTML, like Gecko) Chrome/101.0.4951.64 Safari/537.36\"\n"}
{"level":"info","message":"::1 - - [17/May/2022:08:02:50 +0000] \"GET / HTTP/1.1\" 200 6125 \"-\" \"Mozilla/5.0 (X11; Linux x86_64) AppleWebKit/537.36 (KHTML, like Gecko) Chrome/101.0.4951.64 Safari/537.36\"\n"}
{"level":"info","message":"::1 - - [17/May/2022:08:02:50 +0000] \"GET /css/styles.css HTTP/1.1\" 304 - \"http://localhost:3000/\" \"Mozilla/5.0 (X11; Linux x86_64) AppleWebKit/537.36 (KHTML, like Gecko) Chrome/101.0.4951.64 Safari/537.36\"\n"}
{"level":"info","message":"::1 - - [17/May/2022:08:02:50 +0000] \"GET /css/bootstrap-rtl.css HTTP/1.1\" 304 - \"http://localhost:3000/\" \"Mozilla/5.0 (X11; Linux x86_64) AppleWebKit/537.36 (KHTML, like Gecko) Chrome/101.0.4951.64 Safari/537.36\"\n"}
{"level":"info","message":"::1 - - [17/May/2022:08:02:50 +0000] \"GET /css/font-awesome.css HTTP/1.1\" 304 - \"http://localhost:3000/\" \"Mozilla/5.0 (X11; Linux x86_64) AppleWebKit/537.36 (KHTML, like Gecko) Chrome/101.0.4951.64 Safari/537.36\"\n"}
{"level":"info","message":"::1 - - [17/May/2022:08:02:50 +0000] \"GET /js/jquery.slim.min.js HTTP/1.1\" 304 - \"http://localhost:3000/\" \"Mozilla/5.0 (X11; Linux x86_64) AppleWebKit/537.36 (KHTML, like Gecko) Chrome/101.0.4951.64 Safari/537.36\"\n"}
{"level":"info","message":"::1 - - [17/May/2022:08:02:50 +0000] \"GET /js/bootstrap.min.js HTTP/1.1\" 304 - \"http://localhost:3000/\" \"Mozilla/5.0 (X11; Linux x86_64) AppleWebKit/537.36 (KHTML, like Gecko) Chrome/101.0.4951.64 Safari/537.36\"\n"}
{"level":"info","message":"::1 - - [17/May/2022:08:02:50 +0000] \"GET /uploads/thumbnails/Pk1u6hini_index.jpeg HTTP/1.1\" 304 - \"http://localhost:3000/\" \"Mozilla/5.0 (X11; Linux x86_64) AppleWebKit/537.36 (KHTML, like Gecko) Chrome/101.0.4951.64 Safari/537.36\"\n"}
{"level":"info","message":"::1 - - [17/May/2022:08:02:50 +0000] \"GET /uploads/thumbnails/ HTTP/1.1\" 304 - \"http://localhost:3000/\" \"Mozilla/5.0 (X11; Linux x86_64) AppleWebKit/537.36 (KHTML, like Gecko) Chrome/101.0.4951.64 Safari/537.36\"\n"}
{"level":"info","message":"::1 - - [17/May/2022:08:02:50 +0000] \"GET /uploads/thumbnails/HWyrcXSaK_how-easy-is-it-to-learn-german.png HTTP/1.1\" 304 - \"http://localhost:3000/\" \"Mozilla/5.0 (X11; Linux x86_64) AppleWebKit/537.36 (KHTML, like Gecko) Chrome/101.0.4951.64 Safari/537.36\"\n"}
{"level":"info","message":"::1 - - [17/May/2022:08:02:50 +0000] \"GET /uploads/thumbnails/ncep0ZsQs_german.jpeg HTTP/1.1\" 304 - \"http://localhost:3000/\" \"Mozilla/5.0 (X11; Linux x86_64) AppleWebKit/537.36 (KHTML, like Gecko) Chrome/101.0.4951.64 Safari/537.36\"\n"}
{"level":"info","message":"::1 - - [17/May/2022:08:02:50 +0000] \"GET /uploads/YGBzTYXGO_german.jpeg HTTP/1.1\" 304 - \"http://localhost:3000/\" \"Mozilla/5.0 (X11; Linux x86_64) AppleWebKit/537.36 (KHTML, like Gecko) Chrome/101.0.4951.64 Safari/537.36\"\n"}
{"level":"info","message":"::1 - - [17/May/2022:08:02:50 +0000] \"GET /fonts/BYekan-webfont.woff HTTP/1.1\" 304 - \"http://localhost:3000/css/styles.css\" \"Mozilla/5.0 (X11; Linux x86_64) AppleWebKit/537.36 (KHTML, like Gecko) Chrome/101.0.4951.64 Safari/537.36\"\n"}
{"level":"info","message":"::1 - - [17/May/2022:08:02:50 +0000] \"GET /favicon.ico HTTP/1.1\" 304 - \"http://localhost:3000/\" \"Mozilla/5.0 (X11; Linux x86_64) AppleWebKit/537.36 (KHTML, like Gecko) Chrome/101.0.4951.64 Safari/537.36\"\n"}
{"level":"info","message":"::1 - - [17/May/2022:08:02:52 +0000] \"GET /contact-us HTTP/1.1\" 200 659 \"http://localhost:3000/\" \"Mozilla/5.0 (X11; Linux x86_64) AppleWebKit/537.36 (KHTML, like Gecko) Chrome/101.0.4951.64 Safari/537.36\"\n"}
{"level":"info","message":"::1 - - [17/May/2022:08:02:52 +0000] \"GET /css/styles.css HTTP/1.1\" 304 - \"http://localhost:3000/contact-us\" \"Mozilla/5.0 (X11; Linux x86_64) AppleWebKit/537.36 (KHTML, like Gecko) Chrome/101.0.4951.64 Safari/537.36\"\n"}
{"level":"info","message":"::1 - - [17/May/2022:08:02:52 +0000] \"GET /css/font-awesome.css HTTP/1.1\" 304 - \"http://localhost:3000/contact-us\" \"Mozilla/5.0 (X11; Linux x86_64) AppleWebKit/537.36 (KHTML, like Gecko) Chrome/101.0.4951.64 Safari/537.36\"\n"}
{"level":"info","message":"::1 - - [17/May/2022:08:02:52 +0000] \"GET /css/bootstrap-rtl.css HTTP/1.1\" 304 - \"http://localhost:3000/contact-us\" \"Mozilla/5.0 (X11; Linux x86_64) AppleWebKit/537.36 (KHTML, like Gecko) Chrome/101.0.4951.64 Safari/537.36\"\n"}
{"level":"info","message":"::1 - - [17/May/2022:08:02:52 +0000] \"GET /js/jquery.slim.min.js HTTP/1.1\" 304 - \"http://localhost:3000/contact-us\" \"Mozilla/5.0 (X11; Linux x86_64) AppleWebKit/537.36 (KHTML, like Gecko) Chrome/101.0.4951.64 Safari/537.36\"\n"}
{"level":"info","message":"::1 - - [17/May/2022:08:02:52 +0000] \"GET /js/bootstrap.min.js HTTP/1.1\" 304 - \"http://localhost:3000/contact-us\" \"Mozilla/5.0 (X11; Linux x86_64) AppleWebKit/537.36 (KHTML, like Gecko) Chrome/101.0.4951.64 Safari/537.36\"\n"}
{"level":"info","message":"::1 - - [17/May/2022:08:03:34 +0000] \"GET /contact-us HTTP/1.1\" 304 - \"http://localhost:3000/\" \"Mozilla/5.0 (X11; Linux x86_64) AppleWebKit/537.36 (KHTML, like Gecko) Chrome/101.0.4951.64 Safari/537.36\"\n"}
{"level":"info","message":"::1 - - [17/May/2022:08:03:34 +0000] \"GET /css/styles.css HTTP/1.1\" 304 - \"http://localhost:3000/contact-us\" \"Mozilla/5.0 (X11; Linux x86_64) AppleWebKit/537.36 (KHTML, like Gecko) Chrome/101.0.4951.64 Safari/537.36\"\n"}
{"level":"info","message":"::1 - - [17/May/2022:08:03:34 +0000] \"GET /css/bootstrap-rtl.css HTTP/1.1\" 304 - \"http://localhost:3000/contact-us\" \"Mozilla/5.0 (X11; Linux x86_64) AppleWebKit/537.36 (KHTML, like Gecko) Chrome/101.0.4951.64 Safari/537.36\"\n"}
{"level":"info","message":"::1 - - [17/May/2022:08:03:34 +0000] \"GET /css/font-awesome.css HTTP/1.1\" 304 - \"http://localhost:3000/contact-us\" \"Mozilla/5.0 (X11; Linux x86_64) AppleWebKit/537.36 (KHTML, like Gecko) Chrome/101.0.4951.64 Safari/537.36\"\n"}
{"level":"info","message":"::1 - - [17/May/2022:08:03:34 +0000] \"GET /js/jquery.slim.min.js HTTP/1.1\" 304 - \"http://localhost:3000/contact-us\" \"Mozilla/5.0 (X11; Linux x86_64) AppleWebKit/537.36 (KHTML, like Gecko) Chrome/101.0.4951.64 Safari/537.36\"\n"}
{"level":"info","message":"::1 - - [17/May/2022:08:03:34 +0000] \"GET /js/bootstrap.min.js HTTP/1.1\" 304 - \"http://localhost:3000/contact-us\" \"Mozilla/5.0 (X11; Linux x86_64) AppleWebKit/537.36 (KHTML, like Gecko) Chrome/101.0.4951.64 Safari/537.36\"\n"}
{"level":"info","message":"::1 - - [17/May/2022:08:03:34 +0000] \"GET /favicon.ico HTTP/1.1\" 304 - \"http://localhost:3000/contact-us\" \"Mozilla/5.0 (X11; Linux x86_64) AppleWebKit/537.36 (KHTML, like Gecko) Chrome/101.0.4951.64 Safari/537.36\"\n"}
{"level":"info","message":"::1 - - [17/May/2022:08:03:37 +0000] \"GET /contact-us HTTP/1.1\" 304 - \"http://localhost:3000/\" \"Mozilla/5.0 (X11; Linux x86_64) AppleWebKit/537.36 (KHTML, like Gecko) Chrome/101.0.4951.64 Safari/537.36\"\n"}
{"level":"info","message":"::1 - - [17/May/2022:08:03:37 +0000] \"GET /css/styles.css HTTP/1.1\" 304 - \"http://localhost:3000/contact-us\" \"Mozilla/5.0 (X11; Linux x86_64) AppleWebKit/537.36 (KHTML, like Gecko) Chrome/101.0.4951.64 Safari/537.36\"\n"}
{"level":"info","message":"::1 - - [17/May/2022:08:03:37 +0000] \"GET /css/bootstrap-rtl.css HTTP/1.1\" 304 - \"http://localhost:3000/contact-us\" \"Mozilla/5.0 (X11; Linux x86_64) AppleWebKit/537.36 (KHTML, like Gecko) Chrome/101.0.4951.64 Safari/537.36\"\n"}
{"level":"info","message":"::1 - - [17/May/2022:08:03:37 +0000] \"GET /css/font-awesome.css HTTP/1.1\" 304 - \"http://localhost:3000/contact-us\" \"Mozilla/5.0 (X11; Linux x86_64) AppleWebKit/537.36 (KHTML, like Gecko) Chrome/101.0.4951.64 Safari/537.36\"\n"}
{"level":"info","message":"::1 - - [17/May/2022:08:03:37 +0000] \"GET /js/jquery.slim.min.js HTTP/1.1\" 304 - \"http://localhost:3000/contact-us\" \"Mozilla/5.0 (X11; Linux x86_64) AppleWebKit/537.36 (KHTML, like Gecko) Chrome/101.0.4951.64 Safari/537.36\"\n"}
{"level":"info","message":"::1 - - [17/May/2022:08:03:37 +0000] \"GET /js/bootstrap.min.js HTTP/1.1\" 304 - \"http://localhost:3000/contact-us\" \"Mozilla/5.0 (X11; Linux x86_64) AppleWebKit/537.36 (KHTML, like Gecko) Chrome/101.0.4951.64 Safari/537.36\"\n"}
{"level":"info","message":"::1 - - [17/May/2022:08:03:37 +0000] \"GET /favicon.ico HTTP/1.1\" 304 - \"http://localhost:3000/contact-us\" \"Mozilla/5.0 (X11; Linux x86_64) AppleWebKit/537.36 (KHTML, like Gecko) Chrome/101.0.4951.64 Safari/537.36\"\n"}
{"level":"info","message":"::1 - - [17/May/2022:08:08:50 +0000] \"GET /contact-us HTTP/1.1\" 304 - \"http://localhost:3000/\" \"Mozilla/5.0 (X11; Linux x86_64) AppleWebKit/537.36 (KHTML, like Gecko) Chrome/101.0.4951.64 Safari/537.36\"\n"}
{"level":"info","message":"::1 - - [17/May/2022:08:08:50 +0000] \"GET /css/bootstrap-rtl.css HTTP/1.1\" 304 - \"http://localhost:3000/contact-us\" \"Mozilla/5.0 (X11; Linux x86_64) AppleWebKit/537.36 (KHTML, like Gecko) Chrome/101.0.4951.64 Safari/537.36\"\n"}
{"level":"info","message":"::1 - - [17/May/2022:08:08:50 +0000] \"GET /css/styles.css HTTP/1.1\" 304 - \"http://localhost:3000/contact-us\" \"Mozilla/5.0 (X11; Linux x86_64) AppleWebKit/537.36 (KHTML, like Gecko) Chrome/101.0.4951.64 Safari/537.36\"\n"}
{"level":"info","message":"::1 - - [17/May/2022:08:08:50 +0000] \"GET /css/font-awesome.css HTTP/1.1\" 304 - \"http://localhost:3000/contact-us\" \"Mozilla/5.0 (X11; Linux x86_64) AppleWebKit/537.36 (KHTML, like Gecko) Chrome/101.0.4951.64 Safari/537.36\"\n"}
{"level":"info","message":"::1 - - [17/May/2022:08:08:50 +0000] \"GET /js/jquery.slim.min.js HTTP/1.1\" 304 - \"http://localhost:3000/contact-us\" \"Mozilla/5.0 (X11; Linux x86_64) AppleWebKit/537.36 (KHTML, like Gecko) Chrome/101.0.4951.64 Safari/537.36\"\n"}
{"level":"info","message":"::1 - - [17/May/2022:08:08:50 +0000] \"GET /js/bootstrap.min.js HTTP/1.1\" 304 - \"http://localhost:3000/contact-us\" \"Mozilla/5.0 (X11; Linux x86_64) AppleWebKit/537.36 (KHTML, like Gecko) Chrome/101.0.4951.64 Safari/537.36\"\n"}
{"level":"info","message":"::1 - - [17/May/2022:08:08:50 +0000] \"GET /favicon.ico HTTP/1.1\" 304 - \"http://localhost:3000/contact-us\" \"Mozilla/5.0 (X11; Linux x86_64) AppleWebKit/537.36 (KHTML, like Gecko) Chrome/101.0.4951.64 Safari/537.36\"\n"}
{"level":"info","message":"::1 - - [17/May/2022:08:40:48 +0000] \"GET /contact-us HTTP/1.1\" 200 1527 \"http://localhost:3000/\" \"Mozilla/5.0 (X11; Linux x86_64) AppleWebKit/537.36 (KHTML, like Gecko) Chrome/101.0.4951.64 Safari/537.36\"\n"}
{"level":"info","message":"::1 - - [17/May/2022:08:40:48 +0000] \"GET /css/styles.css HTTP/1.1\" 304 - \"http://localhost:3000/contact-us\" \"Mozilla/5.0 (X11; Linux x86_64) AppleWebKit/537.36 (KHTML, like Gecko) Chrome/101.0.4951.64 Safari/537.36\"\n"}
{"level":"info","message":"::1 - - [17/May/2022:08:40:48 +0000] \"GET /css/font-awesome.css HTTP/1.1\" 304 - \"http://localhost:3000/contact-us\" \"Mozilla/5.0 (X11; Linux x86_64) AppleWebKit/537.36 (KHTML, like Gecko) Chrome/101.0.4951.64 Safari/537.36\"\n"}
{"level":"info","message":"::1 - - [17/May/2022:08:40:48 +0000] \"GET /css/404.css HTTP/1.1\" 304 - \"http://localhost:3000/contact-us\" \"Mozilla/5.0 (X11; Linux x86_64) AppleWebKit/537.36 (KHTML, like Gecko) Chrome/101.0.4951.64 Safari/537.36\"\n"}
{"level":"info","message":"::1 - - [17/May/2022:08:40:48 +0000] \"GET /css/bootstrap-rtl.css HTTP/1.1\" 304 - \"http://localhost:3000/contact-us\" \"Mozilla/5.0 (X11; Linux x86_64) AppleWebKit/537.36 (KHTML, like Gecko) Chrome/101.0.4951.64 Safari/537.36\"\n"}
{"level":"info","message":"::1 - - [17/May/2022:08:40:48 +0000] \"GET /js/jquery.slim.min.js HTTP/1.1\" 304 - \"http://localhost:3000/contact-us\" \"Mozilla/5.0 (X11; Linux x86_64) AppleWebKit/537.36 (KHTML, like Gecko) Chrome/101.0.4951.64 Safari/537.36\"\n"}
{"level":"info","message":"::1 - - [17/May/2022:08:40:48 +0000] \"GET /js/bootstrap.min.js HTTP/1.1\" 304 - \"http://localhost:3000/contact-us\" \"Mozilla/5.0 (X11; Linux x86_64) AppleWebKit/537.36 (KHTML, like Gecko) Chrome/101.0.4951.64 Safari/537.36\"\n"}
{"level":"info","message":"::1 - - [17/May/2022:08:40:48 +0000] \"GET /img/404-bg.png HTTP/1.1\" 304 - \"http://localhost:3000/css/404.css\" \"Mozilla/5.0 (X11; Linux x86_64) AppleWebKit/537.36 (KHTML, like Gecko) Chrome/101.0.4951.64 Safari/537.36\"\n"}
{"level":"info","message":"::1 - - [17/May/2022:08:40:48 +0000] \"GET /fonts/BYekan-webfont.woff HTTP/1.1\" 304 - \"http://localhost:3000/css/styles.css\" \"Mozilla/5.0 (X11; Linux x86_64) AppleWebKit/537.36 (KHTML, like Gecko) Chrome/101.0.4951.64 Safari/537.36\"\n"}
{"level":"info","message":"::1 - - [17/May/2022:08:40:48 +0000] \"GET /fonts/fontawesome-webfont.woff2?v=4.7.0 HTTP/1.1\" 304 - \"http://localhost:3000/css/font-awesome.css\" \"Mozilla/5.0 (X11; Linux x86_64) AppleWebKit/537.36 (KHTML, like Gecko) Chrome/101.0.4951.64 Safari/537.36\"\n"}
{"level":"info","message":"::1 - - [17/May/2022:08:40:49 +0000] \"GET /favicon.ico HTTP/1.1\" 304 - \"http://localhost:3000/contact-us\" \"Mozilla/5.0 (X11; Linux x86_64) AppleWebKit/537.36 (KHTML, like Gecko) Chrome/101.0.4951.64 Safari/537.36\"\n"}
{"level":"info","message":"::1 - - [17/May/2022:08:41:02 +0000] \"GET /contact HTTP/1.1\" 200 4951 \"-\" \"Mozilla/5.0 (X11; Linux x86_64) AppleWebKit/537.36 (KHTML, like Gecko) Chrome/101.0.4951.64 Safari/537.36\"\n"}
{"level":"info","message":"::1 - - [17/May/2022:08:41:02 +0000] \"GET /css/styles.css HTTP/1.1\" 304 - \"http://localhost:3000/contact\" \"Mozilla/5.0 (X11; Linux x86_64) AppleWebKit/537.36 (KHTML, like Gecko) Chrome/101.0.4951.64 Safari/537.36\"\n"}
{"level":"info","message":"::1 - - [17/May/2022:08:41:02 +0000] \"GET /css/bootstrap-rtl.css HTTP/1.1\" 304 - \"http://localhost:3000/contact\" \"Mozilla/5.0 (X11; Linux x86_64) AppleWebKit/537.36 (KHTML, like Gecko) Chrome/101.0.4951.64 Safari/537.36\"\n"}
{"level":"info","message":"::1 - - [17/May/2022:08:41:02 +0000] \"GET /css/font-awesome.css HTTP/1.1\" 304 - \"http://localhost:3000/contact\" \"Mozilla/5.0 (X11; Linux x86_64) AppleWebKit/537.36 (KHTML, like Gecko) Chrome/101.0.4951.64 Safari/537.36\"\n"}
{"level":"info","message":"::1 - - [17/May/2022:08:41:02 +0000] \"GET /js/jquery.slim.min.js HTTP/1.1\" 304 - \"http://localhost:3000/contact\" \"Mozilla/5.0 (X11; Linux x86_64) AppleWebKit/537.36 (KHTML, like Gecko) Chrome/101.0.4951.64 Safari/537.36\"\n"}
{"level":"info","message":"::1 - - [17/May/2022:08:41:02 +0000] \"GET /captcha.png HTTP/1.1\" 200 1527 \"http://localhost:3000/contact\" \"Mozilla/5.0 (X11; Linux x86_64) AppleWebKit/537.36 (KHTML, like Gecko) Chrome/101.0.4951.64 Safari/537.36\"\n"}
{"level":"info","message":"::1 - - [17/May/2022:08:41:02 +0000] \"GET /js/bootstrap.min.js HTTP/1.1\" 304 - \"http://localhost:3000/contact\" \"Mozilla/5.0 (X11; Linux x86_64) AppleWebKit/537.36 (KHTML, like Gecko) Chrome/101.0.4951.64 Safari/537.36\"\n"}
{"level":"info","message":"::1 - - [17/May/2022:08:41:02 +0000] \"GET /fonts/BYekan-webfont.woff HTTP/1.1\" 304 - \"http://localhost:3000/css/styles.css\" \"Mozilla/5.0 (X11; Linux x86_64) AppleWebKit/537.36 (KHTML, like Gecko) Chrome/101.0.4951.64 Safari/537.36\"\n"}
{"level":"info","message":"::1 - - [17/May/2022:08:41:31 +0000] \"POST /contact HTTP/1.1\" 200 5950 \"http://localhost:3000/contact\" \"Mozilla/5.0 (X11; Linux x86_64) AppleWebKit/537.36 (KHTML, like Gecko) Chrome/101.0.4951.64 Safari/537.36\"\n"}
{"level":"info","message":"::1 - - [17/May/2022:08:41:31 +0000] \"GET /css/styles.css HTTP/1.1\" 304 - \"http://localhost:3000/contact\" \"Mozilla/5.0 (X11; Linux x86_64) AppleWebKit/537.36 (KHTML, like Gecko) Chrome/101.0.4951.64 Safari/537.36\"\n"}
{"level":"info","message":"::1 - - [17/May/2022:08:41:31 +0000] \"GET /css/bootstrap-rtl.css HTTP/1.1\" 304 - \"http://localhost:3000/contact\" \"Mozilla/5.0 (X11; Linux x86_64) AppleWebKit/537.36 (KHTML, like Gecko) Chrome/101.0.4951.64 Safari/537.36\"\n"}
{"level":"info","message":"::1 - - [17/May/2022:08:41:31 +0000] \"GET /css/font-awesome.css HTTP/1.1\" 304 - \"http://localhost:3000/contact\" \"Mozilla/5.0 (X11; Linux x86_64) AppleWebKit/537.36 (KHTML, like Gecko) Chrome/101.0.4951.64 Safari/537.36\"\n"}
{"level":"info","message":"::1 - - [17/May/2022:08:41:31 +0000] \"GET /js/jquery.slim.min.js HTTP/1.1\" 304 - \"http://localhost:3000/contact\" \"Mozilla/5.0 (X11; Linux x86_64) AppleWebKit/537.36 (KHTML, like Gecko) Chrome/101.0.4951.64 Safari/537.36\"\n"}
{"level":"info","message":"::1 - - [17/May/2022:08:41:31 +0000] \"GET /captcha.png HTTP/1.1\" 200 1527 \"http://localhost:3000/contact\" \"Mozilla/5.0 (X11; Linux x86_64) AppleWebKit/537.36 (KHTML, like Gecko) Chrome/101.0.4951.64 Safari/537.36\"\n"}
{"level":"info","message":"::1 - - [17/May/2022:08:41:31 +0000] \"GET /js/bootstrap.min.js HTTP/1.1\" 304 - \"http://localhost:3000/contact\" \"Mozilla/5.0 (X11; Linux x86_64) AppleWebKit/537.36 (KHTML, like Gecko) Chrome/101.0.4951.64 Safari/537.36\"\n"}
{"level":"info","message":"::1 - - [17/May/2022:08:41:31 +0000] \"GET /fonts/BYekan-webfont.woff HTTP/1.1\" 304 - \"http://localhost:3000/css/styles.css\" \"Mozilla/5.0 (X11; Linux x86_64) AppleWebKit/537.36 (KHTML, like Gecko) Chrome/101.0.4951.64 Safari/537.36\"\n"}
{"level":"info","message":"::1 - - [17/May/2022:08:44:51 +0000] \"POST /contact HTTP/1.1\" 200 5950 \"http://localhost:3000/contact\" \"Mozilla/5.0 (X11; Linux x86_64) AppleWebKit/537.36 (KHTML, like Gecko) Chrome/101.0.4951.64 Safari/537.36\"\n"}
{"level":"info","message":"::1 - - [17/May/2022:08:44:51 +0000] \"GET /css/styles.css HTTP/1.1\" 304 - \"http://localhost:3000/contact\" \"Mozilla/5.0 (X11; Linux x86_64) AppleWebKit/537.36 (KHTML, like Gecko) Chrome/101.0.4951.64 Safari/537.36\"\n"}
{"level":"info","message":"::1 - - [17/May/2022:08:44:51 +0000] \"GET /css/bootstrap-rtl.css HTTP/1.1\" 304 - \"http://localhost:3000/contact\" \"Mozilla/5.0 (X11; Linux x86_64) AppleWebKit/537.36 (KHTML, like Gecko) Chrome/101.0.4951.64 Safari/537.36\"\n"}
{"level":"info","message":"::1 - - [17/May/2022:08:44:51 +0000] \"GET /css/font-awesome.css HTTP/1.1\" 304 - \"http://localhost:3000/contact\" \"Mozilla/5.0 (X11; Linux x86_64) AppleWebKit/537.36 (KHTML, like Gecko) Chrome/101.0.4951.64 Safari/537.36\"\n"}
{"level":"info","message":"::1 - - [17/May/2022:08:44:51 +0000] \"GET /js/jquery.slim.min.js HTTP/1.1\" 304 - \"http://localhost:3000/contact\" \"Mozilla/5.0 (X11; Linux x86_64) AppleWebKit/537.36 (KHTML, like Gecko) Chrome/101.0.4951.64 Safari/537.36\"\n"}
{"level":"info","message":"::1 - - [17/May/2022:08:44:51 +0000] \"GET /js/bootstrap.min.js HTTP/1.1\" 304 - \"http://localhost:3000/contact\" \"Mozilla/5.0 (X11; Linux x86_64) AppleWebKit/537.36 (KHTML, like Gecko) Chrome/101.0.4951.64 Safari/537.36\"\n"}
{"level":"info","message":"::1 - - [17/May/2022:08:44:51 +0000] \"GET /captcha.png HTTP/1.1\" 304 - \"http://localhost:3000/contact\" \"Mozilla/5.0 (X11; Linux x86_64) AppleWebKit/537.36 (KHTML, like Gecko) Chrome/101.0.4951.64 Safari/537.36\"\n"}
{"level":"info","message":"::1 - - [17/May/2022:08:44:51 +0000] \"GET /fonts/BYekan-webfont.woff HTTP/1.1\" 304 - \"http://localhost:3000/css/styles.css\" \"Mozilla/5.0 (X11; Linux x86_64) AppleWebKit/537.36 (KHTML, like Gecko) Chrome/101.0.4951.64 Safari/537.36\"\n"}
{"level":"info","message":"::1 - - [17/May/2022:08:44:51 +0000] \"GET /favicon.ico HTTP/1.1\" 304 - \"http://localhost:3000/contact\" \"Mozilla/5.0 (X11; Linux x86_64) AppleWebKit/537.36 (KHTML, like Gecko) Chrome/101.0.4951.64 Safari/537.36\"\n"}
{"level":"info","message":"::1 - - [17/May/2022:08:45:41 +0000] \"POST /contact HTTP/1.1\" 200 5983 \"http://localhost:3000/contact\" \"Mozilla/5.0 (X11; Linux x86_64) AppleWebKit/537.36 (KHTML, like Gecko) Chrome/101.0.4951.64 Safari/537.36\"\n"}
{"level":"info","message":"::1 - - [17/May/2022:08:45:41 +0000] \"GET /css/styles.css HTTP/1.1\" 304 - \"http://localhost:3000/contact\" \"Mozilla/5.0 (X11; Linux x86_64) AppleWebKit/537.36 (KHTML, like Gecko) Chrome/101.0.4951.64 Safari/537.36\"\n"}
{"level":"info","message":"::1 - - [17/May/2022:08:45:41 +0000] \"GET /css/bootstrap-rtl.css HTTP/1.1\" 304 - \"http://localhost:3000/contact\" \"Mozilla/5.0 (X11; Linux x86_64) AppleWebKit/537.36 (KHTML, like Gecko) Chrome/101.0.4951.64 Safari/537.36\"\n"}
{"level":"info","message":"::1 - - [17/May/2022:08:45:41 +0000] \"GET /css/font-awesome.css HTTP/1.1\" 304 - \"http://localhost:3000/contact\" \"Mozilla/5.0 (X11; Linux x86_64) AppleWebKit/537.36 (KHTML, like Gecko) Chrome/101.0.4951.64 Safari/537.36\"\n"}
{"level":"info","message":"::1 - - [17/May/2022:08:45:41 +0000] \"GET /js/jquery.slim.min.js HTTP/1.1\" 304 - \"http://localhost:3000/contact\" \"Mozilla/5.0 (X11; Linux x86_64) AppleWebKit/537.36 (KHTML, like Gecko) Chrome/101.0.4951.64 Safari/537.36\"\n"}
{"level":"info","message":"::1 - - [17/May/2022:08:45:41 +0000] \"GET /js/bootstrap.min.js HTTP/1.1\" 304 - \"http://localhost:3000/contact\" \"Mozilla/5.0 (X11; Linux x86_64) AppleWebKit/537.36 (KHTML, like Gecko) Chrome/101.0.4951.64 Safari/537.36\"\n"}
{"level":"info","message":"::1 - - [17/May/2022:08:45:41 +0000] \"GET /captcha.png HTTP/1.1\" 304 - \"http://localhost:3000/contact\" \"Mozilla/5.0 (X11; Linux x86_64) AppleWebKit/537.36 (KHTML, like Gecko) Chrome/101.0.4951.64 Safari/537.36\"\n"}
{"level":"info","message":"::1 - - [17/May/2022:08:45:41 +0000] \"GET /fonts/BYekan-webfont.woff HTTP/1.1\" 304 - \"http://localhost:3000/css/styles.css\" \"Mozilla/5.0 (X11; Linux x86_64) AppleWebKit/537.36 (KHTML, like Gecko) Chrome/101.0.4951.64 Safari/537.36\"\n"}
{"level":"info","message":"::1 - - [17/May/2022:08:45:41 +0000] \"GET /favicon.ico HTTP/1.1\" 304 - \"http://localhost:3000/contact\" \"Mozilla/5.0 (X11; Linux x86_64) AppleWebKit/537.36 (KHTML, like Gecko) Chrome/101.0.4951.64 Safari/537.36\"\n"}
{"level":"info","message":"::1 - - [17/May/2022:08:46:29 +0000] \"POST /contact HTTP/1.1\" 200 5289 \"http://localhost:3000/contact\" \"Mozilla/5.0 (X11; Linux x86_64) AppleWebKit/537.36 (KHTML, like Gecko) Chrome/101.0.4951.64 Safari/537.36\"\n"}
{"level":"info","message":"::1 - - [17/May/2022:08:46:29 +0000] \"GET /css/styles.css HTTP/1.1\" 304 - \"http://localhost:3000/contact\" \"Mozilla/5.0 (X11; Linux x86_64) AppleWebKit/537.36 (KHTML, like Gecko) Chrome/101.0.4951.64 Safari/537.36\"\n"}
{"level":"info","message":"::1 - - [17/May/2022:08:46:29 +0000] \"GET /css/bootstrap-rtl.css HTTP/1.1\" 304 - \"http://localhost:3000/contact\" \"Mozilla/5.0 (X11; Linux x86_64) AppleWebKit/537.36 (KHTML, like Gecko) Chrome/101.0.4951.64 Safari/537.36\"\n"}
{"level":"info","message":"::1 - - [17/May/2022:08:46:29 +0000] \"GET /css/font-awesome.css HTTP/1.1\" 304 - \"http://localhost:3000/contact\" \"Mozilla/5.0 (X11; Linux x86_64) AppleWebKit/537.36 (KHTML, like Gecko) Chrome/101.0.4951.64 Safari/537.36\"\n"}
{"level":"info","message":"::1 - - [17/May/2022:08:46:29 +0000] \"GET /js/jquery.slim.min.js HTTP/1.1\" 304 - \"http://localhost:3000/contact\" \"Mozilla/5.0 (X11; Linux x86_64) AppleWebKit/537.36 (KHTML, like Gecko) Chrome/101.0.4951.64 Safari/537.36\"\n"}
{"level":"info","message":"::1 - - [17/May/2022:08:46:29 +0000] \"GET /js/bootstrap.min.js HTTP/1.1\" 304 - \"http://localhost:3000/contact\" \"Mozilla/5.0 (X11; Linux x86_64) AppleWebKit/537.36 (KHTML, like Gecko) Chrome/101.0.4951.64 Safari/537.36\"\n"}
{"level":"info","message":"::1 - - [17/May/2022:08:46:29 +0000] \"GET /captcha.png HTTP/1.1\" 304 - \"http://localhost:3000/contact\" \"Mozilla/5.0 (X11; Linux x86_64) AppleWebKit/537.36 (KHTML, like Gecko) Chrome/101.0.4951.64 Safari/537.36\"\n"}
{"level":"info","message":"::1 - - [17/May/2022:08:46:29 +0000] \"GET /fonts/BYekan-webfont.woff HTTP/1.1\" 304 - \"http://localhost:3000/css/styles.css\" \"Mozilla/5.0 (X11; Linux x86_64) AppleWebKit/537.36 (KHTML, like Gecko) Chrome/101.0.4951.64 Safari/537.36\"\n"}
{"level":"info","message":"::1 - - [17/May/2022:08:49:14 +0000] \"POST /contact HTTP/1.1\" 200 5289 \"http://localhost:3000/contact\" \"Mozilla/5.0 (X11; Linux x86_64) AppleWebKit/537.36 (KHTML, like Gecko) Chrome/101.0.4951.64 Safari/537.36\"\n"}
{"level":"info","message":"::1 - - [17/May/2022:08:49:15 +0000] \"GET /css/styles.css HTTP/1.1\" 304 - \"http://localhost:3000/contact\" \"Mozilla/5.0 (X11; Linux x86_64) AppleWebKit/537.36 (KHTML, like Gecko) Chrome/101.0.4951.64 Safari/537.36\"\n"}
{"level":"info","message":"::1 - - [17/May/2022:08:49:15 +0000] \"GET /css/font-awesome.css HTTP/1.1\" 304 - \"http://localhost:3000/contact\" \"Mozilla/5.0 (X11; Linux x86_64) AppleWebKit/537.36 (KHTML, like Gecko) Chrome/101.0.4951.64 Safari/537.36\"\n"}
{"level":"info","message":"::1 - - [17/May/2022:08:49:15 +0000] \"GET /captcha.png HTTP/1.1\" 304 - \"http://localhost:3000/contact\" \"Mozilla/5.0 (X11; Linux x86_64) AppleWebKit/537.36 (KHTML, like Gecko) Chrome/101.0.4951.64 Safari/537.36\"\n"}
{"level":"info","message":"::1 - - [17/May/2022:08:49:15 +0000] \"GET /css/bootstrap-rtl.css HTTP/1.1\" 304 - \"http://localhost:3000/contact\" \"Mozilla/5.0 (X11; Linux x86_64) AppleWebKit/537.36 (KHTML, like Gecko) Chrome/101.0.4951.64 Safari/537.36\"\n"}
{"level":"info","message":"::1 - - [17/May/2022:08:49:15 +0000] \"GET /js/jquery.slim.min.js HTTP/1.1\" 304 - \"http://localhost:3000/contact\" \"Mozilla/5.0 (X11; Linux x86_64) AppleWebKit/537.36 (KHTML, like Gecko) Chrome/101.0.4951.64 Safari/537.36\"\n"}
{"level":"info","message":"::1 - - [17/May/2022:08:49:15 +0000] \"GET /js/bootstrap.min.js HTTP/1.1\" 304 - \"http://localhost:3000/contact\" \"Mozilla/5.0 (X11; Linux x86_64) AppleWebKit/537.36 (KHTML, like Gecko) Chrome/101.0.4951.64 Safari/537.36\"\n"}
{"level":"info","message":"::1 - - [17/May/2022:08:49:15 +0000] \"GET /fonts/BYekan-webfont.woff HTTP/1.1\" 304 - \"http://localhost:3000/css/styles.css\" \"Mozilla/5.0 (X11; Linux x86_64) AppleWebKit/537.36 (KHTML, like Gecko) Chrome/101.0.4951.64 Safari/537.36\"\n"}
{"level":"info","message":"::1 - - [17/May/2022:08:49:15 +0000] \"GET /favicon.ico HTTP/1.1\" 304 - \"http://localhost:3000/contact\" \"Mozilla/5.0 (X11; Linux x86_64) AppleWebKit/537.36 (KHTML, like Gecko) Chrome/101.0.4951.64 Safari/537.36\"\n"}
{"level":"info","message":"::1 - - [17/May/2022:08:49:33 +0000] \"POST /contact HTTP/1.1\" 200 5289 \"http://localhost:3000/contact\" \"Mozilla/5.0 (X11; Linux x86_64) AppleWebKit/537.36 (KHTML, like Gecko) Chrome/101.0.4951.64 Safari/537.36\"\n"}
{"level":"info","message":"::1 - - [17/May/2022:08:49:33 +0000] \"GET /css/styles.css HTTP/1.1\" 304 - \"http://localhost:3000/contact\" \"Mozilla/5.0 (X11; Linux x86_64) AppleWebKit/537.36 (KHTML, like Gecko) Chrome/101.0.4951.64 Safari/537.36\"\n"}
{"level":"info","message":"::1 - - [17/May/2022:08:49:33 +0000] \"GET /css/bootstrap-rtl.css HTTP/1.1\" 304 - \"http://localhost:3000/contact\" \"Mozilla/5.0 (X11; Linux x86_64) AppleWebKit/537.36 (KHTML, like Gecko) Chrome/101.0.4951.64 Safari/537.36\"\n"}
{"level":"info","message":"::1 - - [17/May/2022:08:49:33 +0000] \"GET /css/font-awesome.css HTTP/1.1\" 304 - \"http://localhost:3000/contact\" \"Mozilla/5.0 (X11; Linux x86_64) AppleWebKit/537.36 (KHTML, like Gecko) Chrome/101.0.4951.64 Safari/537.36\"\n"}
{"level":"info","message":"::1 - - [17/May/2022:08:49:33 +0000] \"GET /js/jquery.slim.min.js HTTP/1.1\" 304 - \"http://localhost:3000/contact\" \"Mozilla/5.0 (X11; Linux x86_64) AppleWebKit/537.36 (KHTML, like Gecko) Chrome/101.0.4951.64 Safari/537.36\"\n"}
{"level":"info","message":"::1 - - [17/May/2022:08:49:33 +0000] \"GET /js/bootstrap.min.js HTTP/1.1\" 304 - \"http://localhost:3000/contact\" \"Mozilla/5.0 (X11; Linux x86_64) AppleWebKit/537.36 (KHTML, like Gecko) Chrome/101.0.4951.64 Safari/537.36\"\n"}
{"level":"info","message":"::1 - - [17/May/2022:08:49:33 +0000] \"GET /captcha.png HTTP/1.1\" 304 - \"http://localhost:3000/contact\" \"Mozilla/5.0 (X11; Linux x86_64) AppleWebKit/537.36 (KHTML, like Gecko) Chrome/101.0.4951.64 Safari/537.36\"\n"}
{"level":"info","message":"::1 - - [17/May/2022:08:49:33 +0000] \"GET /fonts/BYekan-webfont.woff HTTP/1.1\" 304 - \"http://localhost:3000/css/styles.css\" \"Mozilla/5.0 (X11; Linux x86_64) AppleWebKit/537.36 (KHTML, like Gecko) Chrome/101.0.4951.64 Safari/537.36\"\n"}
{"date":"Tue May 17 2022 13:42:50 GMT+0430 (Iran Daylight Time)","error":{},"exception":true,"level":"error","message":"uncaughtException: Route.get() requires a callback function but got a [object Undefined]\nError: Route.get() requires a callback function but got a [object Undefined]\n    at Route.<computed> [as get] (/home/ahoora/Documents/courses/weblog-project/node_modules/express/lib/router/route.js:202:15)\n    at Function.proto.<computed> [as get] (/home/ahoora/Documents/courses/weblog-project/node_modules/express/lib/router/index.js:516:19)\n    at Object.<anonymous> (/home/ahoora/Documents/courses/weblog-project/routes/blog.js:21:8)\n    at Module._compile (node:internal/modules/cjs/loader:1099:14)\n    at Object.Module._extensions..js (node:internal/modules/cjs/loader:1153:10)\n    at Module.load (node:internal/modules/cjs/loader:975:32)\n    at Function.Module._load (node:internal/modules/cjs/loader:822:12)\n    at Module.require (node:internal/modules/cjs/loader:999:19)\n    at require (node:internal/modules/cjs/helpers:102:18)\n    at Object.<anonymous> (/home/ahoora/Documents/courses/weblog-project/app.js:71:14)\n    at Module._compile (node:internal/modules/cjs/loader:1099:14)\n    at Object.Module._extensions..js (node:internal/modules/cjs/loader:1153:10)\n    at Module.load (node:internal/modules/cjs/loader:975:32)\n    at Function.Module._load (node:internal/modules/cjs/loader:822:12)\n    at Function.executeUserEntryPoint [as runMain] (node:internal/modules/run_main:77:12)\n    at node:internal/main/run_main_module:17:47","os":{"loadavg":[3.25,2.65,2.12],"uptime":9245.19},"process":{"argv":["/usr/bin/node","/home/ahoora/Documents/courses/weblog-project/app.js"],"cwd":"/home/ahoora/Documents/courses/weblog-project","execPath":"/usr/bin/node","gid":1000,"memoryUsage":{"arrayBuffers":19399588,"external":20478219,"heapTotal":58425344,"heapUsed":32365656,"rss":85893120},"pid":33235,"uid":1000,"version":"v17.9.0"},"stack":"Error: Route.get() requires a callback function but got a [object Undefined]\n    at Route.<computed> [as get] (/home/ahoora/Documents/courses/weblog-project/node_modules/express/lib/router/route.js:202:15)\n    at Function.proto.<computed> [as get] (/home/ahoora/Documents/courses/weblog-project/node_modules/express/lib/router/index.js:516:19)\n    at Object.<anonymous> (/home/ahoora/Documents/courses/weblog-project/routes/blog.js:21:8)\n    at Module._compile (node:internal/modules/cjs/loader:1099:14)\n    at Object.Module._extensions..js (node:internal/modules/cjs/loader:1153:10)\n    at Module.load (node:internal/modules/cjs/loader:975:32)\n    at Function.Module._load (node:internal/modules/cjs/loader:822:12)\n    at Module.require (node:internal/modules/cjs/loader:999:19)\n    at require (node:internal/modules/cjs/helpers:102:18)\n    at Object.<anonymous> (/home/ahoora/Documents/courses/weblog-project/app.js:71:14)\n    at Module._compile (node:internal/modules/cjs/loader:1099:14)\n    at Object.Module._extensions..js (node:internal/modules/cjs/loader:1153:10)\n    at Module.load (node:internal/modules/cjs/loader:975:32)\n    at Function.Module._load (node:internal/modules/cjs/loader:822:12)\n    at Function.executeUserEntryPoint [as runMain] (node:internal/modules/run_main:77:12)\n    at node:internal/main/run_main_module:17:47","trace":[{"column":15,"file":"/home/ahoora/Documents/courses/weblog-project/node_modules/express/lib/router/route.js","function":"Route.<computed> [as get]","line":202,"method":"<computed> [as get]","native":false},{"column":19,"file":"/home/ahoora/Documents/courses/weblog-project/node_modules/express/lib/router/index.js","function":"Function.proto.<computed> [as get]","line":516,"method":"<computed> [as get]","native":false},{"column":8,"file":"/home/ahoora/Documents/courses/weblog-project/routes/blog.js","function":null,"line":21,"method":null,"native":false},{"column":14,"file":"node:internal/modules/cjs/loader","function":"Module._compile","line":1099,"method":"_compile","native":false},{"column":10,"file":"node:internal/modules/cjs/loader","function":"Module._extensions..js","line":1153,"method":".js","native":false},{"column":32,"file":"node:internal/modules/cjs/loader","function":"Module.load","line":975,"method":"load","native":false},{"column":12,"file":"node:internal/modules/cjs/loader","function":"Module._load","line":822,"method":"_load","native":false},{"column":19,"file":"node:internal/modules/cjs/loader","function":"Module.require","line":999,"method":"require","native":false},{"column":18,"file":"node:internal/modules/cjs/helpers","function":"require","line":102,"method":null,"native":false},{"column":14,"file":"/home/ahoora/Documents/courses/weblog-project/app.js","function":null,"line":71,"method":null,"native":false},{"column":14,"file":"node:internal/modules/cjs/loader","function":"Module._compile","line":1099,"method":"_compile","native":false},{"column":10,"file":"node:internal/modules/cjs/loader","function":"Module._extensions..js","line":1153,"method":".js","native":false},{"column":32,"file":"node:internal/modules/cjs/loader","function":"Module.load","line":975,"method":"load","native":false},{"column":12,"file":"node:internal/modules/cjs/loader","function":"Module._load","line":822,"method":"_load","native":false},{"column":12,"file":"node:internal/modules/run_main","function":"Function.executeUserEntryPoint [as runMain]","line":77,"method":"executeUserEntryPoint [as runMain]","native":false},{"column":47,"file":"node:internal/main/run_main_module","function":null,"line":17,"method":null,"native":false}]}
{"level":"info","message":"::1 - - [17/May/2022:09:13:15 +0000] \"POST /contact HTTP/1.1\" 200 5289 \"http://localhost:3000/contact\" \"Mozilla/5.0 (X11; Linux x86_64) AppleWebKit/537.36 (KHTML, like Gecko) Chrome/101.0.4951.64 Safari/537.36\"\n"}
{"level":"info","message":"::1 - - [17/May/2022:09:13:15 +0000] \"GET /css/styles.css HTTP/1.1\" 304 - \"http://localhost:3000/contact\" \"Mozilla/5.0 (X11; Linux x86_64) AppleWebKit/537.36 (KHTML, like Gecko) Chrome/101.0.4951.64 Safari/537.36\"\n"}
{"level":"info","message":"::1 - - [17/May/2022:09:13:15 +0000] \"GET /css/bootstrap-rtl.css HTTP/1.1\" 304 - \"http://localhost:3000/contact\" \"Mozilla/5.0 (X11; Linux x86_64) AppleWebKit/537.36 (KHTML, like Gecko) Chrome/101.0.4951.64 Safari/537.36\"\n"}
{"level":"info","message":"::1 - - [17/May/2022:09:13:15 +0000] \"GET /css/font-awesome.css HTTP/1.1\" 304 - \"http://localhost:3000/contact\" \"Mozilla/5.0 (X11; Linux x86_64) AppleWebKit/537.36 (KHTML, like Gecko) Chrome/101.0.4951.64 Safari/537.36\"\n"}
{"level":"info","message":"::1 - - [17/May/2022:09:13:15 +0000] \"GET /js/jquery.slim.min.js HTTP/1.1\" 304 - \"http://localhost:3000/contact\" \"Mozilla/5.0 (X11; Linux x86_64) AppleWebKit/537.36 (KHTML, like Gecko) Chrome/101.0.4951.64 Safari/537.36\"\n"}
{"level":"info","message":"::1 - - [17/May/2022:09:13:15 +0000] \"GET /js/bootstrap.min.js HTTP/1.1\" 304 - \"http://localhost:3000/contact\" \"Mozilla/5.0 (X11; Linux x86_64) AppleWebKit/537.36 (KHTML, like Gecko) Chrome/101.0.4951.64 Safari/537.36\"\n"}
{"level":"info","message":"::1 - - [17/May/2022:09:13:15 +0000] \"GET /captcha.png HTTP/1.1\" 200 2554 \"http://localhost:3000/contact\" \"Mozilla/5.0 (X11; Linux x86_64) AppleWebKit/537.36 (KHTML, like Gecko) Chrome/101.0.4951.64 Safari/537.36\"\n"}
{"level":"info","message":"::1 - - [17/May/2022:09:13:15 +0000] \"GET /fonts/BYekan-webfont.woff HTTP/1.1\" 304 - \"http://localhost:3000/css/styles.css\" \"Mozilla/5.0 (X11; Linux x86_64) AppleWebKit/537.36 (KHTML, like Gecko) Chrome/101.0.4951.64 Safari/537.36\"\n"}
{"level":"info","message":"::1 - - [17/May/2022:09:13:15 +0000] \"GET /favicon.ico HTTP/1.1\" 304 - \"http://localhost:3000/contact\" \"Mozilla/5.0 (X11; Linux x86_64) AppleWebKit/537.36 (KHTML, like Gecko) Chrome/101.0.4951.64 Safari/537.36\"\n"}
{"level":"info","message":"::1 - - [17/May/2022:09:13:28 +0000] \"POST /contact HTTP/1.1\" 200 5289 \"http://localhost:3000/contact\" \"Mozilla/5.0 (X11; Linux x86_64) AppleWebKit/537.36 (KHTML, like Gecko) Chrome/101.0.4951.64 Safari/537.36\"\n"}
{"level":"info","message":"::1 - - [17/May/2022:09:13:28 +0000] \"GET /css/styles.css HTTP/1.1\" 304 - \"http://localhost:3000/contact\" \"Mozilla/5.0 (X11; Linux x86_64) AppleWebKit/537.36 (KHTML, like Gecko) Chrome/101.0.4951.64 Safari/537.36\"\n"}
{"level":"info","message":"::1 - - [17/May/2022:09:13:28 +0000] \"GET /css/bootstrap-rtl.css HTTP/1.1\" 304 - \"http://localhost:3000/contact\" \"Mozilla/5.0 (X11; Linux x86_64) AppleWebKit/537.36 (KHTML, like Gecko) Chrome/101.0.4951.64 Safari/537.36\"\n"}
{"level":"info","message":"::1 - - [17/May/2022:09:13:28 +0000] \"GET /css/font-awesome.css HTTP/1.1\" 304 - \"http://localhost:3000/contact\" \"Mozilla/5.0 (X11; Linux x86_64) AppleWebKit/537.36 (KHTML, like Gecko) Chrome/101.0.4951.64 Safari/537.36\"\n"}
{"level":"info","message":"::1 - - [17/May/2022:09:13:28 +0000] \"GET /js/jquery.slim.min.js HTTP/1.1\" 304 - \"http://localhost:3000/contact\" \"Mozilla/5.0 (X11; Linux x86_64) AppleWebKit/537.36 (KHTML, like Gecko) Chrome/101.0.4951.64 Safari/537.36\"\n"}
{"level":"info","message":"::1 - - [17/May/2022:09:13:28 +0000] \"GET /js/bootstrap.min.js HTTP/1.1\" 304 - \"http://localhost:3000/contact\" \"Mozilla/5.0 (X11; Linux x86_64) AppleWebKit/537.36 (KHTML, like Gecko) Chrome/101.0.4951.64 Safari/537.36\"\n"}
{"level":"info","message":"::1 - - [17/May/2022:09:13:28 +0000] \"GET /captcha.png HTTP/1.1\" 200 2554 \"http://localhost:3000/contact\" \"Mozilla/5.0 (X11; Linux x86_64) AppleWebKit/537.36 (KHTML, like Gecko) Chrome/101.0.4951.64 Safari/537.36\"\n"}
{"level":"info","message":"::1 - - [17/May/2022:09:13:28 +0000] \"GET /favicon.ico HTTP/1.1\" 304 - \"http://localhost:3000/contact\" \"Mozilla/5.0 (X11; Linux x86_64) AppleWebKit/537.36 (KHTML, like Gecko) Chrome/101.0.4951.64 Safari/537.36\"\n"}
{"level":"info","message":"::1 - - [17/May/2022:09:13:30 +0000] \"POST /contact HTTP/1.1\" 200 5289 \"http://localhost:3000/contact\" \"Mozilla/5.0 (X11; Linux x86_64) AppleWebKit/537.36 (KHTML, like Gecko) Chrome/101.0.4951.64 Safari/537.36\"\n"}
{"level":"info","message":"::1 - - [17/May/2022:09:13:30 +0000] \"GET /css/styles.css HTTP/1.1\" 304 - \"http://localhost:3000/contact\" \"Mozilla/5.0 (X11; Linux x86_64) AppleWebKit/537.36 (KHTML, like Gecko) Chrome/101.0.4951.64 Safari/537.36\"\n"}
{"level":"info","message":"::1 - - [17/May/2022:09:13:30 +0000] \"GET /css/font-awesome.css HTTP/1.1\" 304 - \"http://localhost:3000/contact\" \"Mozilla/5.0 (X11; Linux x86_64) AppleWebKit/537.36 (KHTML, like Gecko) Chrome/101.0.4951.64 Safari/537.36\"\n"}
{"level":"info","message":"::1 - - [17/May/2022:09:13:30 +0000] \"GET /css/bootstrap-rtl.css HTTP/1.1\" 304 - \"http://localhost:3000/contact\" \"Mozilla/5.0 (X11; Linux x86_64) AppleWebKit/537.36 (KHTML, like Gecko) Chrome/101.0.4951.64 Safari/537.36\"\n"}
{"level":"info","message":"::1 - - [17/May/2022:09:13:30 +0000] \"GET /js/jquery.slim.min.js HTTP/1.1\" 304 - \"http://localhost:3000/contact\" \"Mozilla/5.0 (X11; Linux x86_64) AppleWebKit/537.36 (KHTML, like Gecko) Chrome/101.0.4951.64 Safari/537.36\"\n"}
{"level":"info","message":"::1 - - [17/May/2022:09:13:30 +0000] \"GET /js/bootstrap.min.js HTTP/1.1\" 304 - \"http://localhost:3000/contact\" \"Mozilla/5.0 (X11; Linux x86_64) AppleWebKit/537.36 (KHTML, like Gecko) Chrome/101.0.4951.64 Safari/537.36\"\n"}
{"level":"info","message":"::1 - - [17/May/2022:09:13:30 +0000] \"GET /captcha.png HTTP/1.1\" 200 2554 \"http://localhost:3000/contact\" \"Mozilla/5.0 (X11; Linux x86_64) AppleWebKit/537.36 (KHTML, like Gecko) Chrome/101.0.4951.64 Safari/537.36\"\n"}
{"level":"info","message":"::1 - - [17/May/2022:09:13:30 +0000] \"GET /favicon.ico HTTP/1.1\" 304 - \"http://localhost:3000/contact\" \"Mozilla/5.0 (X11; Linux x86_64) AppleWebKit/537.36 (KHTML, like Gecko) Chrome/101.0.4951.64 Safari/537.36\"\n"}
{"level":"info","message":"::1 - - [17/May/2022:09:13:31 +0000] \"POST /contact HTTP/1.1\" 200 5289 \"http://localhost:3000/contact\" \"Mozilla/5.0 (X11; Linux x86_64) AppleWebKit/537.36 (KHTML, like Gecko) Chrome/101.0.4951.64 Safari/537.36\"\n"}
{"level":"info","message":"::1 - - [17/May/2022:09:13:31 +0000] \"GET /css/styles.css HTTP/1.1\" 304 - \"http://localhost:3000/contact\" \"Mozilla/5.0 (X11; Linux x86_64) AppleWebKit/537.36 (KHTML, like Gecko) Chrome/101.0.4951.64 Safari/537.36\"\n"}
{"level":"info","message":"::1 - - [17/May/2022:09:13:31 +0000] \"GET /css/bootstrap-rtl.css HTTP/1.1\" 304 - \"http://localhost:3000/contact\" \"Mozilla/5.0 (X11; Linux x86_64) AppleWebKit/537.36 (KHTML, like Gecko) Chrome/101.0.4951.64 Safari/537.36\"\n"}
{"level":"info","message":"::1 - - [17/May/2022:09:13:31 +0000] \"GET /css/font-awesome.css HTTP/1.1\" 304 - \"http://localhost:3000/contact\" \"Mozilla/5.0 (X11; Linux x86_64) AppleWebKit/537.36 (KHTML, like Gecko) Chrome/101.0.4951.64 Safari/537.36\"\n"}
{"level":"info","message":"::1 - - [17/May/2022:09:13:31 +0000] \"GET /js/jquery.slim.min.js HTTP/1.1\" 304 - \"http://localhost:3000/contact\" \"Mozilla/5.0 (X11; Linux x86_64) AppleWebKit/537.36 (KHTML, like Gecko) Chrome/101.0.4951.64 Safari/537.36\"\n"}
{"level":"info","message":"::1 - - [17/May/2022:09:13:31 +0000] \"GET /js/bootstrap.min.js HTTP/1.1\" 304 - \"http://localhost:3000/contact\" \"Mozilla/5.0 (X11; Linux x86_64) AppleWebKit/537.36 (KHTML, like Gecko) Chrome/101.0.4951.64 Safari/537.36\"\n"}
{"level":"info","message":"::1 - - [17/May/2022:09:13:31 +0000] \"GET /captcha.png HTTP/1.1\" 200 2554 \"http://localhost:3000/contact\" \"Mozilla/5.0 (X11; Linux x86_64) AppleWebKit/537.36 (KHTML, like Gecko) Chrome/101.0.4951.64 Safari/537.36\"\n"}
{"level":"info","message":"::1 - - [17/May/2022:09:13:31 +0000] \"GET /favicon.ico HTTP/1.1\" 304 - \"http://localhost:3000/contact\" \"Mozilla/5.0 (X11; Linux x86_64) AppleWebKit/537.36 (KHTML, like Gecko) Chrome/101.0.4951.64 Safari/537.36\"\n"}
{"level":"info","message":"::1 - - [17/May/2022:09:15:07 +0000] \"POST /contact HTTP/1.1\" 200 5289 \"http://localhost:3000/contact\" \"Mozilla/5.0 (X11; Linux x86_64) AppleWebKit/537.36 (KHTML, like Gecko) Chrome/101.0.4951.64 Safari/537.36\"\n"}
{"level":"info","message":"::1 - - [17/May/2022:09:15:07 +0000] \"GET /css/bootstrap-rtl.css HTTP/1.1\" 304 - \"http://localhost:3000/contact\" \"Mozilla/5.0 (X11; Linux x86_64) AppleWebKit/537.36 (KHTML, like Gecko) Chrome/101.0.4951.64 Safari/537.36\"\n"}
{"level":"info","message":"::1 - - [17/May/2022:09:15:07 +0000] \"GET /css/styles.css HTTP/1.1\" 304 - \"http://localhost:3000/contact\" \"Mozilla/5.0 (X11; Linux x86_64) AppleWebKit/537.36 (KHTML, like Gecko) Chrome/101.0.4951.64 Safari/537.36\"\n"}
{"level":"info","message":"::1 - - [17/May/2022:09:15:07 +0000] \"GET /css/font-awesome.css HTTP/1.1\" 304 - \"http://localhost:3000/contact\" \"Mozilla/5.0 (X11; Linux x86_64) AppleWebKit/537.36 (KHTML, like Gecko) Chrome/101.0.4951.64 Safari/537.36\"\n"}
{"level":"info","message":"::1 - - [17/May/2022:09:15:07 +0000] \"GET /js/jquery.slim.min.js HTTP/1.1\" 304 - \"http://localhost:3000/contact\" \"Mozilla/5.0 (X11; Linux x86_64) AppleWebKit/537.36 (KHTML, like Gecko) Chrome/101.0.4951.64 Safari/537.36\"\n"}
{"level":"info","message":"::1 - - [17/May/2022:09:15:07 +0000] \"GET /js/bootstrap.min.js HTTP/1.1\" 304 - \"http://localhost:3000/contact\" \"Mozilla/5.0 (X11; Linux x86_64) AppleWebKit/537.36 (KHTML, like Gecko) Chrome/101.0.4951.64 Safari/537.36\"\n"}
{"level":"info","message":"::1 - - [17/May/2022:09:15:07 +0000] \"GET /captcha.png HTTP/1.1\" 200 2554 \"http://localhost:3000/contact\" \"Mozilla/5.0 (X11; Linux x86_64) AppleWebKit/537.36 (KHTML, like Gecko) Chrome/101.0.4951.64 Safari/537.36\"\n"}
{"level":"info","message":"::1 - - [17/May/2022:09:15:07 +0000] \"GET /favicon.ico HTTP/1.1\" 304 - \"http://localhost:3000/contact\" \"Mozilla/5.0 (X11; Linux x86_64) AppleWebKit/537.36 (KHTML, like Gecko) Chrome/101.0.4951.64 Safari/537.36\"\n"}
{"level":"info","message":"::1 - - [17/May/2022:09:15:09 +0000] \"POST /contact HTTP/1.1\" 200 5289 \"http://localhost:3000/contact\" \"Mozilla/5.0 (X11; Linux x86_64) AppleWebKit/537.36 (KHTML, like Gecko) Chrome/101.0.4951.64 Safari/537.36\"\n"}
{"level":"info","message":"::1 - - [17/May/2022:09:15:09 +0000] \"GET /css/styles.css HTTP/1.1\" 304 - \"http://localhost:3000/contact\" \"Mozilla/5.0 (X11; Linux x86_64) AppleWebKit/537.36 (KHTML, like Gecko) Chrome/101.0.4951.64 Safari/537.36\"\n"}
{"level":"info","message":"::1 - - [17/May/2022:09:15:09 +0000] \"GET /css/bootstrap-rtl.css HTTP/1.1\" 304 - \"http://localhost:3000/contact\" \"Mozilla/5.0 (X11; Linux x86_64) AppleWebKit/537.36 (KHTML, like Gecko) Chrome/101.0.4951.64 Safari/537.36\"\n"}
{"level":"info","message":"::1 - - [17/May/2022:09:15:09 +0000] \"GET /css/font-awesome.css HTTP/1.1\" 304 - \"http://localhost:3000/contact\" \"Mozilla/5.0 (X11; Linux x86_64) AppleWebKit/537.36 (KHTML, like Gecko) Chrome/101.0.4951.64 Safari/537.36\"\n"}
{"level":"info","message":"::1 - - [17/May/2022:09:15:09 +0000] \"GET /js/jquery.slim.min.js HTTP/1.1\" 304 - \"http://localhost:3000/contact\" \"Mozilla/5.0 (X11; Linux x86_64) AppleWebKit/537.36 (KHTML, like Gecko) Chrome/101.0.4951.64 Safari/537.36\"\n"}
{"level":"info","message":"::1 - - [17/May/2022:09:15:09 +0000] \"GET /js/bootstrap.min.js HTTP/1.1\" 304 - \"http://localhost:3000/contact\" \"Mozilla/5.0 (X11; Linux x86_64) AppleWebKit/537.36 (KHTML, like Gecko) Chrome/101.0.4951.64 Safari/537.36\"\n"}
{"level":"info","message":"::1 - - [17/May/2022:09:15:09 +0000] \"GET /captcha.png HTTP/1.1\" 200 2554 \"http://localhost:3000/contact\" \"Mozilla/5.0 (X11; Linux x86_64) AppleWebKit/537.36 (KHTML, like Gecko) Chrome/101.0.4951.64 Safari/537.36\"\n"}
{"level":"info","message":"::1 - - [17/May/2022:09:15:09 +0000] \"GET /favicon.ico HTTP/1.1\" 304 - \"http://localhost:3000/contact\" \"Mozilla/5.0 (X11; Linux x86_64) AppleWebKit/537.36 (KHTML, like Gecko) Chrome/101.0.4951.64 Safari/537.36\"\n"}
{"level":"info","message":"::1 - - [17/May/2022:09:15:12 +0000] \"POST /contact HTTP/1.1\" 200 5289 \"http://localhost:3000/contact\" \"Mozilla/5.0 (X11; Linux x86_64) AppleWebKit/537.36 (KHTML, like Gecko) Chrome/101.0.4951.64 Safari/537.36\"\n"}
{"level":"info","message":"::1 - - [17/May/2022:09:15:13 +0000] \"GET /css/styles.css HTTP/1.1\" 304 - \"http://localhost:3000/contact\" \"Mozilla/5.0 (X11; Linux x86_64) AppleWebKit/537.36 (KHTML, like Gecko) Chrome/101.0.4951.64 Safari/537.36\"\n"}
{"level":"info","message":"::1 - - [17/May/2022:09:15:13 +0000] \"GET /css/bootstrap-rtl.css HTTP/1.1\" 304 - \"http://localhost:3000/contact\" \"Mozilla/5.0 (X11; Linux x86_64) AppleWebKit/537.36 (KHTML, like Gecko) Chrome/101.0.4951.64 Safari/537.36\"\n"}
{"level":"info","message":"::1 - - [17/May/2022:09:15:13 +0000] \"GET /css/font-awesome.css HTTP/1.1\" 304 - \"http://localhost:3000/contact\" \"Mozilla/5.0 (X11; Linux x86_64) AppleWebKit/537.36 (KHTML, like Gecko) Chrome/101.0.4951.64 Safari/537.36\"\n"}
{"level":"info","message":"::1 - - [17/May/2022:09:15:13 +0000] \"GET /js/jquery.slim.min.js HTTP/1.1\" 304 - \"http://localhost:3000/contact\" \"Mozilla/5.0 (X11; Linux x86_64) AppleWebKit/537.36 (KHTML, like Gecko) Chrome/101.0.4951.64 Safari/537.36\"\n"}
{"level":"info","message":"::1 - - [17/May/2022:09:15:13 +0000] \"GET /js/bootstrap.min.js HTTP/1.1\" 304 - \"http://localhost:3000/contact\" \"Mozilla/5.0 (X11; Linux x86_64) AppleWebKit/537.36 (KHTML, like Gecko) Chrome/101.0.4951.64 Safari/537.36\"\n"}
{"level":"info","message":"::1 - - [17/May/2022:09:15:13 +0000] \"GET /captcha.png HTTP/1.1\" 200 2554 \"http://localhost:3000/contact\" \"Mozilla/5.0 (X11; Linux x86_64) AppleWebKit/537.36 (KHTML, like Gecko) Chrome/101.0.4951.64 Safari/537.36\"\n"}
{"level":"info","message":"::1 - - [17/May/2022:09:15:13 +0000] \"GET /favicon.ico HTTP/1.1\" 304 - \"http://localhost:3000/contact\" \"Mozilla/5.0 (X11; Linux x86_64) AppleWebKit/537.36 (KHTML, like Gecko) Chrome/101.0.4951.64 Safari/537.36\"\n"}
{"level":"info","message":"::1 - - [17/May/2022:09:18:39 +0000] \"POST /contact HTTP/1.1\" 200 5275 \"http://localhost:3000/contact\" \"Mozilla/5.0 (X11; Linux x86_64) AppleWebKit/537.36 (KHTML, like Gecko) Chrome/101.0.4951.64 Safari/537.36\"\n"}
{"level":"info","message":"::1 - - [17/May/2022:09:18:39 +0000] \"GET /css/styles.css HTTP/1.1\" 304 - \"http://localhost:3000/contact\" \"Mozilla/5.0 (X11; Linux x86_64) AppleWebKit/537.36 (KHTML, like Gecko) Chrome/101.0.4951.64 Safari/537.36\"\n"}
{"level":"info","message":"::1 - - [17/May/2022:09:18:39 +0000] \"GET /css/bootstrap-rtl.css HTTP/1.1\" 304 - \"http://localhost:3000/contact\" \"Mozilla/5.0 (X11; Linux x86_64) AppleWebKit/537.36 (KHTML, like Gecko) Chrome/101.0.4951.64 Safari/537.36\"\n"}
{"level":"info","message":"::1 - - [17/May/2022:09:18:39 +0000] \"GET /css/font-awesome.css HTTP/1.1\" 304 - \"http://localhost:3000/contact\" \"Mozilla/5.0 (X11; Linux x86_64) AppleWebKit/537.36 (KHTML, like Gecko) Chrome/101.0.4951.64 Safari/537.36\"\n"}
{"level":"info","message":"::1 - - [17/May/2022:09:18:39 +0000] \"GET /js/jquery.slim.min.js HTTP/1.1\" 304 - \"http://localhost:3000/contact\" \"Mozilla/5.0 (X11; Linux x86_64) AppleWebKit/537.36 (KHTML, like Gecko) Chrome/101.0.4951.64 Safari/537.36\"\n"}
{"level":"info","message":"::1 - - [17/May/2022:09:18:39 +0000] \"GET /js/bootstrap.min.js HTTP/1.1\" 304 - \"http://localhost:3000/contact\" \"Mozilla/5.0 (X11; Linux x86_64) AppleWebKit/537.36 (KHTML, like Gecko) Chrome/101.0.4951.64 Safari/537.36\"\n"}
{"level":"info","message":"::1 - - [17/May/2022:09:18:39 +0000] \"GET /captcha.png HTTP/1.1\" 200 2554 \"http://localhost:3000/contact\" \"Mozilla/5.0 (X11; Linux x86_64) AppleWebKit/537.36 (KHTML, like Gecko) Chrome/101.0.4951.64 Safari/537.36\"\n"}
{"level":"info","message":"::1 - - [17/May/2022:09:18:39 +0000] \"GET /fonts/BYekan-webfont.woff HTTP/1.1\" 304 - \"http://localhost:3000/css/styles.css\" \"Mozilla/5.0 (X11; Linux x86_64) AppleWebKit/537.36 (KHTML, like Gecko) Chrome/101.0.4951.64 Safari/537.36\"\n"}
{"level":"info","message":"::1 - - [17/May/2022:09:18:39 +0000] \"GET /favicon.ico HTTP/1.1\" 304 - \"http://localhost:3000/contact\" \"Mozilla/5.0 (X11; Linux x86_64) AppleWebKit/537.36 (KHTML, like Gecko) Chrome/101.0.4951.64 Safari/537.36\"\n"}
{"level":"info","message":"::1 - - [17/May/2022:09:18:49 +0000] \"GET /contact HTTP/1.1\" 200 4984 \"http://localhost:3000/contact\" \"Mozilla/5.0 (X11; Linux x86_64) AppleWebKit/537.36 (KHTML, like Gecko) Chrome/101.0.4951.64 Safari/537.36\"\n"}
{"level":"info","message":"::1 - - [17/May/2022:09:18:49 +0000] \"GET /css/styles.css HTTP/1.1\" 304 - \"http://localhost:3000/contact\" \"Mozilla/5.0 (X11; Linux x86_64) AppleWebKit/537.36 (KHTML, like Gecko) Chrome/101.0.4951.64 Safari/537.36\"\n"}
{"level":"info","message":"::1 - - [17/May/2022:09:18:49 +0000] \"GET /css/bootstrap-rtl.css HTTP/1.1\" 304 - \"http://localhost:3000/contact\" \"Mozilla/5.0 (X11; Linux x86_64) AppleWebKit/537.36 (KHTML, like Gecko) Chrome/101.0.4951.64 Safari/537.36\"\n"}
{"level":"info","message":"::1 - - [17/May/2022:09:18:49 +0000] \"GET /css/font-awesome.css HTTP/1.1\" 304 - \"http://localhost:3000/contact\" \"Mozilla/5.0 (X11; Linux x86_64) AppleWebKit/537.36 (KHTML, like Gecko) Chrome/101.0.4951.64 Safari/537.36\"\n"}
{"level":"info","message":"::1 - - [17/May/2022:09:18:49 +0000] \"GET /js/jquery.slim.min.js HTTP/1.1\" 304 - \"http://localhost:3000/contact\" \"Mozilla/5.0 (X11; Linux x86_64) AppleWebKit/537.36 (KHTML, like Gecko) Chrome/101.0.4951.64 Safari/537.36\"\n"}
{"level":"info","message":"::1 - - [17/May/2022:09:18:49 +0000] \"GET /js/bootstrap.min.js HTTP/1.1\" 304 - \"http://localhost:3000/contact\" \"Mozilla/5.0 (X11; Linux x86_64) AppleWebKit/537.36 (KHTML, like Gecko) Chrome/101.0.4951.64 Safari/537.36\"\n"}
{"level":"info","message":"::1 - - [17/May/2022:09:18:49 +0000] \"GET /captcha.png HTTP/1.1\" 200 2554 \"http://localhost:3000/contact\" \"Mozilla/5.0 (X11; Linux x86_64) AppleWebKit/537.36 (KHTML, like Gecko) Chrome/101.0.4951.64 Safari/537.36\"\n"}
{"level":"info","message":"::1 - - [17/May/2022:09:18:49 +0000] \"GET /fonts/BYekan-webfont.woff HTTP/1.1\" 304 - \"http://localhost:3000/css/styles.css\" \"Mozilla/5.0 (X11; Linux x86_64) AppleWebKit/537.36 (KHTML, like Gecko) Chrome/101.0.4951.64 Safari/537.36\"\n"}
{"level":"info","message":"::1 - - [17/May/2022:09:18:51 +0000] \"GET /contact HTTP/1.1\" 304 - \"http://localhost:3000/contact\" \"Mozilla/5.0 (X11; Linux x86_64) AppleWebKit/537.36 (KHTML, like Gecko) Chrome/101.0.4951.64 Safari/537.36\"\n"}
{"level":"info","message":"::1 - - [17/May/2022:09:18:51 +0000] \"GET /css/styles.css HTTP/1.1\" 304 - \"http://localhost:3000/contact\" \"Mozilla/5.0 (X11; Linux x86_64) AppleWebKit/537.36 (KHTML, like Gecko) Chrome/101.0.4951.64 Safari/537.36\"\n"}
{"level":"info","message":"::1 - - [17/May/2022:09:18:51 +0000] \"GET /css/bootstrap-rtl.css HTTP/1.1\" 304 - \"http://localhost:3000/contact\" \"Mozilla/5.0 (X11; Linux x86_64) AppleWebKit/537.36 (KHTML, like Gecko) Chrome/101.0.4951.64 Safari/537.36\"\n"}
{"level":"info","message":"::1 - - [17/May/2022:09:18:51 +0000] \"GET /css/font-awesome.css HTTP/1.1\" 304 - \"http://localhost:3000/contact\" \"Mozilla/5.0 (X11; Linux x86_64) AppleWebKit/537.36 (KHTML, like Gecko) Chrome/101.0.4951.64 Safari/537.36\"\n"}
{"level":"info","message":"::1 - - [17/May/2022:09:18:51 +0000] \"GET /js/jquery.slim.min.js HTTP/1.1\" 304 - \"http://localhost:3000/contact\" \"Mozilla/5.0 (X11; Linux x86_64) AppleWebKit/537.36 (KHTML, like Gecko) Chrome/101.0.4951.64 Safari/537.36\"\n"}
{"level":"info","message":"::1 - - [17/May/2022:09:18:51 +0000] \"GET /js/bootstrap.min.js HTTP/1.1\" 304 - \"http://localhost:3000/contact\" \"Mozilla/5.0 (X11; Linux x86_64) AppleWebKit/537.36 (KHTML, like Gecko) Chrome/101.0.4951.64 Safari/537.36\"\n"}
{"level":"info","message":"::1 - - [17/May/2022:09:18:51 +0000] \"GET /captcha.png HTTP/1.1\" 200 2554 \"http://localhost:3000/contact\" \"Mozilla/5.0 (X11; Linux x86_64) AppleWebKit/537.36 (KHTML, like Gecko) Chrome/101.0.4951.64 Safari/537.36\"\n"}
{"level":"info","message":"::1 - - [17/May/2022:09:18:56 +0000] \"POST /contact HTTP/1.1\" 200 5983 \"http://localhost:3000/contact\" \"Mozilla/5.0 (X11; Linux x86_64) AppleWebKit/537.36 (KHTML, like Gecko) Chrome/101.0.4951.64 Safari/537.36\"\n"}
{"level":"info","message":"::1 - - [17/May/2022:09:18:56 +0000] \"GET /css/styles.css HTTP/1.1\" 304 - \"http://localhost:3000/contact\" \"Mozilla/5.0 (X11; Linux x86_64) AppleWebKit/537.36 (KHTML, like Gecko) Chrome/101.0.4951.64 Safari/537.36\"\n"}
{"level":"info","message":"::1 - - [17/May/2022:09:18:56 +0000] \"GET /css/bootstrap-rtl.css HTTP/1.1\" 304 - \"http://localhost:3000/contact\" \"Mozilla/5.0 (X11; Linux x86_64) AppleWebKit/537.36 (KHTML, like Gecko) Chrome/101.0.4951.64 Safari/537.36\"\n"}
{"level":"info","message":"::1 - - [17/May/2022:09:18:56 +0000] \"GET /css/font-awesome.css HTTP/1.1\" 304 - \"http://localhost:3000/contact\" \"Mozilla/5.0 (X11; Linux x86_64) AppleWebKit/537.36 (KHTML, like Gecko) Chrome/101.0.4951.64 Safari/537.36\"\n"}
{"level":"info","message":"::1 - - [17/May/2022:09:18:56 +0000] \"GET /js/jquery.slim.min.js HTTP/1.1\" 304 - \"http://localhost:3000/contact\" \"Mozilla/5.0 (X11; Linux x86_64) AppleWebKit/537.36 (KHTML, like Gecko) Chrome/101.0.4951.64 Safari/537.36\"\n"}
{"level":"info","message":"::1 - - [17/May/2022:09:18:56 +0000] \"GET /js/bootstrap.min.js HTTP/1.1\" 304 - \"http://localhost:3000/contact\" \"Mozilla/5.0 (X11; Linux x86_64) AppleWebKit/537.36 (KHTML, like Gecko) Chrome/101.0.4951.64 Safari/537.36\"\n"}
{"level":"info","message":"::1 - - [17/May/2022:09:18:56 +0000] \"GET /captcha.png HTTP/1.1\" 200 2554 \"http://localhost:3000/contact\" \"Mozilla/5.0 (X11; Linux x86_64) AppleWebKit/537.36 (KHTML, like Gecko) Chrome/101.0.4951.64 Safari/537.36\"\n"}
{"level":"info","message":"::1 - - [17/May/2022:09:20:37 +0000] \"POST /contact HTTP/1.1\" 200 5983 \"http://localhost:3000/contact\" \"Mozilla/5.0 (X11; Linux x86_64) AppleWebKit/537.36 (KHTML, like Gecko) Chrome/101.0.4951.64 Safari/537.36\"\n"}
{"level":"info","message":"::1 - - [17/May/2022:09:20:37 +0000] \"GET /css/styles.css HTTP/1.1\" 304 - \"http://localhost:3000/contact\" \"Mozilla/5.0 (X11; Linux x86_64) AppleWebKit/537.36 (KHTML, like Gecko) Chrome/101.0.4951.64 Safari/537.36\"\n"}
{"level":"info","message":"::1 - - [17/May/2022:09:20:37 +0000] \"GET /css/bootstrap-rtl.css HTTP/1.1\" 304 - \"http://localhost:3000/contact\" \"Mozilla/5.0 (X11; Linux x86_64) AppleWebKit/537.36 (KHTML, like Gecko) Chrome/101.0.4951.64 Safari/537.36\"\n"}
{"level":"info","message":"::1 - - [17/May/2022:09:20:37 +0000] \"GET /css/font-awesome.css HTTP/1.1\" 304 - \"http://localhost:3000/contact\" \"Mozilla/5.0 (X11; Linux x86_64) AppleWebKit/537.36 (KHTML, like Gecko) Chrome/101.0.4951.64 Safari/537.36\"\n"}
{"level":"info","message":"::1 - - [17/May/2022:09:20:37 +0000] \"GET /js/jquery.slim.min.js HTTP/1.1\" 304 - \"http://localhost:3000/contact\" \"Mozilla/5.0 (X11; Linux x86_64) AppleWebKit/537.36 (KHTML, like Gecko) Chrome/101.0.4951.64 Safari/537.36\"\n"}
{"level":"info","message":"::1 - - [17/May/2022:09:20:37 +0000] \"GET /js/bootstrap.min.js HTTP/1.1\" 304 - \"http://localhost:3000/contact\" \"Mozilla/5.0 (X11; Linux x86_64) AppleWebKit/537.36 (KHTML, like Gecko) Chrome/101.0.4951.64 Safari/537.36\"\n"}
{"level":"info","message":"::1 - - [17/May/2022:09:20:37 +0000] \"GET /captcha.png HTTP/1.1\" 200 2554 \"http://localhost:3000/contact\" \"Mozilla/5.0 (X11; Linux x86_64) AppleWebKit/537.36 (KHTML, like Gecko) Chrome/101.0.4951.64 Safari/537.36\"\n"}
{"level":"info","message":"::1 - - [17/May/2022:09:20:37 +0000] \"GET /favicon.ico HTTP/1.1\" 304 - \"http://localhost:3000/contact\" \"Mozilla/5.0 (X11; Linux x86_64) AppleWebKit/537.36 (KHTML, like Gecko) Chrome/101.0.4951.64 Safari/537.36\"\n"}
{"level":"info","message":"::1 - - [17/May/2022:09:21:26 +0000] \"POST /contact HTTP/1.1\" 200 5275 \"http://localhost:3000/contact\" \"Mozilla/5.0 (X11; Linux x86_64) AppleWebKit/537.36 (KHTML, like Gecko) Chrome/101.0.4951.64 Safari/537.36\"\n"}
{"level":"info","message":"::1 - - [17/May/2022:09:21:26 +0000] \"GET /css/styles.css HTTP/1.1\" 304 - \"http://localhost:3000/contact\" \"Mozilla/5.0 (X11; Linux x86_64) AppleWebKit/537.36 (KHTML, like Gecko) Chrome/101.0.4951.64 Safari/537.36\"\n"}
{"level":"info","message":"::1 - - [17/May/2022:09:21:26 +0000] \"GET /css/bootstrap-rtl.css HTTP/1.1\" 304 - \"http://localhost:3000/contact\" \"Mozilla/5.0 (X11; Linux x86_64) AppleWebKit/537.36 (KHTML, like Gecko) Chrome/101.0.4951.64 Safari/537.36\"\n"}
{"level":"info","message":"::1 - - [17/May/2022:09:21:26 +0000] \"GET /css/font-awesome.css HTTP/1.1\" 304 - \"http://localhost:3000/contact\" \"Mozilla/5.0 (X11; Linux x86_64) AppleWebKit/537.36 (KHTML, like Gecko) Chrome/101.0.4951.64 Safari/537.36\"\n"}
{"level":"info","message":"::1 - - [17/May/2022:09:21:26 +0000] \"GET /js/jquery.slim.min.js HTTP/1.1\" 304 - \"http://localhost:3000/contact\" \"Mozilla/5.0 (X11; Linux x86_64) AppleWebKit/537.36 (KHTML, like Gecko) Chrome/101.0.4951.64 Safari/537.36\"\n"}
{"level":"info","message":"::1 - - [17/May/2022:09:21:26 +0000] \"GET /js/bootstrap.min.js HTTP/1.1\" 304 - \"http://localhost:3000/contact\" \"Mozilla/5.0 (X11; Linux x86_64) AppleWebKit/537.36 (KHTML, like Gecko) Chrome/101.0.4951.64 Safari/537.36\"\n"}
{"level":"info","message":"::1 - - [17/May/2022:09:21:26 +0000] \"GET /captcha.png HTTP/1.1\" 200 2554 \"http://localhost:3000/contact\" \"Mozilla/5.0 (X11; Linux x86_64) AppleWebKit/537.36 (KHTML, like Gecko) Chrome/101.0.4951.64 Safari/537.36\"\n"}
{"level":"info","message":"::1 - - [17/May/2022:09:21:42 +0000] \"POST /contact HTTP/1.1\" 200 5275 \"http://localhost:3000/contact\" \"Mozilla/5.0 (X11; Linux x86_64) AppleWebKit/537.36 (KHTML, like Gecko) Chrome/101.0.4951.64 Safari/537.36\"\n"}
{"level":"info","message":"::1 - - [17/May/2022:09:21:43 +0000] \"GET /css/styles.css HTTP/1.1\" 304 - \"http://localhost:3000/contact\" \"Mozilla/5.0 (X11; Linux x86_64) AppleWebKit/537.36 (KHTML, like Gecko) Chrome/101.0.4951.64 Safari/537.36\"\n"}
{"level":"info","message":"::1 - - [17/May/2022:09:21:43 +0000] \"GET /css/bootstrap-rtl.css HTTP/1.1\" 304 - \"http://localhost:3000/contact\" \"Mozilla/5.0 (X11; Linux x86_64) AppleWebKit/537.36 (KHTML, like Gecko) Chrome/101.0.4951.64 Safari/537.36\"\n"}
{"level":"info","message":"::1 - - [17/May/2022:09:21:43 +0000] \"GET /css/font-awesome.css HTTP/1.1\" 304 - \"http://localhost:3000/contact\" \"Mozilla/5.0 (X11; Linux x86_64) AppleWebKit/537.36 (KHTML, like Gecko) Chrome/101.0.4951.64 Safari/537.36\"\n"}
{"level":"info","message":"::1 - - [17/May/2022:09:21:43 +0000] \"GET /js/jquery.slim.min.js HTTP/1.1\" 304 - \"http://localhost:3000/contact\" \"Mozilla/5.0 (X11; Linux x86_64) AppleWebKit/537.36 (KHTML, like Gecko) Chrome/101.0.4951.64 Safari/537.36\"\n"}
{"level":"info","message":"::1 - - [17/May/2022:09:21:43 +0000] \"GET /js/bootstrap.min.js HTTP/1.1\" 304 - \"http://localhost:3000/contact\" \"Mozilla/5.0 (X11; Linux x86_64) AppleWebKit/537.36 (KHTML, like Gecko) Chrome/101.0.4951.64 Safari/537.36\"\n"}
{"level":"info","message":"::1 - - [17/May/2022:09:21:43 +0000] \"GET /captcha.png HTTP/1.1\" 200 2554 \"http://localhost:3000/contact\" \"Mozilla/5.0 (X11; Linux x86_64) AppleWebKit/537.36 (KHTML, like Gecko) Chrome/101.0.4951.64 Safari/537.36\"\n"}
{"level":"info","message":"::1 - - [17/May/2022:09:21:46 +0000] \"GET /contact HTTP/1.1\" 200 4984 \"http://localhost:3000/contact\" \"Mozilla/5.0 (X11; Linux x86_64) AppleWebKit/537.36 (KHTML, like Gecko) Chrome/101.0.4951.64 Safari/537.36\"\n"}
{"level":"info","message":"::1 - - [17/May/2022:09:21:46 +0000] \"GET /css/styles.css HTTP/1.1\" 304 - \"http://localhost:3000/contact\" \"Mozilla/5.0 (X11; Linux x86_64) AppleWebKit/537.36 (KHTML, like Gecko) Chrome/101.0.4951.64 Safari/537.36\"\n"}
{"level":"info","message":"::1 - - [17/May/2022:09:21:46 +0000] \"GET /css/bootstrap-rtl.css HTTP/1.1\" 304 - \"http://localhost:3000/contact\" \"Mozilla/5.0 (X11; Linux x86_64) AppleWebKit/537.36 (KHTML, like Gecko) Chrome/101.0.4951.64 Safari/537.36\"\n"}
{"level":"info","message":"::1 - - [17/May/2022:09:21:46 +0000] \"GET /css/font-awesome.css HTTP/1.1\" 304 - \"http://localhost:3000/contact\" \"Mozilla/5.0 (X11; Linux x86_64) AppleWebKit/537.36 (KHTML, like Gecko) Chrome/101.0.4951.64 Safari/537.36\"\n"}
{"level":"info","message":"::1 - - [17/May/2022:09:21:46 +0000] \"GET /js/jquery.slim.min.js HTTP/1.1\" 304 - \"http://localhost:3000/contact\" \"Mozilla/5.0 (X11; Linux x86_64) AppleWebKit/537.36 (KHTML, like Gecko) Chrome/101.0.4951.64 Safari/537.36\"\n"}
{"level":"info","message":"::1 - - [17/May/2022:09:21:46 +0000] \"GET /js/bootstrap.min.js HTTP/1.1\" 304 - \"http://localhost:3000/contact\" \"Mozilla/5.0 (X11; Linux x86_64) AppleWebKit/537.36 (KHTML, like Gecko) Chrome/101.0.4951.64 Safari/537.36\"\n"}
{"level":"info","message":"::1 - - [17/May/2022:09:21:46 +0000] \"GET /captcha.png HTTP/1.1\" 200 2554 \"http://localhost:3000/contact\" \"Mozilla/5.0 (X11; Linux x86_64) AppleWebKit/537.36 (KHTML, like Gecko) Chrome/101.0.4951.64 Safari/537.36\"\n"}
{"level":"info","message":"::1 - - [17/May/2022:09:21:57 +0000] \"POST /contact HTTP/1.1\" 200 5275 \"http://localhost:3000/contact\" \"Mozilla/5.0 (X11; Linux x86_64) AppleWebKit/537.36 (KHTML, like Gecko) Chrome/101.0.4951.64 Safari/537.36\"\n"}
{"level":"info","message":"::1 - - [17/May/2022:09:21:57 +0000] \"GET /css/styles.css HTTP/1.1\" 304 - \"http://localhost:3000/contact\" \"Mozilla/5.0 (X11; Linux x86_64) AppleWebKit/537.36 (KHTML, like Gecko) Chrome/101.0.4951.64 Safari/537.36\"\n"}
{"level":"info","message":"::1 - - [17/May/2022:09:21:57 +0000] \"GET /css/bootstrap-rtl.css HTTP/1.1\" 304 - \"http://localhost:3000/contact\" \"Mozilla/5.0 (X11; Linux x86_64) AppleWebKit/537.36 (KHTML, like Gecko) Chrome/101.0.4951.64 Safari/537.36\"\n"}
{"level":"info","message":"::1 - - [17/May/2022:09:21:57 +0000] \"GET /css/font-awesome.css HTTP/1.1\" 304 - \"http://localhost:3000/contact\" \"Mozilla/5.0 (X11; Linux x86_64) AppleWebKit/537.36 (KHTML, like Gecko) Chrome/101.0.4951.64 Safari/537.36\"\n"}
{"level":"info","message":"::1 - - [17/May/2022:09:21:57 +0000] \"GET /js/jquery.slim.min.js HTTP/1.1\" 304 - \"http://localhost:3000/contact\" \"Mozilla/5.0 (X11; Linux x86_64) AppleWebKit/537.36 (KHTML, like Gecko) Chrome/101.0.4951.64 Safari/537.36\"\n"}
{"level":"info","message":"::1 - - [17/May/2022:09:21:57 +0000] \"GET /js/bootstrap.min.js HTTP/1.1\" 304 - \"http://localhost:3000/contact\" \"Mozilla/5.0 (X11; Linux x86_64) AppleWebKit/537.36 (KHTML, like Gecko) Chrome/101.0.4951.64 Safari/537.36\"\n"}
{"level":"info","message":"::1 - - [17/May/2022:09:21:57 +0000] \"GET /captcha.png HTTP/1.1\" 200 2554 \"http://localhost:3000/contact\" \"Mozilla/5.0 (X11; Linux x86_64) AppleWebKit/537.36 (KHTML, like Gecko) Chrome/101.0.4951.64 Safari/537.36\"\n"}
{"level":"info","message":"::1 - - [17/May/2022:09:22:27 +0000] \"POST /contact HTTP/1.1\" 200 5289 \"http://localhost:3000/contact\" \"Mozilla/5.0 (X11; Linux x86_64) AppleWebKit/537.36 (KHTML, like Gecko) Chrome/101.0.4951.64 Safari/537.36\"\n"}
{"level":"info","message":"::1 - - [17/May/2022:09:22:27 +0000] \"GET /css/styles.css HTTP/1.1\" 304 - \"http://localhost:3000/contact\" \"Mozilla/5.0 (X11; Linux x86_64) AppleWebKit/537.36 (KHTML, like Gecko) Chrome/101.0.4951.64 Safari/537.36\"\n"}
{"level":"info","message":"::1 - - [17/May/2022:09:22:27 +0000] \"GET /css/bootstrap-rtl.css HTTP/1.1\" 304 - \"http://localhost:3000/contact\" \"Mozilla/5.0 (X11; Linux x86_64) AppleWebKit/537.36 (KHTML, like Gecko) Chrome/101.0.4951.64 Safari/537.36\"\n"}
{"level":"info","message":"::1 - - [17/May/2022:09:22:27 +0000] \"GET /css/font-awesome.css HTTP/1.1\" 304 - \"http://localhost:3000/contact\" \"Mozilla/5.0 (X11; Linux x86_64) AppleWebKit/537.36 (KHTML, like Gecko) Chrome/101.0.4951.64 Safari/537.36\"\n"}
{"level":"info","message":"::1 - - [17/May/2022:09:22:27 +0000] \"GET /js/jquery.slim.min.js HTTP/1.1\" 304 - \"http://localhost:3000/contact\" \"Mozilla/5.0 (X11; Linux x86_64) AppleWebKit/537.36 (KHTML, like Gecko) Chrome/101.0.4951.64 Safari/537.36\"\n"}
{"level":"info","message":"::1 - - [17/May/2022:09:22:27 +0000] \"GET /js/bootstrap.min.js HTTP/1.1\" 304 - \"http://localhost:3000/contact\" \"Mozilla/5.0 (X11; Linux x86_64) AppleWebKit/537.36 (KHTML, like Gecko) Chrome/101.0.4951.64 Safari/537.36\"\n"}
{"level":"info","message":"::1 - - [17/May/2022:09:22:27 +0000] \"GET /captcha.png HTTP/1.1\" 200 2554 \"http://localhost:3000/contact\" \"Mozilla/5.0 (X11; Linux x86_64) AppleWebKit/537.36 (KHTML, like Gecko) Chrome/101.0.4951.64 Safari/537.36\"\n"}
{"level":"info","message":"::1 - - [17/May/2022:09:24:00 +0000] \"GET /contact? HTTP/1.1\" 200 4984 \"http://localhost:3000/contact\" \"Mozilla/5.0 (X11; Linux x86_64) AppleWebKit/537.36 (KHTML, like Gecko) Chrome/101.0.4951.64 Safari/537.36\"\n"}
{"level":"info","message":"::1 - - [17/May/2022:09:24:00 +0000] \"GET /css/styles.css HTTP/1.1\" 304 - \"http://localhost:3000/contact?\" \"Mozilla/5.0 (X11; Linux x86_64) AppleWebKit/537.36 (KHTML, like Gecko) Chrome/101.0.4951.64 Safari/537.36\"\n"}
{"level":"info","message":"::1 - - [17/May/2022:09:24:00 +0000] \"GET /css/bootstrap-rtl.css HTTP/1.1\" 304 - \"http://localhost:3000/contact?\" \"Mozilla/5.0 (X11; Linux x86_64) AppleWebKit/537.36 (KHTML, like Gecko) Chrome/101.0.4951.64 Safari/537.36\"\n"}
{"level":"info","message":"::1 - - [17/May/2022:09:24:00 +0000] \"GET /css/font-awesome.css HTTP/1.1\" 304 - \"http://localhost:3000/contact?\" \"Mozilla/5.0 (X11; Linux x86_64) AppleWebKit/537.36 (KHTML, like Gecko) Chrome/101.0.4951.64 Safari/537.36\"\n"}
{"level":"info","message":"::1 - - [17/May/2022:09:24:00 +0000] \"GET /js/jquery.slim.min.js HTTP/1.1\" 304 - \"http://localhost:3000/contact?\" \"Mozilla/5.0 (X11; Linux x86_64) AppleWebKit/537.36 (KHTML, like Gecko) Chrome/101.0.4951.64 Safari/537.36\"\n"}
{"level":"info","message":"::1 - - [17/May/2022:09:24:00 +0000] \"GET /js/bootstrap.min.js HTTP/1.1\" 304 - \"http://localhost:3000/contact?\" \"Mozilla/5.0 (X11; Linux x86_64) AppleWebKit/537.36 (KHTML, like Gecko) Chrome/101.0.4951.64 Safari/537.36\"\n"}
{"level":"info","message":"::1 - - [17/May/2022:09:24:00 +0000] \"GET /captcha.png HTTP/1.1\" 200 2554 \"http://localhost:3000/contact?\" \"Mozilla/5.0 (X11; Linux x86_64) AppleWebKit/537.36 (KHTML, like Gecko) Chrome/101.0.4951.64 Safari/537.36\"\n"}
{"level":"info","message":"::1 - - [17/May/2022:09:48:27 +0000] \"GET /contact? HTTP/1.1\" 200 4928 \"http://localhost:3000/contact\" \"Mozilla/5.0 (X11; Linux x86_64) AppleWebKit/537.36 (KHTML, like Gecko) Chrome/101.0.4951.64 Safari/537.36\"\n"}
{"level":"info","message":"::1 - - [17/May/2022:09:48:27 +0000] \"GET /css/styles.css HTTP/1.1\" 304 - \"http://localhost:3000/contact?\" \"Mozilla/5.0 (X11; Linux x86_64) AppleWebKit/537.36 (KHTML, like Gecko) Chrome/101.0.4951.64 Safari/537.36\"\n"}
{"level":"info","message":"::1 - - [17/May/2022:09:48:27 +0000] \"GET /css/bootstrap-rtl.css HTTP/1.1\" 304 - \"http://localhost:3000/contact?\" \"Mozilla/5.0 (X11; Linux x86_64) AppleWebKit/537.36 (KHTML, like Gecko) Chrome/101.0.4951.64 Safari/537.36\"\n"}
{"level":"info","message":"::1 - - [17/May/2022:09:48:27 +0000] \"GET /css/font-awesome.css HTTP/1.1\" 304 - \"http://localhost:3000/contact?\" \"Mozilla/5.0 (X11; Linux x86_64) AppleWebKit/537.36 (KHTML, like Gecko) Chrome/101.0.4951.64 Safari/537.36\"\n"}
{"level":"info","message":"::1 - - [17/May/2022:09:48:27 +0000] \"GET /js/jquery.slim.min.js HTTP/1.1\" 304 - \"http://localhost:3000/contact?\" \"Mozilla/5.0 (X11; Linux x86_64) AppleWebKit/537.36 (KHTML, like Gecko) Chrome/101.0.4951.64 Safari/537.36\"\n"}
{"level":"info","message":"::1 - - [17/May/2022:09:48:27 +0000] \"GET /js/bootstrap.min.js HTTP/1.1\" 304 - \"http://localhost:3000/contact?\" \"Mozilla/5.0 (X11; Linux x86_64) AppleWebKit/537.36 (KHTML, like Gecko) Chrome/101.0.4951.64 Safari/537.36\"\n"}
{"level":"info","message":"::1 - - [17/May/2022:09:48:27 +0000] \"GET /captcha.png HTTP/1.1\" 200 2554 \"http://localhost:3000/contact?\" \"Mozilla/5.0 (X11; Linux x86_64) AppleWebKit/537.36 (KHTML, like Gecko) Chrome/101.0.4951.64 Safari/537.36\"\n"}
{"level":"info","message":"::1 - - [17/May/2022:09:48:27 +0000] \"GET /favicon.ico HTTP/1.1\" 304 - \"http://localhost:3000/contact?\" \"Mozilla/5.0 (X11; Linux x86_64) AppleWebKit/537.36 (KHTML, like Gecko) Chrome/101.0.4951.64 Safari/537.36\"\n"}
{"level":"info","message":"::1 - - [17/May/2022:09:48:42 +0000] \"GET /contact? HTTP/1.1\" 304 - \"http://localhost:3000/contact\" \"Mozilla/5.0 (X11; Linux x86_64) AppleWebKit/537.36 (KHTML, like Gecko) Chrome/101.0.4951.64 Safari/537.36\"\n"}
{"level":"info","message":"::1 - - [17/May/2022:09:48:42 +0000] \"GET /css/styles.css HTTP/1.1\" 304 - \"http://localhost:3000/contact?\" \"Mozilla/5.0 (X11; Linux x86_64) AppleWebKit/537.36 (KHTML, like Gecko) Chrome/101.0.4951.64 Safari/537.36\"\n"}
{"level":"info","message":"::1 - - [17/May/2022:09:48:42 +0000] \"GET /css/bootstrap-rtl.css HTTP/1.1\" 304 - \"http://localhost:3000/contact?\" \"Mozilla/5.0 (X11; Linux x86_64) AppleWebKit/537.36 (KHTML, like Gecko) Chrome/101.0.4951.64 Safari/537.36\"\n"}
{"level":"info","message":"::1 - - [17/May/2022:09:48:42 +0000] \"GET /css/font-awesome.css HTTP/1.1\" 304 - \"http://localhost:3000/contact?\" \"Mozilla/5.0 (X11; Linux x86_64) AppleWebKit/537.36 (KHTML, like Gecko) Chrome/101.0.4951.64 Safari/537.36\"\n"}
{"level":"info","message":"::1 - - [17/May/2022:09:48:42 +0000] \"GET /js/jquery.slim.min.js HTTP/1.1\" 304 - \"http://localhost:3000/contact?\" \"Mozilla/5.0 (X11; Linux x86_64) AppleWebKit/537.36 (KHTML, like Gecko) Chrome/101.0.4951.64 Safari/537.36\"\n"}
{"level":"info","message":"::1 - - [17/May/2022:09:48:42 +0000] \"GET /js/bootstrap.min.js HTTP/1.1\" 304 - \"http://localhost:3000/contact?\" \"Mozilla/5.0 (X11; Linux x86_64) AppleWebKit/537.36 (KHTML, like Gecko) Chrome/101.0.4951.64 Safari/537.36\"\n"}
{"level":"info","message":"::1 - - [17/May/2022:09:48:42 +0000] \"GET /captcha.png HTTP/1.1\" 200 2554 \"http://localhost:3000/contact?\" \"Mozilla/5.0 (X11; Linux x86_64) AppleWebKit/537.36 (KHTML, like Gecko) Chrome/101.0.4951.64 Safari/537.36\"\n"}
{"level":"info","message":"::1 - - [17/May/2022:09:48:42 +0000] \"GET /favicon.ico HTTP/1.1\" 304 - \"http://localhost:3000/contact?\" \"Mozilla/5.0 (X11; Linux x86_64) AppleWebKit/537.36 (KHTML, like Gecko) Chrome/101.0.4951.64 Safari/537.36\"\n"}
{"date":"Tue May 17 2022 14:22:57 GMT+0430 (Iran Daylight Time)","error":{},"exception":true,"level":"error","message":"uncaughtException: Unexpected token '.'\n/home/ahoora/Documents/courses/weblog-project/controllers/blogController.js:157\n            .sort({\n            ^\n\nSyntaxError: Unexpected token '.'\n    at Object.compileFunction (node:vm:352:18)\n    at wrapSafe (node:internal/modules/cjs/loader:1027:15)\n    at Module._compile (node:internal/modules/cjs/loader:1063:27)\n    at Object.Module._extensions..js (node:internal/modules/cjs/loader:1153:10)\n    at Module.load (node:internal/modules/cjs/loader:975:32)\n    at Function.Module._load (node:internal/modules/cjs/loader:822:12)\n    at Module.require (node:internal/modules/cjs/loader:999:19)\n    at require (node:internal/modules/cjs/helpers:102:18)\n    at Object.<anonymous> (/home/ahoora/Documents/courses/weblog-project/routes/blog.js:3:24)\n    at Module._compile (node:internal/modules/cjs/loader:1099:14)\n    at Object.Module._extensions..js (node:internal/modules/cjs/loader:1153:10)\n    at Module.load (node:internal/modules/cjs/loader:975:32)\n    at Function.Module._load (node:internal/modules/cjs/loader:822:12)\n    at Module.require (node:internal/modules/cjs/loader:999:19)\n    at require (node:internal/modules/cjs/helpers:102:18)\n    at Object.<anonymous> (/home/ahoora/Documents/courses/weblog-project/app.js:71:14)","os":{"loadavg":[2.66,2.61,2.26],"uptime":11652.63},"process":{"argv":["/usr/bin/node","/home/ahoora/Documents/courses/weblog-project/app.js"],"cwd":"/home/ahoora/Documents/courses/weblog-project","execPath":"/usr/bin/node","gid":1000,"memoryUsage":{"arrayBuffers":18614434,"external":19670189,"heapTotal":57458688,"heapUsed":28478464,"rss":85331968},"pid":40082,"uid":1000,"version":"v17.9.0"},"stack":"/home/ahoora/Documents/courses/weblog-project/controllers/blogController.js:157\n            .sort({\n            ^\n\nSyntaxError: Unexpected token '.'\n    at Object.compileFunction (node:vm:352:18)\n    at wrapSafe (node:internal/modules/cjs/loader:1027:15)\n    at Module._compile (node:internal/modules/cjs/loader:1063:27)\n    at Object.Module._extensions..js (node:internal/modules/cjs/loader:1153:10)\n    at Module.load (node:internal/modules/cjs/loader:975:32)\n    at Function.Module._load (node:internal/modules/cjs/loader:822:12)\n    at Module.require (node:internal/modules/cjs/loader:999:19)\n    at require (node:internal/modules/cjs/helpers:102:18)\n    at Object.<anonymous> (/home/ahoora/Documents/courses/weblog-project/routes/blog.js:3:24)\n    at Module._compile (node:internal/modules/cjs/loader:1099:14)\n    at Object.Module._extensions..js (node:internal/modules/cjs/loader:1153:10)\n    at Module.load (node:internal/modules/cjs/loader:975:32)\n    at Function.Module._load (node:internal/modules/cjs/loader:822:12)\n    at Module.require (node:internal/modules/cjs/loader:999:19)\n    at require (node:internal/modules/cjs/helpers:102:18)\n    at Object.<anonymous> (/home/ahoora/Documents/courses/weblog-project/app.js:71:14)","trace":[{"column":18,"file":"node:vm","function":"Object.compileFunction","line":352,"method":"compileFunction","native":false},{"column":15,"file":"node:internal/modules/cjs/loader","function":"wrapSafe","line":1027,"method":null,"native":false},{"column":27,"file":"node:internal/modules/cjs/loader","function":"Module._compile","line":1063,"method":"_compile","native":false},{"column":10,"file":"node:internal/modules/cjs/loader","function":"Module._extensions..js","line":1153,"method":".js","native":false},{"column":32,"file":"node:internal/modules/cjs/loader","function":"Module.load","line":975,"method":"load","native":false},{"column":12,"file":"node:internal/modules/cjs/loader","function":"Module._load","line":822,"method":"_load","native":false},{"column":19,"file":"node:internal/modules/cjs/loader","function":"Module.require","line":999,"method":"require","native":false},{"column":18,"file":"node:internal/modules/cjs/helpers","function":"require","line":102,"method":null,"native":false},{"column":24,"file":"/home/ahoora/Documents/courses/weblog-project/routes/blog.js","function":null,"line":3,"method":null,"native":false},{"column":14,"file":"node:internal/modules/cjs/loader","function":"Module._compile","line":1099,"method":"_compile","native":false},{"column":10,"file":"node:internal/modules/cjs/loader","function":"Module._extensions..js","line":1153,"method":".js","native":false},{"column":32,"file":"node:internal/modules/cjs/loader","function":"Module.load","line":975,"method":"load","native":false},{"column":12,"file":"node:internal/modules/cjs/loader","function":"Module._load","line":822,"method":"_load","native":false},{"column":19,"file":"node:internal/modules/cjs/loader","function":"Module.require","line":999,"method":"require","native":false},{"column":18,"file":"node:internal/modules/cjs/helpers","function":"require","line":102,"method":null,"native":false},{"column":14,"file":"/home/ahoora/Documents/courses/weblog-project/app.js","function":null,"line":71,"method":null,"native":false}]}
{"date":"Tue May 17 2022 14:24:01 GMT+0430 (Iran Daylight Time)","error":{},"exception":true,"level":"error","message":"uncaughtException: Unexpected token '.'\n/home/ahoora/Documents/courses/weblog-project/controllers/blogController.js:157\n            .sort({\n            ^\n\nSyntaxError: Unexpected token '.'\n    at Object.compileFunction (node:vm:352:18)\n    at wrapSafe (node:internal/modules/cjs/loader:1027:15)\n    at Module._compile (node:internal/modules/cjs/loader:1063:27)\n    at Object.Module._extensions..js (node:internal/modules/cjs/loader:1153:10)\n    at Module.load (node:internal/modules/cjs/loader:975:32)\n    at Function.Module._load (node:internal/modules/cjs/loader:822:12)\n    at Module.require (node:internal/modules/cjs/loader:999:19)\n    at require (node:internal/modules/cjs/helpers:102:18)\n    at Object.<anonymous> (/home/ahoora/Documents/courses/weblog-project/routes/blog.js:3:24)\n    at Module._compile (node:internal/modules/cjs/loader:1099:14)\n    at Object.Module._extensions..js (node:internal/modules/cjs/loader:1153:10)\n    at Module.load (node:internal/modules/cjs/loader:975:32)\n    at Function.Module._load (node:internal/modules/cjs/loader:822:12)\n    at Module.require (node:internal/modules/cjs/loader:999:19)\n    at require (node:internal/modules/cjs/helpers:102:18)\n    at Object.<anonymous> (/home/ahoora/Documents/courses/weblog-project/app.js:71:14)","os":{"loadavg":[2.52,2.55,2.26],"uptime":11716.79},"process":{"argv":["/usr/bin/node","/home/ahoora/Documents/courses/weblog-project/app.js"],"cwd":"/home/ahoora/Documents/courses/weblog-project","execPath":"/usr/bin/node","gid":1000,"memoryUsage":{"arrayBuffers":18622713,"external":19678468,"heapTotal":57720832,"heapUsed":28658688,"rss":84254720},"pid":40301,"uid":1000,"version":"v17.9.0"},"stack":"/home/ahoora/Documents/courses/weblog-project/controllers/blogController.js:157\n            .sort({\n            ^\n\nSyntaxError: Unexpected token '.'\n    at Object.compileFunction (node:vm:352:18)\n    at wrapSafe (node:internal/modules/cjs/loader:1027:15)\n    at Module._compile (node:internal/modules/cjs/loader:1063:27)\n    at Object.Module._extensions..js (node:internal/modules/cjs/loader:1153:10)\n    at Module.load (node:internal/modules/cjs/loader:975:32)\n    at Function.Module._load (node:internal/modules/cjs/loader:822:12)\n    at Module.require (node:internal/modules/cjs/loader:999:19)\n    at require (node:internal/modules/cjs/helpers:102:18)\n    at Object.<anonymous> (/home/ahoora/Documents/courses/weblog-project/routes/blog.js:3:24)\n    at Module._compile (node:internal/modules/cjs/loader:1099:14)\n    at Object.Module._extensions..js (node:internal/modules/cjs/loader:1153:10)\n    at Module.load (node:internal/modules/cjs/loader:975:32)\n    at Function.Module._load (node:internal/modules/cjs/loader:822:12)\n    at Module.require (node:internal/modules/cjs/loader:999:19)\n    at require (node:internal/modules/cjs/helpers:102:18)\n    at Object.<anonymous> (/home/ahoora/Documents/courses/weblog-project/app.js:71:14)","trace":[{"column":18,"file":"node:vm","function":"Object.compileFunction","line":352,"method":"compileFunction","native":false},{"column":15,"file":"node:internal/modules/cjs/loader","function":"wrapSafe","line":1027,"method":null,"native":false},{"column":27,"file":"node:internal/modules/cjs/loader","function":"Module._compile","line":1063,"method":"_compile","native":false},{"column":10,"file":"node:internal/modules/cjs/loader","function":"Module._extensions..js","line":1153,"method":".js","native":false},{"column":32,"file":"node:internal/modules/cjs/loader","function":"Module.load","line":975,"method":"load","native":false},{"column":12,"file":"node:internal/modules/cjs/loader","function":"Module._load","line":822,"method":"_load","native":false},{"column":19,"file":"node:internal/modules/cjs/loader","function":"Module.require","line":999,"method":"require","native":false},{"column":18,"file":"node:internal/modules/cjs/helpers","function":"require","line":102,"method":null,"native":false},{"column":24,"file":"/home/ahoora/Documents/courses/weblog-project/routes/blog.js","function":null,"line":3,"method":null,"native":false},{"column":14,"file":"node:internal/modules/cjs/loader","function":"Module._compile","line":1099,"method":"_compile","native":false},{"column":10,"file":"node:internal/modules/cjs/loader","function":"Module._extensions..js","line":1153,"method":".js","native":false},{"column":32,"file":"node:internal/modules/cjs/loader","function":"Module.load","line":975,"method":"load","native":false},{"column":12,"file":"node:internal/modules/cjs/loader","function":"Module._load","line":822,"method":"_load","native":false},{"column":19,"file":"node:internal/modules/cjs/loader","function":"Module.require","line":999,"method":"require","native":false},{"column":18,"file":"node:internal/modules/cjs/helpers","function":"require","line":102,"method":null,"native":false},{"column":14,"file":"/home/ahoora/Documents/courses/weblog-project/app.js","function":null,"line":71,"method":null,"native":false}]}
{"level":"info","message":"::1 - - [17/May/2022:09:55:10 +0000] \"GET / HTTP/1.1\" 200 6152 \"-\" \"Mozilla/5.0 (X11; Linux x86_64) AppleWebKit/537.36 (KHTML, like Gecko) Chrome/101.0.4951.64 Safari/537.36\"\n"}
{"level":"info","message":"::1 - - [17/May/2022:09:55:10 +0000] \"GET /css/styles.css HTTP/1.1\" 304 - \"http://localhost:3000/\" \"Mozilla/5.0 (X11; Linux x86_64) AppleWebKit/537.36 (KHTML, like Gecko) Chrome/101.0.4951.64 Safari/537.36\"\n"}
{"level":"info","message":"::1 - - [17/May/2022:09:55:10 +0000] \"GET /css/font-awesome.css HTTP/1.1\" 304 - \"http://localhost:3000/\" \"Mozilla/5.0 (X11; Linux x86_64) AppleWebKit/537.36 (KHTML, like Gecko) Chrome/101.0.4951.64 Safari/537.36\"\n"}
{"level":"info","message":"::1 - - [17/May/2022:09:55:10 +0000] \"GET /css/bootstrap-rtl.css HTTP/1.1\" 304 - \"http://localhost:3000/\" \"Mozilla/5.0 (X11; Linux x86_64) AppleWebKit/537.36 (KHTML, like Gecko) Chrome/101.0.4951.64 Safari/537.36\"\n"}
{"level":"info","message":"::1 - - [17/May/2022:09:55:10 +0000] \"GET /js/jquery.slim.min.js HTTP/1.1\" 304 - \"http://localhost:3000/\" \"Mozilla/5.0 (X11; Linux x86_64) AppleWebKit/537.36 (KHTML, like Gecko) Chrome/101.0.4951.64 Safari/537.36\"\n"}
{"level":"info","message":"::1 - - [17/May/2022:09:55:10 +0000] \"GET /uploads/thumbnails/HWyrcXSaK_how-easy-is-it-to-learn-german.png HTTP/1.1\" 304 - \"http://localhost:3000/\" \"Mozilla/5.0 (X11; Linux x86_64) AppleWebKit/537.36 (KHTML, like Gecko) Chrome/101.0.4951.64 Safari/537.36\"\n"}
{"level":"info","message":"::1 - - [17/May/2022:09:55:10 +0000] \"GET /uploads/thumbnails/Pk1u6hini_index.jpeg HTTP/1.1\" 304 - \"http://localhost:3000/\" \"Mozilla/5.0 (X11; Linux x86_64) AppleWebKit/537.36 (KHTML, like Gecko) Chrome/101.0.4951.64 Safari/537.36\"\n"}
{"level":"info","message":"::1 - - [17/May/2022:09:55:10 +0000] \"GET /uploads/thumbnails/ HTTP/1.1\" 304 - \"http://localhost:3000/\" \"Mozilla/5.0 (X11; Linux x86_64) AppleWebKit/537.36 (KHTML, like Gecko) Chrome/101.0.4951.64 Safari/537.36\"\n"}
{"level":"info","message":"::1 - - [17/May/2022:09:55:10 +0000] \"GET /uploads/thumbnails/ncep0ZsQs_german.jpeg HTTP/1.1\" 304 - \"http://localhost:3000/\" \"Mozilla/5.0 (X11; Linux x86_64) AppleWebKit/537.36 (KHTML, like Gecko) Chrome/101.0.4951.64 Safari/537.36\"\n"}
{"level":"info","message":"::1 - - [17/May/2022:09:55:10 +0000] \"GET /js/bootstrap.min.js HTTP/1.1\" 304 - \"http://localhost:3000/\" \"Mozilla/5.0 (X11; Linux x86_64) AppleWebKit/537.36 (KHTML, like Gecko) Chrome/101.0.4951.64 Safari/537.36\"\n"}
{"level":"info","message":"::1 - - [17/May/2022:09:55:10 +0000] \"GET /uploads/YGBzTYXGO_german.jpeg HTTP/1.1\" 304 - \"http://localhost:3000/\" \"Mozilla/5.0 (X11; Linux x86_64) AppleWebKit/537.36 (KHTML, like Gecko) Chrome/101.0.4951.64 Safari/537.36\"\n"}
{"level":"info","message":"::1 - - [17/May/2022:09:55:10 +0000] \"GET /fonts/BYekan-webfont.woff HTTP/1.1\" 304 - \"http://localhost:3000/css/styles.css\" \"Mozilla/5.0 (X11; Linux x86_64) AppleWebKit/537.36 (KHTML, like Gecko) Chrome/101.0.4951.64 Safari/537.36\"\n"}
{"level":"info","message":"::1 - - [17/May/2022:09:55:23 +0000] \"POST /search HTTP/1.1\" 200 2825 \"http://localhost:3000/\" \"Mozilla/5.0 (X11; Linux x86_64) AppleWebKit/537.36 (KHTML, like Gecko) Chrome/101.0.4951.64 Safari/537.36\"\n"}
{"level":"info","message":"::1 - - [17/May/2022:09:55:23 +0000] \"GET /css/styles.css HTTP/1.1\" 304 - \"http://localhost:3000/search\" \"Mozilla/5.0 (X11; Linux x86_64) AppleWebKit/537.36 (KHTML, like Gecko) Chrome/101.0.4951.64 Safari/537.36\"\n"}
{"level":"info","message":"::1 - - [17/May/2022:09:55:23 +0000] \"GET /css/bootstrap-rtl.css HTTP/1.1\" 304 - \"http://localhost:3000/search\" \"Mozilla/5.0 (X11; Linux x86_64) AppleWebKit/537.36 (KHTML, like Gecko) Chrome/101.0.4951.64 Safari/537.36\"\n"}
{"level":"info","message":"::1 - - [17/May/2022:09:55:23 +0000] \"GET /css/font-awesome.css HTTP/1.1\" 304 - \"http://localhost:3000/search\" \"Mozilla/5.0 (X11; Linux x86_64) AppleWebKit/537.36 (KHTML, like Gecko) Chrome/101.0.4951.64 Safari/537.36\"\n"}
{"level":"info","message":"::1 - - [17/May/2022:09:55:23 +0000] \"GET /js/jquery.slim.min.js HTTP/1.1\" 304 - \"http://localhost:3000/search\" \"Mozilla/5.0 (X11; Linux x86_64) AppleWebKit/537.36 (KHTML, like Gecko) Chrome/101.0.4951.64 Safari/537.36\"\n"}
{"level":"info","message":"::1 - - [17/May/2022:09:55:23 +0000] \"GET /js/bootstrap.min.js HTTP/1.1\" 304 - \"http://localhost:3000/search\" \"Mozilla/5.0 (X11; Linux x86_64) AppleWebKit/537.36 (KHTML, like Gecko) Chrome/101.0.4951.64 Safari/537.36\"\n"}
{"level":"info","message":"::1 - - [17/May/2022:09:55:23 +0000] \"GET /fonts/BYekan-webfont.woff HTTP/1.1\" 304 - \"http://localhost:3000/css/styles.css\" \"Mozilla/5.0 (X11; Linux x86_64) AppleWebKit/537.36 (KHTML, like Gecko) Chrome/101.0.4951.64 Safari/537.36\"\n"}
{"level":"info","message":"::1 - - [17/May/2022:09:55:30 +0000] \"POST /search HTTP/1.1\" 200 3252 \"http://localhost:3000/\" \"Mozilla/5.0 (X11; Linux x86_64) AppleWebKit/537.36 (KHTML, like Gecko) Chrome/101.0.4951.64 Safari/537.36\"\n"}
{"level":"info","message":"::1 - - [17/May/2022:09:55:30 +0000] \"GET /css/styles.css HTTP/1.1\" 304 - \"http://localhost:3000/search\" \"Mozilla/5.0 (X11; Linux x86_64) AppleWebKit/537.36 (KHTML, like Gecko) Chrome/101.0.4951.64 Safari/537.36\"\n"}
{"level":"info","message":"::1 - - [17/May/2022:09:55:30 +0000] \"GET /css/bootstrap-rtl.css HTTP/1.1\" 304 - \"http://localhost:3000/search\" \"Mozilla/5.0 (X11; Linux x86_64) AppleWebKit/537.36 (KHTML, like Gecko) Chrome/101.0.4951.64 Safari/537.36\"\n"}
{"level":"info","message":"::1 - - [17/May/2022:09:55:30 +0000] \"GET /css/font-awesome.css HTTP/1.1\" 304 - \"http://localhost:3000/search\" \"Mozilla/5.0 (X11; Linux x86_64) AppleWebKit/537.36 (KHTML, like Gecko) Chrome/101.0.4951.64 Safari/537.36\"\n"}
{"level":"info","message":"::1 - - [17/May/2022:09:55:30 +0000] \"GET /js/jquery.slim.min.js HTTP/1.1\" 304 - \"http://localhost:3000/search\" \"Mozilla/5.0 (X11; Linux x86_64) AppleWebKit/537.36 (KHTML, like Gecko) Chrome/101.0.4951.64 Safari/537.36\"\n"}
{"level":"info","message":"::1 - - [17/May/2022:09:55:30 +0000] \"GET /js/bootstrap.min.js HTTP/1.1\" 304 - \"http://localhost:3000/search\" \"Mozilla/5.0 (X11; Linux x86_64) AppleWebKit/537.36 (KHTML, like Gecko) Chrome/101.0.4951.64 Safari/537.36\"\n"}
{"level":"info","message":"::1 - - [17/May/2022:09:55:30 +0000] \"GET /uploads/thumbnails/Pk1u6hini_index.jpeg HTTP/1.1\" 304 - \"http://localhost:3000/search\" \"Mozilla/5.0 (X11; Linux x86_64) AppleWebKit/537.36 (KHTML, like Gecko) Chrome/101.0.4951.64 Safari/537.36\"\n"}
{"level":"info","message":"::1 - - [17/May/2022:09:55:38 +0000] \"POST /search HTTP/1.1\" 200 2825 \"http://localhost:3000/\" \"Mozilla/5.0 (X11; Linux x86_64) AppleWebKit/537.36 (KHTML, like Gecko) Chrome/101.0.4951.64 Safari/537.36\"\n"}
{"level":"info","message":"::1 - - [17/May/2022:09:55:38 +0000] \"GET /css/styles.css HTTP/1.1\" 304 - \"http://localhost:3000/search\" \"Mozilla/5.0 (X11; Linux x86_64) AppleWebKit/537.36 (KHTML, like Gecko) Chrome/101.0.4951.64 Safari/537.36\"\n"}
{"level":"info","message":"::1 - - [17/May/2022:09:55:38 +0000] \"GET /css/bootstrap-rtl.css HTTP/1.1\" 304 - \"http://localhost:3000/search\" \"Mozilla/5.0 (X11; Linux x86_64) AppleWebKit/537.36 (KHTML, like Gecko) Chrome/101.0.4951.64 Safari/537.36\"\n"}
{"level":"info","message":"::1 - - [17/May/2022:09:55:38 +0000] \"GET /css/font-awesome.css HTTP/1.1\" 304 - \"http://localhost:3000/search\" \"Mozilla/5.0 (X11; Linux x86_64) AppleWebKit/537.36 (KHTML, like Gecko) Chrome/101.0.4951.64 Safari/537.36\"\n"}
{"level":"info","message":"::1 - - [17/May/2022:09:55:38 +0000] \"GET /js/jquery.slim.min.js HTTP/1.1\" 304 - \"http://localhost:3000/search\" \"Mozilla/5.0 (X11; Linux x86_64) AppleWebKit/537.36 (KHTML, like Gecko) Chrome/101.0.4951.64 Safari/537.36\"\n"}
{"level":"info","message":"::1 - - [17/May/2022:09:55:38 +0000] \"GET /js/bootstrap.min.js HTTP/1.1\" 304 - \"http://localhost:3000/search\" \"Mozilla/5.0 (X11; Linux x86_64) AppleWebKit/537.36 (KHTML, like Gecko) Chrome/101.0.4951.64 Safari/537.36\"\n"}
{"level":"info","message":"::1 - - [17/May/2022:09:55:46 +0000] \"POST /search HTTP/1.1\" 200 6084 \"http://localhost:3000/\" \"Mozilla/5.0 (X11; Linux x86_64) AppleWebKit/537.36 (KHTML, like Gecko) Chrome/101.0.4951.64 Safari/537.36\"\n"}
{"level":"info","message":"::1 - - [17/May/2022:09:55:46 +0000] \"GET /css/styles.css HTTP/1.1\" 304 - \"http://localhost:3000/search\" \"Mozilla/5.0 (X11; Linux x86_64) AppleWebKit/537.36 (KHTML, like Gecko) Chrome/101.0.4951.64 Safari/537.36\"\n"}
{"level":"info","message":"::1 - - [17/May/2022:09:55:46 +0000] \"GET /css/bootstrap-rtl.css HTTP/1.1\" 304 - \"http://localhost:3000/search\" \"Mozilla/5.0 (X11; Linux x86_64) AppleWebKit/537.36 (KHTML, like Gecko) Chrome/101.0.4951.64 Safari/537.36\"\n"}
{"level":"info","message":"::1 - - [17/May/2022:09:55:46 +0000] \"GET /css/font-awesome.css HTTP/1.1\" 304 - \"http://localhost:3000/search\" \"Mozilla/5.0 (X11; Linux x86_64) AppleWebKit/537.36 (KHTML, like Gecko) Chrome/101.0.4951.64 Safari/537.36\"\n"}
{"level":"info","message":"::1 - - [17/May/2022:09:55:46 +0000] \"GET /js/jquery.slim.min.js HTTP/1.1\" 304 - \"http://localhost:3000/search\" \"Mozilla/5.0 (X11; Linux x86_64) AppleWebKit/537.36 (KHTML, like Gecko) Chrome/101.0.4951.64 Safari/537.36\"\n"}
{"level":"info","message":"::1 - - [17/May/2022:09:55:46 +0000] \"GET /js/bootstrap.min.js HTTP/1.1\" 304 - \"http://localhost:3000/search\" \"Mozilla/5.0 (X11; Linux x86_64) AppleWebKit/537.36 (KHTML, like Gecko) Chrome/101.0.4951.64 Safari/537.36\"\n"}
{"level":"info","message":"::1 - - [17/May/2022:09:55:46 +0000] \"GET /uploads/thumbnails/HWyrcXSaK_how-easy-is-it-to-learn-german.png HTTP/1.1\" 304 - \"http://localhost:3000/search\" \"Mozilla/5.0 (X11; Linux x86_64) AppleWebKit/537.36 (KHTML, like Gecko) Chrome/101.0.4951.64 Safari/537.36\"\n"}
{"level":"info","message":"::1 - - [17/May/2022:09:55:46 +0000] \"GET /uploads/thumbnails/ncep0ZsQs_german.jpeg HTTP/1.1\" 304 - \"http://localhost:3000/search\" \"Mozilla/5.0 (X11; Linux x86_64) AppleWebKit/537.36 (KHTML, like Gecko) Chrome/101.0.4951.64 Safari/537.36\"\n"}
{"level":"info","message":"::1 - - [17/May/2022:09:55:46 +0000] \"GET /uploads/thumbnails/ HTTP/1.1\" 304 - \"http://localhost:3000/search\" \"Mozilla/5.0 (X11; Linux x86_64) AppleWebKit/537.36 (KHTML, like Gecko) Chrome/101.0.4951.64 Safari/537.36\"\n"}
{"level":"info","message":"::1 - - [17/May/2022:09:55:46 +0000] \"GET /uploads/YGBzTYXGO_german.jpeg HTTP/1.1\" 304 - \"http://localhost:3000/search\" \"Mozilla/5.0 (X11; Linux x86_64) AppleWebKit/537.36 (KHTML, like Gecko) Chrome/101.0.4951.64 Safari/537.36\"\n"}
{"level":"info","message":"::1 - - [17/May/2022:09:56:11 +0000] \"GET /users/login HTTP/1.1\" 200 2078 \"-\" \"Mozilla/5.0 (X11; Linux x86_64) AppleWebKit/537.36 (KHTML, like Gecko) Chrome/101.0.4951.64 Safari/537.36\"\n"}
{"level":"info","message":"::1 - - [17/May/2022:09:56:11 +0000] \"GET /css/styles.css HTTP/1.1\" 304 - \"http://localhost:3000/users/login\" \"Mozilla/5.0 (X11; Linux x86_64) AppleWebKit/537.36 (KHTML, like Gecko) Chrome/101.0.4951.64 Safari/537.36\"\n"}
{"level":"info","message":"::1 - - [17/May/2022:09:56:11 +0000] \"GET /css/bootstrap-rtl.css HTTP/1.1\" 304 - \"http://localhost:3000/users/login\" \"Mozilla/5.0 (X11; Linux x86_64) AppleWebKit/537.36 (KHTML, like Gecko) Chrome/101.0.4951.64 Safari/537.36\"\n"}
{"level":"info","message":"::1 - - [17/May/2022:09:56:11 +0000] \"GET /css/font-awesome.css HTTP/1.1\" 304 - \"http://localhost:3000/users/login\" \"Mozilla/5.0 (X11; Linux x86_64) AppleWebKit/537.36 (KHTML, like Gecko) Chrome/101.0.4951.64 Safari/537.36\"\n"}
{"level":"info","message":"::1 - - [17/May/2022:09:56:11 +0000] \"GET /css/signin.css HTTP/1.1\" 304 - \"http://localhost:3000/users/login\" \"Mozilla/5.0 (X11; Linux x86_64) AppleWebKit/537.36 (KHTML, like Gecko) Chrome/101.0.4951.64 Safari/537.36\"\n"}
{"level":"info","message":"::1 - - [17/May/2022:09:56:11 +0000] \"GET /js/jquery.slim.min.js HTTP/1.1\" 304 - \"http://localhost:3000/users/login\" \"Mozilla/5.0 (X11; Linux x86_64) AppleWebKit/537.36 (KHTML, like Gecko) Chrome/101.0.4951.64 Safari/537.36\"\n"}
{"level":"info","message":"::1 - - [17/May/2022:09:56:11 +0000] \"GET /js/bootstrap.min.js HTTP/1.1\" 304 - \"http://localhost:3000/users/login\" \"Mozilla/5.0 (X11; Linux x86_64) AppleWebKit/537.36 (KHTML, like Gecko) Chrome/101.0.4951.64 Safari/537.36\"\n"}
{"level":"info","message":"::1 - - [17/May/2022:09:56:21 +0000] \"POST /users/login HTTP/1.1\" 302 64 \"http://localhost:3000/users/login\" \"Mozilla/5.0 (X11; Linux x86_64) AppleWebKit/537.36 (KHTML, like Gecko) Chrome/101.0.4951.64 Safari/537.36\"\n"}
{"level":"info","message":"::1 - - [17/May/2022:09:56:21 +0000] \"GET /dashboard HTTP/1.1\" 304 - \"http://localhost:3000/users/login\" \"Mozilla/5.0 (X11; Linux x86_64) AppleWebKit/537.36 (KHTML, like Gecko) Chrome/101.0.4951.64 Safari/537.36\"\n"}
{"level":"info","message":"::1 - - [17/May/2022:09:56:21 +0000] \"GET /css/bootstrap-rtl.css HTTP/1.1\" 304 - \"http://localhost:3000/dashboard\" \"Mozilla/5.0 (X11; Linux x86_64) AppleWebKit/537.36 (KHTML, like Gecko) Chrome/101.0.4951.64 Safari/537.36\"\n"}
{"level":"info","message":"::1 - - [17/May/2022:09:56:21 +0000] \"GET /js/jquery.slim.min.js HTTP/1.1\" 304 - \"http://localhost:3000/dashboard\" \"Mozilla/5.0 (X11; Linux x86_64) AppleWebKit/537.36 (KHTML, like Gecko) Chrome/101.0.4951.64 Safari/537.36\"\n"}
{"level":"info","message":"::1 - - [17/May/2022:09:56:21 +0000] \"GET /css/font-awesome.css HTTP/1.1\" 304 - \"http://localhost:3000/dashboard\" \"Mozilla/5.0 (X11; Linux x86_64) AppleWebKit/537.36 (KHTML, like Gecko) Chrome/101.0.4951.64 Safari/537.36\"\n"}
{"level":"info","message":"::1 - - [17/May/2022:09:56:21 +0000] \"GET /css/dashboard.css HTTP/1.1\" 304 - \"http://localhost:3000/dashboard\" \"Mozilla/5.0 (X11; Linux x86_64) AppleWebKit/537.36 (KHTML, like Gecko) Chrome/101.0.4951.64 Safari/537.36\"\n"}
{"level":"info","message":"::1 - - [17/May/2022:09:56:21 +0000] \"GET /css/styles.css HTTP/1.1\" 304 - \"http://localhost:3000/dashboard\" \"Mozilla/5.0 (X11; Linux x86_64) AppleWebKit/537.36 (KHTML, like Gecko) Chrome/101.0.4951.64 Safari/537.36\"\n"}
{"level":"info","message":"::1 - - [17/May/2022:09:56:21 +0000] \"GET /js/bootstrap.bundle.min.js HTTP/1.1\" 304 - \"http://localhost:3000/dashboard\" \"Mozilla/5.0 (X11; Linux x86_64) AppleWebKit/537.36 (KHTML, like Gecko) Chrome/101.0.4951.64 Safari/537.36\"\n"}
{"level":"info","message":"::1 - - [17/May/2022:09:56:21 +0000] \"GET /fonts/fontawesome-webfont.woff2?v=4.7.0 HTTP/1.1\" 304 - \"http://localhost:3000/css/font-awesome.css\" \"Mozilla/5.0 (X11; Linux x86_64) AppleWebKit/537.36 (KHTML, like Gecko) Chrome/101.0.4951.64 Safari/537.36\"\n"}
{"level":"info","message":"::1 - - [17/May/2022:09:56:29 +0000] \"GET /dashboard/add-post HTTP/1.1\" 304 - \"http://localhost:3000/dashboard\" \"Mozilla/5.0 (X11; Linux x86_64) AppleWebKit/537.36 (KHTML, like Gecko) Chrome/101.0.4951.64 Safari/537.36\"\n"}
{"level":"info","message":"::1 - - [17/May/2022:09:56:29 +0000] \"GET /css/bootstrap-rtl.css HTTP/1.1\" 304 - \"http://localhost:3000/dashboard/add-post\" \"Mozilla/5.0 (X11; Linux x86_64) AppleWebKit/537.36 (KHTML, like Gecko) Chrome/101.0.4951.64 Safari/537.36\"\n"}
{"level":"info","message":"::1 - - [17/May/2022:09:56:29 +0000] \"GET /css/font-awesome.css HTTP/1.1\" 304 - \"http://localhost:3000/dashboard/add-post\" \"Mozilla/5.0 (X11; Linux x86_64) AppleWebKit/537.36 (KHTML, like Gecko) Chrome/101.0.4951.64 Safari/537.36\"\n"}
{"level":"info","message":"::1 - - [17/May/2022:09:56:29 +0000] \"GET /css/dashboard.css HTTP/1.1\" 304 - \"http://localhost:3000/dashboard/add-post\" \"Mozilla/5.0 (X11; Linux x86_64) AppleWebKit/537.36 (KHTML, like Gecko) Chrome/101.0.4951.64 Safari/537.36\"\n"}
{"level":"info","message":"::1 - - [17/May/2022:09:56:29 +0000] \"GET /css/styles.css HTTP/1.1\" 304 - \"http://localhost:3000/dashboard/add-post\" \"Mozilla/5.0 (X11; Linux x86_64) AppleWebKit/537.36 (KHTML, like Gecko) Chrome/101.0.4951.64 Safari/537.36\"\n"}
{"level":"info","message":"::1 - - [17/May/2022:09:56:29 +0000] \"GET /js/jquery.slim.min.js HTTP/1.1\" 304 - \"http://localhost:3000/dashboard/add-post\" \"Mozilla/5.0 (X11; Linux x86_64) AppleWebKit/537.36 (KHTML, like Gecko) Chrome/101.0.4951.64 Safari/537.36\"\n"}
{"level":"info","message":"::1 - - [17/May/2022:09:56:29 +0000] \"GET /js/upload.js HTTP/1.1\" 304 - \"http://localhost:3000/dashboard/add-post\" \"Mozilla/5.0 (X11; Linux x86_64) AppleWebKit/537.36 (KHTML, like Gecko) Chrome/101.0.4951.64 Safari/537.36\"\n"}
{"level":"info","message":"::1 - - [17/May/2022:09:56:29 +0000] \"GET /js/bootstrap.bundle.min.js HTTP/1.1\" 304 - \"http://localhost:3000/dashboard/add-post\" \"Mozilla/5.0 (X11; Linux x86_64) AppleWebKit/537.36 (KHTML, like Gecko) Chrome/101.0.4951.64 Safari/537.36\"\n"}
{"level":"info","message":"::1 - - [17/May/2022:09:57:28 +0000] \"POST /dashboard/add-post HTTP/1.1\" 302 64 \"http://localhost:3000/dashboard/add-post\" \"Mozilla/5.0 (X11; Linux x86_64) AppleWebKit/537.36 (KHTML, like Gecko) Chrome/101.0.4951.64 Safari/537.36\"\n"}
{"level":"info","message":"::1 - - [17/May/2022:09:57:28 +0000] \"GET /dashboard HTTP/1.1\" 200 5949 \"http://localhost:3000/dashboard/add-post\" \"Mozilla/5.0 (X11; Linux x86_64) AppleWebKit/537.36 (KHTML, like Gecko) Chrome/101.0.4951.64 Safari/537.36\"\n"}
{"level":"info","message":"::1 - - [17/May/2022:09:57:28 +0000] \"GET /css/bootstrap-rtl.css HTTP/1.1\" 304 - \"http://localhost:3000/dashboard\" \"Mozilla/5.0 (X11; Linux x86_64) AppleWebKit/537.36 (KHTML, like Gecko) Chrome/101.0.4951.64 Safari/537.36\"\n"}
{"level":"info","message":"::1 - - [17/May/2022:09:57:28 +0000] \"GET /css/font-awesome.css HTTP/1.1\" 304 - \"http://localhost:3000/dashboard\" \"Mozilla/5.0 (X11; Linux x86_64) AppleWebKit/537.36 (KHTML, like Gecko) Chrome/101.0.4951.64 Safari/537.36\"\n"}
{"level":"info","message":"::1 - - [17/May/2022:09:57:28 +0000] \"GET /css/dashboard.css HTTP/1.1\" 304 - \"http://localhost:3000/dashboard\" \"Mozilla/5.0 (X11; Linux x86_64) AppleWebKit/537.36 (KHTML, like Gecko) Chrome/101.0.4951.64 Safari/537.36\"\n"}
{"level":"info","message":"::1 - - [17/May/2022:09:57:28 +0000] \"GET /css/styles.css HTTP/1.1\" 304 - \"http://localhost:3000/dashboard\" \"Mozilla/5.0 (X11; Linux x86_64) AppleWebKit/537.36 (KHTML, like Gecko) Chrome/101.0.4951.64 Safari/537.36\"\n"}
{"level":"info","message":"::1 - - [17/May/2022:09:57:28 +0000] \"GET /js/jquery.slim.min.js HTTP/1.1\" 304 - \"http://localhost:3000/dashboard\" \"Mozilla/5.0 (X11; Linux x86_64) AppleWebKit/537.36 (KHTML, like Gecko) Chrome/101.0.4951.64 Safari/537.36\"\n"}
{"level":"info","message":"::1 - - [17/May/2022:09:57:28 +0000] \"GET /js/bootstrap.bundle.min.js HTTP/1.1\" 304 - \"http://localhost:3000/dashboard\" \"Mozilla/5.0 (X11; Linux x86_64) AppleWebKit/537.36 (KHTML, like Gecko) Chrome/101.0.4951.64 Safari/537.36\"\n"}
{"level":"info","message":"::1 - - [17/May/2022:09:57:38 +0000] \"GET / HTTP/1.1\" 200 6086 \"-\" \"Mozilla/5.0 (X11; Linux x86_64) AppleWebKit/537.36 (KHTML, like Gecko) Chrome/101.0.4951.64 Safari/537.36\"\n"}
{"level":"info","message":"::1 - - [17/May/2022:09:57:38 +0000] \"GET /css/styles.css HTTP/1.1\" 304 - \"http://localhost:3000/\" \"Mozilla/5.0 (X11; Linux x86_64) AppleWebKit/537.36 (KHTML, like Gecko) Chrome/101.0.4951.64 Safari/537.36\"\n"}
{"level":"info","message":"::1 - - [17/May/2022:09:57:38 +0000] \"GET /css/bootstrap-rtl.css HTTP/1.1\" 304 - \"http://localhost:3000/\" \"Mozilla/5.0 (X11; Linux x86_64) AppleWebKit/537.36 (KHTML, like Gecko) Chrome/101.0.4951.64 Safari/537.36\"\n"}
{"level":"info","message":"::1 - - [17/May/2022:09:57:38 +0000] \"GET /css/font-awesome.css HTTP/1.1\" 304 - \"http://localhost:3000/\" \"Mozilla/5.0 (X11; Linux x86_64) AppleWebKit/537.36 (KHTML, like Gecko) Chrome/101.0.4951.64 Safari/537.36\"\n"}
{"level":"info","message":"::1 - - [17/May/2022:09:57:38 +0000] \"GET /js/jquery.slim.min.js HTTP/1.1\" 304 - \"http://localhost:3000/\" \"Mozilla/5.0 (X11; Linux x86_64) AppleWebKit/537.36 (KHTML, like Gecko) Chrome/101.0.4951.64 Safari/537.36\"\n"}
{"level":"info","message":"::1 - - [17/May/2022:09:57:38 +0000] \"GET /js/bootstrap.min.js HTTP/1.1\" 304 - \"http://localhost:3000/\" \"Mozilla/5.0 (X11; Linux x86_64) AppleWebKit/537.36 (KHTML, like Gecko) Chrome/101.0.4951.64 Safari/537.36\"\n"}
{"level":"info","message":"::1 - - [17/May/2022:09:57:38 +0000] \"GET /uploads/thumbnails/HWyrcXSaK_how-easy-is-it-to-learn-german.png HTTP/1.1\" 304 - \"http://localhost:3000/\" \"Mozilla/5.0 (X11; Linux x86_64) AppleWebKit/537.36 (KHTML, like Gecko) Chrome/101.0.4951.64 Safari/537.36\"\n"}
{"level":"info","message":"::1 - - [17/May/2022:09:57:38 +0000] \"GET /uploads/thumbnails/lYecezVHS_Germany+nature+The+Black+Forest+Schwarzwald.jpeg HTTP/1.1\" 200 136381 \"http://localhost:3000/\" \"Mozilla/5.0 (X11; Linux x86_64) AppleWebKit/537.36 (KHTML, like Gecko) Chrome/101.0.4951.64 Safari/537.36\"\n"}
{"level":"info","message":"::1 - - [17/May/2022:09:57:38 +0000] \"GET /uploads/thumbnails/ncep0ZsQs_german.jpeg HTTP/1.1\" 304 - \"http://localhost:3000/\" \"Mozilla/5.0 (X11; Linux x86_64) AppleWebKit/537.36 (KHTML, like Gecko) Chrome/101.0.4951.64 Safari/537.36\"\n"}
{"level":"info","message":"::1 - - [17/May/2022:09:57:38 +0000] \"GET /uploads/thumbnails/Pk1u6hini_index.jpeg HTTP/1.1\" 304 - \"http://localhost:3000/\" \"Mozilla/5.0 (X11; Linux x86_64) AppleWebKit/537.36 (KHTML, like Gecko) Chrome/101.0.4951.64 Safari/537.36\"\n"}
{"level":"info","message":"::1 - - [17/May/2022:09:57:38 +0000] \"GET /uploads/thumbnails/ HTTP/1.1\" 304 - \"http://localhost:3000/\" \"Mozilla/5.0 (X11; Linux x86_64) AppleWebKit/537.36 (KHTML, like Gecko) Chrome/101.0.4951.64 Safari/537.36\"\n"}
{"level":"info","message":"::1 - - [17/May/2022:09:57:38 +0000] \"GET /fonts/BYekan-webfont.woff HTTP/1.1\" 304 - \"http://localhost:3000/css/styles.css\" \"Mozilla/5.0 (X11; Linux x86_64) AppleWebKit/537.36 (KHTML, like Gecko) Chrome/101.0.4951.64 Safari/537.36\"\n"}
{"level":"info","message":"::1 - - [17/May/2022:09:57:56 +0000] \"POST /search HTTP/1.1\" 200 2825 \"http://localhost:3000/\" \"Mozilla/5.0 (X11; Linux x86_64) AppleWebKit/537.36 (KHTML, like Gecko) Chrome/101.0.4951.64 Safari/537.36\"\n"}
{"level":"info","message":"::1 - - [17/May/2022:09:57:56 +0000] \"GET /css/styles.css HTTP/1.1\" 304 - \"http://localhost:3000/search\" \"Mozilla/5.0 (X11; Linux x86_64) AppleWebKit/537.36 (KHTML, like Gecko) Chrome/101.0.4951.64 Safari/537.36\"\n"}
{"level":"info","message":"::1 - - [17/May/2022:09:57:56 +0000] \"GET /css/bootstrap-rtl.css HTTP/1.1\" 304 - \"http://localhost:3000/search\" \"Mozilla/5.0 (X11; Linux x86_64) AppleWebKit/537.36 (KHTML, like Gecko) Chrome/101.0.4951.64 Safari/537.36\"\n"}
{"level":"info","message":"::1 - - [17/May/2022:09:57:56 +0000] \"GET /css/font-awesome.css HTTP/1.1\" 304 - \"http://localhost:3000/search\" \"Mozilla/5.0 (X11; Linux x86_64) AppleWebKit/537.36 (KHTML, like Gecko) Chrome/101.0.4951.64 Safari/537.36\"\n"}
{"level":"info","message":"::1 - - [17/May/2022:09:57:56 +0000] \"GET /js/jquery.slim.min.js HTTP/1.1\" 304 - \"http://localhost:3000/search\" \"Mozilla/5.0 (X11; Linux x86_64) AppleWebKit/537.36 (KHTML, like Gecko) Chrome/101.0.4951.64 Safari/537.36\"\n"}
{"level":"info","message":"::1 - - [17/May/2022:09:57:56 +0000] \"GET /js/bootstrap.min.js HTTP/1.1\" 304 - \"http://localhost:3000/search\" \"Mozilla/5.0 (X11; Linux x86_64) AppleWebKit/537.36 (KHTML, like Gecko) Chrome/101.0.4951.64 Safari/537.36\"\n"}
{"level":"info","message":"::1 - - [17/May/2022:09:57:56 +0000] \"GET /fonts/BYekan-webfont.woff HTTP/1.1\" 304 - \"http://localhost:3000/css/styles.css\" \"Mozilla/5.0 (X11; Linux x86_64) AppleWebKit/537.36 (KHTML, like Gecko) Chrome/101.0.4951.64 Safari/537.36\"\n"}
{"level":"info","message":"::1 - - [17/May/2022:09:58:01 +0000] \"POST /search HTTP/1.1\" 200 2825 \"http://localhost:3000/\" \"Mozilla/5.0 (X11; Linux x86_64) AppleWebKit/537.36 (KHTML, like Gecko) Chrome/101.0.4951.64 Safari/537.36\"\n"}
{"level":"info","message":"::1 - - [17/May/2022:09:58:01 +0000] \"GET /css/bootstrap-rtl.css HTTP/1.1\" 304 - \"http://localhost:3000/search\" \"Mozilla/5.0 (X11; Linux x86_64) AppleWebKit/537.36 (KHTML, like Gecko) Chrome/101.0.4951.64 Safari/537.36\"\n"}
{"level":"info","message":"::1 - - [17/May/2022:09:58:01 +0000] \"GET /css/styles.css HTTP/1.1\" 304 - \"http://localhost:3000/search\" \"Mozilla/5.0 (X11; Linux x86_64) AppleWebKit/537.36 (KHTML, like Gecko) Chrome/101.0.4951.64 Safari/537.36\"\n"}
{"level":"info","message":"::1 - - [17/May/2022:09:58:01 +0000] \"GET /css/font-awesome.css HTTP/1.1\" 304 - \"http://localhost:3000/search\" \"Mozilla/5.0 (X11; Linux x86_64) AppleWebKit/537.36 (KHTML, like Gecko) Chrome/101.0.4951.64 Safari/537.36\"\n"}
{"level":"info","message":"::1 - - [17/May/2022:09:58:01 +0000] \"GET /js/jquery.slim.min.js HTTP/1.1\" 304 - \"http://localhost:3000/search\" \"Mozilla/5.0 (X11; Linux x86_64) AppleWebKit/537.36 (KHTML, like Gecko) Chrome/101.0.4951.64 Safari/537.36\"\n"}
{"level":"info","message":"::1 - - [17/May/2022:09:58:01 +0000] \"GET /js/bootstrap.min.js HTTP/1.1\" 304 - \"http://localhost:3000/search\" \"Mozilla/5.0 (X11; Linux x86_64) AppleWebKit/537.36 (KHTML, like Gecko) Chrome/101.0.4951.64 Safari/537.36\"\n"}
{"level":"info","message":"::1 - - [17/May/2022:09:58:04 +0000] \"POST /search HTTP/1.1\" 200 3286 \"http://localhost:3000/\" \"Mozilla/5.0 (X11; Linux x86_64) AppleWebKit/537.36 (KHTML, like Gecko) Chrome/101.0.4951.64 Safari/537.36\"\n"}
{"level":"info","message":"::1 - - [17/May/2022:09:58:04 +0000] \"GET /css/styles.css HTTP/1.1\" 304 - \"http://localhost:3000/search\" \"Mozilla/5.0 (X11; Linux x86_64) AppleWebKit/537.36 (KHTML, like Gecko) Chrome/101.0.4951.64 Safari/537.36\"\n"}
{"level":"info","message":"::1 - - [17/May/2022:09:58:04 +0000] \"GET /css/bootstrap-rtl.css HTTP/1.1\" 304 - \"http://localhost:3000/search\" \"Mozilla/5.0 (X11; Linux x86_64) AppleWebKit/537.36 (KHTML, like Gecko) Chrome/101.0.4951.64 Safari/537.36\"\n"}
{"level":"info","message":"::1 - - [17/May/2022:09:58:04 +0000] \"GET /css/font-awesome.css HTTP/1.1\" 304 - \"http://localhost:3000/search\" \"Mozilla/5.0 (X11; Linux x86_64) AppleWebKit/537.36 (KHTML, like Gecko) Chrome/101.0.4951.64 Safari/537.36\"\n"}
{"level":"info","message":"::1 - - [17/May/2022:09:58:04 +0000] \"GET /js/jquery.slim.min.js HTTP/1.1\" 304 - \"http://localhost:3000/search\" \"Mozilla/5.0 (X11; Linux x86_64) AppleWebKit/537.36 (KHTML, like Gecko) Chrome/101.0.4951.64 Safari/537.36\"\n"}
{"level":"info","message":"::1 - - [17/May/2022:09:58:05 +0000] \"GET /js/bootstrap.min.js HTTP/1.1\" 304 - \"http://localhost:3000/search\" \"Mozilla/5.0 (X11; Linux x86_64) AppleWebKit/537.36 (KHTML, like Gecko) Chrome/101.0.4951.64 Safari/537.36\"\n"}
{"level":"info","message":"::1 - - [17/May/2022:09:58:05 +0000] \"GET /uploads/thumbnails/lYecezVHS_Germany+nature+The+Black+Forest+Schwarzwald.jpeg HTTP/1.1\" 304 - \"http://localhost:3000/search\" \"Mozilla/5.0 (X11; Linux x86_64) AppleWebKit/537.36 (KHTML, like Gecko) Chrome/101.0.4951.64 Safari/537.36\"\n"}
{"date":"Tue May 17 2022 14:33:22 GMT+0430 (Iran Daylight Time)","error":{},"exception":true,"level":"error","message":"uncaughtException: Unexpected token ','\n/home/ahoora/Documents/courses/weblog-project/controllers/adminController.js:240\n            user: req.user._id,,\n                               ^\n\nSyntaxError: Unexpected token ','\n    at Object.compileFunction (node:vm:352:18)\n    at wrapSafe (node:internal/modules/cjs/loader:1027:15)\n    at Module._compile (node:internal/modules/cjs/loader:1063:27)\n    at Object.Module._extensions..js (node:internal/modules/cjs/loader:1153:10)\n    at Module.load (node:internal/modules/cjs/loader:975:32)\n    at Function.Module._load (node:internal/modules/cjs/loader:822:12)\n    at Module.require (node:internal/modules/cjs/loader:999:19)\n    at require (node:internal/modules/cjs/helpers:102:18)\n    at Object.<anonymous> (/home/ahoora/Documents/courses/weblog-project/routes/dashboard.js:4:25)\n    at Module._compile (node:internal/modules/cjs/loader:1099:14)\n    at Object.Module._extensions..js (node:internal/modules/cjs/loader:1153:10)\n    at Module.load (node:internal/modules/cjs/loader:975:32)\n    at Function.Module._load (node:internal/modules/cjs/loader:822:12)\n    at Module.require (node:internal/modules/cjs/loader:999:19)\n    at require (node:internal/modules/cjs/helpers:102:18)\n    at Object.<anonymous> (/home/ahoora/Documents/courses/weblog-project/app.js:73:23)","os":{"loadavg":[1.68,2.28,2.29],"uptime":12277.39},"process":{"argv":["/usr/bin/node","/home/ahoora/Documents/courses/weblog-project/app.js"],"cwd":"/home/ahoora/Documents/courses/weblog-project","execPath":"/usr/bin/node","gid":1000,"memoryUsage":{"arrayBuffers":19557744,"external":20636375,"heapTotal":58687488,"heapUsed":33727776,"rss":88412160},"pid":42426,"uid":1000,"version":"v17.9.0"},"stack":"/home/ahoora/Documents/courses/weblog-project/controllers/adminController.js:240\n            user: req.user._id,,\n                               ^\n\nSyntaxError: Unexpected token ','\n    at Object.compileFunction (node:vm:352:18)\n    at wrapSafe (node:internal/modules/cjs/loader:1027:15)\n    at Module._compile (node:internal/modules/cjs/loader:1063:27)\n    at Object.Module._extensions..js (node:internal/modules/cjs/loader:1153:10)\n    at Module.load (node:internal/modules/cjs/loader:975:32)\n    at Function.Module._load (node:internal/modules/cjs/loader:822:12)\n    at Module.require (node:internal/modules/cjs/loader:999:19)\n    at require (node:internal/modules/cjs/helpers:102:18)\n    at Object.<anonymous> (/home/ahoora/Documents/courses/weblog-project/routes/dashboard.js:4:25)\n    at Module._compile (node:internal/modules/cjs/loader:1099:14)\n    at Object.Module._extensions..js (node:internal/modules/cjs/loader:1153:10)\n    at Module.load (node:internal/modules/cjs/loader:975:32)\n    at Function.Module._load (node:internal/modules/cjs/loader:822:12)\n    at Module.require (node:internal/modules/cjs/loader:999:19)\n    at require (node:internal/modules/cjs/helpers:102:18)\n    at Object.<anonymous> (/home/ahoora/Documents/courses/weblog-project/app.js:73:23)","trace":[{"column":18,"file":"node:vm","function":"Object.compileFunction","line":352,"method":"compileFunction","native":false},{"column":15,"file":"node:internal/modules/cjs/loader","function":"wrapSafe","line":1027,"method":null,"native":false},{"column":27,"file":"node:internal/modules/cjs/loader","function":"Module._compile","line":1063,"method":"_compile","native":false},{"column":10,"file":"node:internal/modules/cjs/loader","function":"Module._extensions..js","line":1153,"method":".js","native":false},{"column":32,"file":"node:internal/modules/cjs/loader","function":"Module.load","line":975,"method":"load","native":false},{"column":12,"file":"node:internal/modules/cjs/loader","function":"Module._load","line":822,"method":"_load","native":false},{"column":19,"file":"node:internal/modules/cjs/loader","function":"Module.require","line":999,"method":"require","native":false},{"column":18,"file":"node:internal/modules/cjs/helpers","function":"require","line":102,"method":null,"native":false},{"column":25,"file":"/home/ahoora/Documents/courses/weblog-project/routes/dashboard.js","function":null,"line":4,"method":null,"native":false},{"column":14,"file":"node:internal/modules/cjs/loader","function":"Module._compile","line":1099,"method":"_compile","native":false},{"column":10,"file":"node:internal/modules/cjs/loader","function":"Module._extensions..js","line":1153,"method":".js","native":false},{"column":32,"file":"node:internal/modules/cjs/loader","function":"Module.load","line":975,"method":"load","native":false},{"column":12,"file":"node:internal/modules/cjs/loader","function":"Module._load","line":822,"method":"_load","native":false},{"column":19,"file":"node:internal/modules/cjs/loader","function":"Module.require","line":999,"method":"require","native":false},{"column":18,"file":"node:internal/modules/cjs/helpers","function":"require","line":102,"method":null,"native":false},{"column":23,"file":"/home/ahoora/Documents/courses/weblog-project/app.js","function":null,"line":73,"method":null,"native":false}]}
{"date":"Tue May 17 2022 14:34:13 GMT+0430 (Iran Daylight Time)","error":{},"exception":true,"level":"error","message":"uncaughtException: Unexpected token ','\n/home/ahoora/Documents/courses/weblog-project/controllers/adminController.js:240\n            user: req.user._id,,\n                               ^\n\nSyntaxError: Unexpected token ','\n    at Object.compileFunction (node:vm:352:18)\n    at wrapSafe (node:internal/modules/cjs/loader:1027:15)\n    at Module._compile (node:internal/modules/cjs/loader:1063:27)\n    at Object.Module._extensions..js (node:internal/modules/cjs/loader:1153:10)\n    at Module.load (node:internal/modules/cjs/loader:975:32)\n    at Function.Module._load (node:internal/modules/cjs/loader:822:12)\n    at Module.require (node:internal/modules/cjs/loader:999:19)\n    at require (node:internal/modules/cjs/helpers:102:18)\n    at Object.<anonymous> (/home/ahoora/Documents/courses/weblog-project/routes/dashboard.js:4:25)\n    at Module._compile (node:internal/modules/cjs/loader:1099:14)\n    at Object.Module._extensions..js (node:internal/modules/cjs/loader:1153:10)\n    at Module.load (node:internal/modules/cjs/loader:975:32)\n    at Function.Module._load (node:internal/modules/cjs/loader:822:12)\n    at Module.require (node:internal/modules/cjs/loader:999:19)\n    at require (node:internal/modules/cjs/helpers:102:18)\n    at Object.<anonymous> (/home/ahoora/Documents/courses/weblog-project/app.js:73:23)","os":{"loadavg":[1.56,2.16,2.25],"uptime":12328.55},"process":{"argv":["/usr/bin/node","/home/ahoora/Documents/courses/weblog-project/app.js"],"cwd":"/home/ahoora/Documents/courses/weblog-project","execPath":"/usr/bin/node","gid":1000,"memoryUsage":{"arrayBuffers":19557780,"external":20636411,"heapTotal":58687488,"heapUsed":33660960,"rss":88436736},"pid":42644,"uid":1000,"version":"v17.9.0"},"stack":"/home/ahoora/Documents/courses/weblog-project/controllers/adminController.js:240\n            user: req.user._id,,\n                               ^\n\nSyntaxError: Unexpected token ','\n    at Object.compileFunction (node:vm:352:18)\n    at wrapSafe (node:internal/modules/cjs/loader:1027:15)\n    at Module._compile (node:internal/modules/cjs/loader:1063:27)\n    at Object.Module._extensions..js (node:internal/modules/cjs/loader:1153:10)\n    at Module.load (node:internal/modules/cjs/loader:975:32)\n    at Function.Module._load (node:internal/modules/cjs/loader:822:12)\n    at Module.require (node:internal/modules/cjs/loader:999:19)\n    at require (node:internal/modules/cjs/helpers:102:18)\n    at Object.<anonymous> (/home/ahoora/Documents/courses/weblog-project/routes/dashboard.js:4:25)\n    at Module._compile (node:internal/modules/cjs/loader:1099:14)\n    at Object.Module._extensions..js (node:internal/modules/cjs/loader:1153:10)\n    at Module.load (node:internal/modules/cjs/loader:975:32)\n    at Function.Module._load (node:internal/modules/cjs/loader:822:12)\n    at Module.require (node:internal/modules/cjs/loader:999:19)\n    at require (node:internal/modules/cjs/helpers:102:18)\n    at Object.<anonymous> (/home/ahoora/Documents/courses/weblog-project/app.js:73:23)","trace":[{"column":18,"file":"node:vm","function":"Object.compileFunction","line":352,"method":"compileFunction","native":false},{"column":15,"file":"node:internal/modules/cjs/loader","function":"wrapSafe","line":1027,"method":null,"native":false},{"column":27,"file":"node:internal/modules/cjs/loader","function":"Module._compile","line":1063,"method":"_compile","native":false},{"column":10,"file":"node:internal/modules/cjs/loader","function":"Module._extensions..js","line":1153,"method":".js","native":false},{"column":32,"file":"node:internal/modules/cjs/loader","function":"Module.load","line":975,"method":"load","native":false},{"column":12,"file":"node:internal/modules/cjs/loader","function":"Module._load","line":822,"method":"_load","native":false},{"column":19,"file":"node:internal/modules/cjs/loader","function":"Module.require","line":999,"method":"require","native":false},{"column":18,"file":"node:internal/modules/cjs/helpers","function":"require","line":102,"method":null,"native":false},{"column":25,"file":"/home/ahoora/Documents/courses/weblog-project/routes/dashboard.js","function":null,"line":4,"method":null,"native":false},{"column":14,"file":"node:internal/modules/cjs/loader","function":"Module._compile","line":1099,"method":"_compile","native":false},{"column":10,"file":"node:internal/modules/cjs/loader","function":"Module._extensions..js","line":1153,"method":".js","native":false},{"column":32,"file":"node:internal/modules/cjs/loader","function":"Module.load","line":975,"method":"load","native":false},{"column":12,"file":"node:internal/modules/cjs/loader","function":"Module._load","line":822,"method":"_load","native":false},{"column":19,"file":"node:internal/modules/cjs/loader","function":"Module.require","line":999,"method":"require","native":false},{"column":18,"file":"node:internal/modules/cjs/helpers","function":"require","line":102,"method":null,"native":false},{"column":23,"file":"/home/ahoora/Documents/courses/weblog-project/app.js","function":null,"line":73,"method":null,"native":false}]}
{"date":"Tue May 17 2022 14:34:16 GMT+0430 (Iran Daylight Time)","error":{},"exception":true,"level":"error","message":"uncaughtException: Unexpected token '.'\n/home/ahoora/Documents/courses/weblog-project/controllers/adminController.js:247\n            .skip((page - 1) * postPerPage)\n            ^\n\nSyntaxError: Unexpected token '.'\n    at Object.compileFunction (node:vm:352:18)\n    at wrapSafe (node:internal/modules/cjs/loader:1027:15)\n    at Module._compile (node:internal/modules/cjs/loader:1063:27)\n    at Object.Module._extensions..js (node:internal/modules/cjs/loader:1153:10)\n    at Module.load (node:internal/modules/cjs/loader:975:32)\n    at Function.Module._load (node:internal/modules/cjs/loader:822:12)\n    at Module.require (node:internal/modules/cjs/loader:999:19)\n    at require (node:internal/modules/cjs/helpers:102:18)\n    at Object.<anonymous> (/home/ahoora/Documents/courses/weblog-project/routes/dashboard.js:4:25)\n    at Module._compile (node:internal/modules/cjs/loader:1099:14)\n    at Object.Module._extensions..js (node:internal/modules/cjs/loader:1153:10)\n    at Module.load (node:internal/modules/cjs/loader:975:32)\n    at Function.Module._load (node:internal/modules/cjs/loader:822:12)\n    at Module.require (node:internal/modules/cjs/loader:999:19)\n    at require (node:internal/modules/cjs/helpers:102:18)\n    at Object.<anonymous> (/home/ahoora/Documents/courses/weblog-project/app.js:73:23)","os":{"loadavg":[1.67,2.17,2.25],"uptime":12331.89},"process":{"argv":["/usr/bin/node","/home/ahoora/Documents/courses/weblog-project/app.js"],"cwd":"/home/ahoora/Documents/courses/weblog-project","execPath":"/usr/bin/node","gid":1000,"memoryUsage":{"arrayBuffers":19557779,"external":20636410,"heapTotal":58687488,"heapUsed":33823128,"rss":89477120},"pid":42701,"uid":1000,"version":"v17.9.0"},"stack":"/home/ahoora/Documents/courses/weblog-project/controllers/adminController.js:247\n            .skip((page - 1) * postPerPage)\n            ^\n\nSyntaxError: Unexpected token '.'\n    at Object.compileFunction (node:vm:352:18)\n    at wrapSafe (node:internal/modules/cjs/loader:1027:15)\n    at Module._compile (node:internal/modules/cjs/loader:1063:27)\n    at Object.Module._extensions..js (node:internal/modules/cjs/loader:1153:10)\n    at Module.load (node:internal/modules/cjs/loader:975:32)\n    at Function.Module._load (node:internal/modules/cjs/loader:822:12)\n    at Module.require (node:internal/modules/cjs/loader:999:19)\n    at require (node:internal/modules/cjs/helpers:102:18)\n    at Object.<anonymous> (/home/ahoora/Documents/courses/weblog-project/routes/dashboard.js:4:25)\n    at Module._compile (node:internal/modules/cjs/loader:1099:14)\n    at Object.Module._extensions..js (node:internal/modules/cjs/loader:1153:10)\n    at Module.load (node:internal/modules/cjs/loader:975:32)\n    at Function.Module._load (node:internal/modules/cjs/loader:822:12)\n    at Module.require (node:internal/modules/cjs/loader:999:19)\n    at require (node:internal/modules/cjs/helpers:102:18)\n    at Object.<anonymous> (/home/ahoora/Documents/courses/weblog-project/app.js:73:23)","trace":[{"column":18,"file":"node:vm","function":"Object.compileFunction","line":352,"method":"compileFunction","native":false},{"column":15,"file":"node:internal/modules/cjs/loader","function":"wrapSafe","line":1027,"method":null,"native":false},{"column":27,"file":"node:internal/modules/cjs/loader","function":"Module._compile","line":1063,"method":"_compile","native":false},{"column":10,"file":"node:internal/modules/cjs/loader","function":"Module._extensions..js","line":1153,"method":".js","native":false},{"column":32,"file":"node:internal/modules/cjs/loader","function":"Module.load","line":975,"method":"load","native":false},{"column":12,"file":"node:internal/modules/cjs/loader","function":"Module._load","line":822,"method":"_load","native":false},{"column":19,"file":"node:internal/modules/cjs/loader","function":"Module.require","line":999,"method":"require","native":false},{"column":18,"file":"node:internal/modules/cjs/helpers","function":"require","line":102,"method":null,"native":false},{"column":25,"file":"/home/ahoora/Documents/courses/weblog-project/routes/dashboard.js","function":null,"line":4,"method":null,"native":false},{"column":14,"file":"node:internal/modules/cjs/loader","function":"Module._compile","line":1099,"method":"_compile","native":false},{"column":10,"file":"node:internal/modules/cjs/loader","function":"Module._extensions..js","line":1153,"method":".js","native":false},{"column":32,"file":"node:internal/modules/cjs/loader","function":"Module.load","line":975,"method":"load","native":false},{"column":12,"file":"node:internal/modules/cjs/loader","function":"Module._load","line":822,"method":"_load","native":false},{"column":19,"file":"node:internal/modules/cjs/loader","function":"Module.require","line":999,"method":"require","native":false},{"column":18,"file":"node:internal/modules/cjs/helpers","function":"require","line":102,"method":null,"native":false},{"column":23,"file":"/home/ahoora/Documents/courses/weblog-project/app.js","function":null,"line":73,"method":null,"native":false}]}
{"date":"Tue May 17 2022 14:34:20 GMT+0430 (Iran Daylight Time)","error":{},"exception":true,"level":"error","message":"uncaughtException: Unexpected token '.'\n/home/ahoora/Documents/courses/weblog-project/controllers/adminController.js:247\n            .skip((page - 1) * postPerPage)\n            ^\n\nSyntaxError: Unexpected token '.'\n    at Object.compileFunction (node:vm:352:18)\n    at wrapSafe (node:internal/modules/cjs/loader:1027:15)\n    at Module._compile (node:internal/modules/cjs/loader:1063:27)\n    at Object.Module._extensions..js (node:internal/modules/cjs/loader:1153:10)\n    at Module.load (node:internal/modules/cjs/loader:975:32)\n    at Function.Module._load (node:internal/modules/cjs/loader:822:12)\n    at Module.require (node:internal/modules/cjs/loader:999:19)\n    at require (node:internal/modules/cjs/helpers:102:18)\n    at Object.<anonymous> (/home/ahoora/Documents/courses/weblog-project/routes/dashboard.js:4:25)\n    at Module._compile (node:internal/modules/cjs/loader:1099:14)\n    at Object.Module._extensions..js (node:internal/modules/cjs/loader:1153:10)\n    at Module.load (node:internal/modules/cjs/loader:975:32)\n    at Function.Module._load (node:internal/modules/cjs/loader:822:12)\n    at Module.require (node:internal/modules/cjs/loader:999:19)\n    at require (node:internal/modules/cjs/helpers:102:18)\n    at Object.<anonymous> (/home/ahoora/Documents/courses/weblog-project/app.js:73:23)","os":{"loadavg":[1.7,2.17,2.25],"uptime":12335.3},"process":{"argv":["/usr/bin/node","/home/ahoora/Documents/courses/weblog-project/app.js"],"cwd":"/home/ahoora/Documents/courses/weblog-project","execPath":"/usr/bin/node","gid":1000,"memoryUsage":{"arrayBuffers":19557779,"external":20636410,"heapTotal":58687488,"heapUsed":33874432,"rss":88997888},"pid":42745,"uid":1000,"version":"v17.9.0"},"stack":"/home/ahoora/Documents/courses/weblog-project/controllers/adminController.js:247\n            .skip((page - 1) * postPerPage)\n            ^\n\nSyntaxError: Unexpected token '.'\n    at Object.compileFunction (node:vm:352:18)\n    at wrapSafe (node:internal/modules/cjs/loader:1027:15)\n    at Module._compile (node:internal/modules/cjs/loader:1063:27)\n    at Object.Module._extensions..js (node:internal/modules/cjs/loader:1153:10)\n    at Module.load (node:internal/modules/cjs/loader:975:32)\n    at Function.Module._load (node:internal/modules/cjs/loader:822:12)\n    at Module.require (node:internal/modules/cjs/loader:999:19)\n    at require (node:internal/modules/cjs/helpers:102:18)\n    at Object.<anonymous> (/home/ahoora/Documents/courses/weblog-project/routes/dashboard.js:4:25)\n    at Module._compile (node:internal/modules/cjs/loader:1099:14)\n    at Object.Module._extensions..js (node:internal/modules/cjs/loader:1153:10)\n    at Module.load (node:internal/modules/cjs/loader:975:32)\n    at Function.Module._load (node:internal/modules/cjs/loader:822:12)\n    at Module.require (node:internal/modules/cjs/loader:999:19)\n    at require (node:internal/modules/cjs/helpers:102:18)\n    at Object.<anonymous> (/home/ahoora/Documents/courses/weblog-project/app.js:73:23)","trace":[{"column":18,"file":"node:vm","function":"Object.compileFunction","line":352,"method":"compileFunction","native":false},{"column":15,"file":"node:internal/modules/cjs/loader","function":"wrapSafe","line":1027,"method":null,"native":false},{"column":27,"file":"node:internal/modules/cjs/loader","function":"Module._compile","line":1063,"method":"_compile","native":false},{"column":10,"file":"node:internal/modules/cjs/loader","function":"Module._extensions..js","line":1153,"method":".js","native":false},{"column":32,"file":"node:internal/modules/cjs/loader","function":"Module.load","line":975,"method":"load","native":false},{"column":12,"file":"node:internal/modules/cjs/loader","function":"Module._load","line":822,"method":"_load","native":false},{"column":19,"file":"node:internal/modules/cjs/loader","function":"Module.require","line":999,"method":"require","native":false},{"column":18,"file":"node:internal/modules/cjs/helpers","function":"require","line":102,"method":null,"native":false},{"column":25,"file":"/home/ahoora/Documents/courses/weblog-project/routes/dashboard.js","function":null,"line":4,"method":null,"native":false},{"column":14,"file":"node:internal/modules/cjs/loader","function":"Module._compile","line":1099,"method":"_compile","native":false},{"column":10,"file":"node:internal/modules/cjs/loader","function":"Module._extensions..js","line":1153,"method":".js","native":false},{"column":32,"file":"node:internal/modules/cjs/loader","function":"Module.load","line":975,"method":"load","native":false},{"column":12,"file":"node:internal/modules/cjs/loader","function":"Module._load","line":822,"method":"_load","native":false},{"column":19,"file":"node:internal/modules/cjs/loader","function":"Module.require","line":999,"method":"require","native":false},{"column":18,"file":"node:internal/modules/cjs/helpers","function":"require","line":102,"method":null,"native":false},{"column":23,"file":"/home/ahoora/Documents/courses/weblog-project/app.js","function":null,"line":73,"method":null,"native":false}]}
{"level":"info","message":"::1 - - [17/May/2022:10:07:44 +0000] \"GET /dashboard HTTP/1.1\" 200 6071 \"http://localhost:3000/dashboard/add-post\" \"Mozilla/5.0 (X11; Linux x86_64) AppleWebKit/537.36 (KHTML, like Gecko) Chrome/101.0.4951.64 Safari/537.36\"\n"}
{"level":"info","message":"::1 - - [17/May/2022:10:07:44 +0000] \"GET /css/bootstrap-rtl.css HTTP/1.1\" 304 - \"http://localhost:3000/dashboard\" \"Mozilla/5.0 (X11; Linux x86_64) AppleWebKit/537.36 (KHTML, like Gecko) Chrome/101.0.4951.64 Safari/537.36\"\n"}
{"level":"info","message":"::1 - - [17/May/2022:10:07:44 +0000] \"GET /css/font-awesome.css HTTP/1.1\" 304 - \"http://localhost:3000/dashboard\" \"Mozilla/5.0 (X11; Linux x86_64) AppleWebKit/537.36 (KHTML, like Gecko) Chrome/101.0.4951.64 Safari/537.36\"\n"}
{"level":"info","message":"::1 - - [17/May/2022:10:07:44 +0000] \"GET /css/dashboard.css HTTP/1.1\" 304 - \"http://localhost:3000/dashboard\" \"Mozilla/5.0 (X11; Linux x86_64) AppleWebKit/537.36 (KHTML, like Gecko) Chrome/101.0.4951.64 Safari/537.36\"\n"}
{"level":"info","message":"::1 - - [17/May/2022:10:07:44 +0000] \"GET /css/styles.css HTTP/1.1\" 304 - \"http://localhost:3000/dashboard\" \"Mozilla/5.0 (X11; Linux x86_64) AppleWebKit/537.36 (KHTML, like Gecko) Chrome/101.0.4951.64 Safari/537.36\"\n"}
{"level":"info","message":"::1 - - [17/May/2022:10:07:44 +0000] \"GET /js/jquery.slim.min.js HTTP/1.1\" 304 - \"http://localhost:3000/dashboard\" \"Mozilla/5.0 (X11; Linux x86_64) AppleWebKit/537.36 (KHTML, like Gecko) Chrome/101.0.4951.64 Safari/537.36\"\n"}
{"level":"info","message":"::1 - - [17/May/2022:10:07:44 +0000] \"GET /js/bootstrap.bundle.min.js HTTP/1.1\" 304 - \"http://localhost:3000/dashboard\" \"Mozilla/5.0 (X11; Linux x86_64) AppleWebKit/537.36 (KHTML, like Gecko) Chrome/101.0.4951.64 Safari/537.36\"\n"}
{"level":"info","message":"::1 - - [17/May/2022:10:07:44 +0000] \"GET /fonts/BYekan-webfont.woff HTTP/1.1\" 304 - \"http://localhost:3000/css/styles.css\" \"Mozilla/5.0 (X11; Linux x86_64) AppleWebKit/537.36 (KHTML, like Gecko) Chrome/101.0.4951.64 Safari/537.36\"\n"}
{"level":"info","message":"::1 - - [17/May/2022:10:07:44 +0000] \"GET /fonts/fontawesome-webfont.woff2?v=4.7.0 HTTP/1.1\" 304 - \"http://localhost:3000/css/font-awesome.css\" \"Mozilla/5.0 (X11; Linux x86_64) AppleWebKit/537.36 (KHTML, like Gecko) Chrome/101.0.4951.64 Safari/537.36\"\n"}
{"level":"info","message":"::1 - - [17/May/2022:10:07:44 +0000] \"GET /favicon.ico HTTP/1.1\" 304 - \"http://localhost:3000/dashboard\" \"Mozilla/5.0 (X11; Linux x86_64) AppleWebKit/537.36 (KHTML, like Gecko) Chrome/101.0.4951.64 Safari/537.36\"\n"}
{"level":"info","message":"::1 - - [17/May/2022:10:07:53 +0000] \"GET /dashboard HTTP/1.1\" 304 - \"http://localhost:3000/dashboard/add-post\" \"Mozilla/5.0 (X11; Linux x86_64) AppleWebKit/537.36 (KHTML, like Gecko) Chrome/101.0.4951.64 Safari/537.36\"\n"}
{"level":"info","message":"::1 - - [17/May/2022:10:07:53 +0000] \"GET /css/bootstrap-rtl.css HTTP/1.1\" 304 - \"http://localhost:3000/dashboard\" \"Mozilla/5.0 (X11; Linux x86_64) AppleWebKit/537.36 (KHTML, like Gecko) Chrome/101.0.4951.64 Safari/537.36\"\n"}
{"level":"info","message":"::1 - - [17/May/2022:10:07:53 +0000] \"GET /css/font-awesome.css HTTP/1.1\" 304 - \"http://localhost:3000/dashboard\" \"Mozilla/5.0 (X11; Linux x86_64) AppleWebKit/537.36 (KHTML, like Gecko) Chrome/101.0.4951.64 Safari/537.36\"\n"}
{"level":"info","message":"::1 - - [17/May/2022:10:07:53 +0000] \"GET /css/dashboard.css HTTP/1.1\" 304 - \"http://localhost:3000/dashboard\" \"Mozilla/5.0 (X11; Linux x86_64) AppleWebKit/537.36 (KHTML, like Gecko) Chrome/101.0.4951.64 Safari/537.36\"\n"}
{"level":"info","message":"::1 - - [17/May/2022:10:07:53 +0000] \"GET /css/styles.css HTTP/1.1\" 304 - \"http://localhost:3000/dashboard\" \"Mozilla/5.0 (X11; Linux x86_64) AppleWebKit/537.36 (KHTML, like Gecko) Chrome/101.0.4951.64 Safari/537.36\"\n"}
{"level":"info","message":"::1 - - [17/May/2022:10:07:53 +0000] \"GET /js/jquery.slim.min.js HTTP/1.1\" 304 - \"http://localhost:3000/dashboard\" \"Mozilla/5.0 (X11; Linux x86_64) AppleWebKit/537.36 (KHTML, like Gecko) Chrome/101.0.4951.64 Safari/537.36\"\n"}
{"level":"info","message":"::1 - - [17/May/2022:10:07:53 +0000] \"GET /js/bootstrap.bundle.min.js HTTP/1.1\" 304 - \"http://localhost:3000/dashboard\" \"Mozilla/5.0 (X11; Linux x86_64) AppleWebKit/537.36 (KHTML, like Gecko) Chrome/101.0.4951.64 Safari/537.36\"\n"}
{"level":"info","message":"::1 - - [17/May/2022:10:07:53 +0000] \"GET /fonts/BYekan-webfont.woff HTTP/1.1\" 304 - \"http://localhost:3000/css/styles.css\" \"Mozilla/5.0 (X11; Linux x86_64) AppleWebKit/537.36 (KHTML, like Gecko) Chrome/101.0.4951.64 Safari/537.36\"\n"}
{"level":"info","message":"::1 - - [17/May/2022:10:07:53 +0000] \"GET /fonts/fontawesome-webfont.woff2?v=4.7.0 HTTP/1.1\" 304 - \"http://localhost:3000/css/font-awesome.css\" \"Mozilla/5.0 (X11; Linux x86_64) AppleWebKit/537.36 (KHTML, like Gecko) Chrome/101.0.4951.64 Safari/537.36\"\n"}
{"level":"info","message":"::1 - - [17/May/2022:10:07:53 +0000] \"GET /favicon.ico HTTP/1.1\" 304 - \"http://localhost:3000/dashboard\" \"Mozilla/5.0 (X11; Linux x86_64) AppleWebKit/537.36 (KHTML, like Gecko) Chrome/101.0.4951.64 Safari/537.36\"\n"}
{"level":"info","message":"::1 - - [17/May/2022:10:07:55 +0000] \"GET /dashboard HTTP/1.1\" 304 - \"http://localhost:3000/dashboard/add-post\" \"Mozilla/5.0 (X11; Linux x86_64) AppleWebKit/537.36 (KHTML, like Gecko) Chrome/101.0.4951.64 Safari/537.36\"\n"}
{"level":"info","message":"::1 - - [17/May/2022:10:07:55 +0000] \"GET /css/bootstrap-rtl.css HTTP/1.1\" 304 - \"http://localhost:3000/dashboard\" \"Mozilla/5.0 (X11; Linux x86_64) AppleWebKit/537.36 (KHTML, like Gecko) Chrome/101.0.4951.64 Safari/537.36\"\n"}
{"level":"info","message":"::1 - - [17/May/2022:10:07:55 +0000] \"GET /css/font-awesome.css HTTP/1.1\" 304 - \"http://localhost:3000/dashboard\" \"Mozilla/5.0 (X11; Linux x86_64) AppleWebKit/537.36 (KHTML, like Gecko) Chrome/101.0.4951.64 Safari/537.36\"\n"}
{"level":"info","message":"::1 - - [17/May/2022:10:07:55 +0000] \"GET /css/dashboard.css HTTP/1.1\" 304 - \"http://localhost:3000/dashboard\" \"Mozilla/5.0 (X11; Linux x86_64) AppleWebKit/537.36 (KHTML, like Gecko) Chrome/101.0.4951.64 Safari/537.36\"\n"}
{"level":"info","message":"::1 - - [17/May/2022:10:07:55 +0000] \"GET /js/jquery.slim.min.js HTTP/1.1\" 304 - \"http://localhost:3000/dashboard\" \"Mozilla/5.0 (X11; Linux x86_64) AppleWebKit/537.36 (KHTML, like Gecko) Chrome/101.0.4951.64 Safari/537.36\"\n"}
{"level":"info","message":"::1 - - [17/May/2022:10:07:55 +0000] \"GET /js/bootstrap.bundle.min.js HTTP/1.1\" 304 - \"http://localhost:3000/dashboard\" \"Mozilla/5.0 (X11; Linux x86_64) AppleWebKit/537.36 (KHTML, like Gecko) Chrome/101.0.4951.64 Safari/537.36\"\n"}
{"level":"info","message":"::1 - - [17/May/2022:10:07:55 +0000] \"GET /css/styles.css HTTP/1.1\" 304 - \"http://localhost:3000/dashboard\" \"Mozilla/5.0 (X11; Linux x86_64) AppleWebKit/537.36 (KHTML, like Gecko) Chrome/101.0.4951.64 Safari/537.36\"\n"}
{"level":"info","message":"::1 - - [17/May/2022:10:07:55 +0000] \"GET /favicon.ico HTTP/1.1\" 304 - \"http://localhost:3000/dashboard\" \"Mozilla/5.0 (X11; Linux x86_64) AppleWebKit/537.36 (KHTML, like Gecko) Chrome/101.0.4951.64 Safari/537.36\"\n"}
{"level":"info","message":"::1 - - [17/May/2022:10:08:03 +0000] \"POST /dashboard/search HTTP/1.1\" 200 6071 \"http://localhost:3000/dashboard\" \"Mozilla/5.0 (X11; Linux x86_64) AppleWebKit/537.36 (KHTML, like Gecko) Chrome/101.0.4951.64 Safari/537.36\"\n"}
{"level":"info","message":"::1 - - [17/May/2022:10:08:03 +0000] \"GET /css/bootstrap-rtl.css HTTP/1.1\" 304 - \"http://localhost:3000/dashboard/search\" \"Mozilla/5.0 (X11; Linux x86_64) AppleWebKit/537.36 (KHTML, like Gecko) Chrome/101.0.4951.64 Safari/537.36\"\n"}
{"level":"info","message":"::1 - - [17/May/2022:10:08:03 +0000] \"GET /css/font-awesome.css HTTP/1.1\" 304 - \"http://localhost:3000/dashboard/search\" \"Mozilla/5.0 (X11; Linux x86_64) AppleWebKit/537.36 (KHTML, like Gecko) Chrome/101.0.4951.64 Safari/537.36\"\n"}
{"level":"info","message":"::1 - - [17/May/2022:10:08:03 +0000] \"GET /css/dashboard.css HTTP/1.1\" 304 - \"http://localhost:3000/dashboard/search\" \"Mozilla/5.0 (X11; Linux x86_64) AppleWebKit/537.36 (KHTML, like Gecko) Chrome/101.0.4951.64 Safari/537.36\"\n"}
{"level":"info","message":"::1 - - [17/May/2022:10:08:03 +0000] \"GET /css/styles.css HTTP/1.1\" 304 - \"http://localhost:3000/dashboard/search\" \"Mozilla/5.0 (X11; Linux x86_64) AppleWebKit/537.36 (KHTML, like Gecko) Chrome/101.0.4951.64 Safari/537.36\"\n"}
{"level":"info","message":"::1 - - [17/May/2022:10:08:03 +0000] \"GET /js/jquery.slim.min.js HTTP/1.1\" 304 - \"http://localhost:3000/dashboard/search\" \"Mozilla/5.0 (X11; Linux x86_64) AppleWebKit/537.36 (KHTML, like Gecko) Chrome/101.0.4951.64 Safari/537.36\"\n"}
{"level":"info","message":"::1 - - [17/May/2022:10:08:03 +0000] \"GET /js/bootstrap.bundle.min.js HTTP/1.1\" 304 - \"http://localhost:3000/dashboard/search\" \"Mozilla/5.0 (X11; Linux x86_64) AppleWebKit/537.36 (KHTML, like Gecko) Chrome/101.0.4951.64 Safari/537.36\"\n"}
{"level":"info","message":"::1 - - [17/May/2022:10:08:13 +0000] \"POST /dashboard/search HTTP/1.1\" 200 4866 \"http://localhost:3000/dashboard/search\" \"Mozilla/5.0 (X11; Linux x86_64) AppleWebKit/537.36 (KHTML, like Gecko) Chrome/101.0.4951.64 Safari/537.36\"\n"}
{"level":"info","message":"::1 - - [17/May/2022:10:08:13 +0000] \"GET /css/bootstrap-rtl.css HTTP/1.1\" 304 - \"http://localhost:3000/dashboard/search\" \"Mozilla/5.0 (X11; Linux x86_64) AppleWebKit/537.36 (KHTML, like Gecko) Chrome/101.0.4951.64 Safari/537.36\"\n"}
{"level":"info","message":"::1 - - [17/May/2022:10:08:13 +0000] \"GET /css/font-awesome.css HTTP/1.1\" 304 - \"http://localhost:3000/dashboard/search\" \"Mozilla/5.0 (X11; Linux x86_64) AppleWebKit/537.36 (KHTML, like Gecko) Chrome/101.0.4951.64 Safari/537.36\"\n"}
{"level":"info","message":"::1 - - [17/May/2022:10:08:13 +0000] \"GET /css/dashboard.css HTTP/1.1\" 304 - \"http://localhost:3000/dashboard/search\" \"Mozilla/5.0 (X11; Linux x86_64) AppleWebKit/537.36 (KHTML, like Gecko) Chrome/101.0.4951.64 Safari/537.36\"\n"}
{"level":"info","message":"::1 - - [17/May/2022:10:08:13 +0000] \"GET /css/styles.css HTTP/1.1\" 304 - \"http://localhost:3000/dashboard/search\" \"Mozilla/5.0 (X11; Linux x86_64) AppleWebKit/537.36 (KHTML, like Gecko) Chrome/101.0.4951.64 Safari/537.36\"\n"}
{"level":"info","message":"::1 - - [17/May/2022:10:08:13 +0000] \"GET /js/jquery.slim.min.js HTTP/1.1\" 304 - \"http://localhost:3000/dashboard/search\" \"Mozilla/5.0 (X11; Linux x86_64) AppleWebKit/537.36 (KHTML, like Gecko) Chrome/101.0.4951.64 Safari/537.36\"\n"}
{"level":"info","message":"::1 - - [17/May/2022:10:08:13 +0000] \"GET /js/bootstrap.bundle.min.js HTTP/1.1\" 304 - \"http://localhost:3000/dashboard/search\" \"Mozilla/5.0 (X11; Linux x86_64) AppleWebKit/537.36 (KHTML, like Gecko) Chrome/101.0.4951.64 Safari/537.36\"\n"}
{"level":"info","message":"::1 - - [17/May/2022:10:08:25 +0000] \"GET /dashboard/add-post HTTP/1.1\" 200 7988 \"http://localhost:3000/dashboard\" \"Mozilla/5.0 (X11; Linux x86_64) AppleWebKit/537.36 (KHTML, like Gecko) Chrome/101.0.4951.64 Safari/537.36\"\n"}
